# AllTracks
#x y z Px Py Pz t PDGid EventID TrackID ParentID Weight Bx By Bz Ex Ey Ez
# Event -2 Track 1
0 0 0 0 0 200 0 -13 -2 1 0 1 0 0 0.418572 0 0 0 
0 0 0.0005 0 0 200 1.88625e-06 -13 -2 1 0 1 0 0 0.418573 0 0 0 
0 0 5.0005 0 0 200 0.0188644 -13 -2 1 0 1 0 0 0.425594 0 0 0 
0 0 10.0005 0 0 200 0.037727 -13 -2 1 0 1 0 0 0.4327 0 0 0 
0 0 15.0005 0 0 200 0.0565895 -13 -2 1 0 1 0 0 0.439915 0 0 0 
0 0 20.0005 0 0 200 0.0754521 -13 -2 1 0 1 0 0 0.447304 0 0 0 
0 0 25.0005 0 0 200 0.0943146 -13 -2 1 0 1 0 0 0.45478 0 0 0 
0 0 30.0005 0 0 200 0.113177 -13 -2 1 0 1 0 0 0.462395 0 0 0 
0 0 35.0005 0 0 200 0.13204 -13 -2 1 0 1 0 0 0.470163 0 0 0 
0 0 40.0005 0 0 200 0.150902 -13 -2 1 0 1 0 0 0.478023 0 0 0 
0 0 45.0005 0 0 200 0.169765 -13 -2 1 0 1 0 0 0.486052 0 0 0 
0 0 50.0005 0 0 200 0.188627 -13 -2 1 0 1 0 0 0.494214 0 0 0 
0 0 55.0005 0 0 200 0.20749 -13 -2 1 0 1 0 0 0.502468 0 0 0 
0 0 60.0005 0 0 200 0.226352 -13 -2 1 0 1 0 0 0.510925 0 0 0 
0 0 65.0005 0 0 200 0.245215 -13 -2 1 0 1 0 0 0.51949 0 0 0 
0 0 70.0005 0 0 200 0.264077 -13 -2 1 0 1 0 0 0.528164 0 0 0 
0 0 75.0005 0 0 200 0.28294 -13 -2 1 0 1 0 0 0.537045 0 0 0 
0 0 80.0005 0 0 200 0.301803 -13 -2 1 0 1 0 0 0.546023 0 0 0 
0 0 85.0005 0 0 200 0.320665 -13 -2 1 0 1 0 0 0.55514 0 0 0 
0 0 90.0005 0 0 200 0.339528 -13 -2 1 0 1 0 0 0.564439 0 0 0 
0 0 95.0005 0 0 200 0.35839 -13 -2 1 0 1 0 0 0.573836 0 0 0 
0 0 100.001 0 0 200 0.377253 -13 -2 1 0 1 0 0 0.583402 0 0 0 
0 0 105.001 0 0 200 0.396115 -13 -2 1 0 1 0 0 0.593124 0 0 0 
0 0 110.001 0 0 200 0.414978 -13 -2 1 0 1 0 0 0.602945 0 0 0 
0 0 115.001 0 0 200 0.43384 -13 -2 1 0 1 0 0 0.612965 0 0 0 
0 0 120.001 0 0 200 0.452703 -13 -2 1 0 1 0 0 0.623111 0 0 0 
0 0 125.001 0 0 200 0.471565 -13 -2 1 0 1 0 0 0.633357 0 0 0 
0 0 130 0 0 200 0.490428 -13 -2 1 0 1 0 0 0.643827 0 0 0 
0 0 135 0 0 200 0.509291 -13 -2 1 0 1 0 0 0.654396 0 0 0 
0 0 140 0 0 200 0.528153 -13 -2 1 0 1 0 0 0.66509 0 0 0 
0 0 145 0 0 200 0.547016 -13 -2 1 0 1 0 0 0.675978 0 0 0 
0 0 150 0 0 200 0.565878 -13 -2 1 0 1 0 0 0.686962 0 0 0 
0 0 155 0 0 200 0.584741 -13 -2 1 0 1 0 0 0.698096 0 0 0 
0 0 160 0 0 200 0.603603 -13 -2 1 0 1 0 0 0.70939 0 0 0 
0 0 165 0 0 200 0.622466 -13 -2 1 0 1 0 0 0.720776 0 0 0 
0 0 170 0 0 200 0.641328 -13 -2 1 0 1 0 0 0.732333 0 0 0 
0 0 175 0 0 200 0.660191 -13 -2 1 0 1 0 0 0.744016 0 0 0 
0 0 180 0 0 200 0.679053 -13 -2 1 0 1 0 0 0.755788 0 0 0 
0 0 185 0 0 200 0.697916 -13 -2 1 0 1 0 0 0.767742 0 0 0 
0 0 190 0 0 200 0.716779 -13 -2 1 0 1 0 0 0.779791 0 0 0 
0 0 195 0 0 200 0.735641 -13 -2 1 0 1 0 0 0.791933 0 0 0 
0 0 200 0 0 200 0.754504 -13 -2 1 0 1 0 0 0.804242 0 0 0 
0 0 205 0 0 200 0.773366 -13 -2 1 0 1 0 0 0.816624 0 0 0 
0 0 210 0 0 200 0.792229 -13 -2 1 0 1 0 0 0.829111 0 0 0 
0 0 215 0 0 200 0.811091 -13 -2 1 0 1 0 0 0.841723 0 0 0 
0 0 220 0 0 200 0.829954 -13 -2 1 0 1 0 0 0.8544 0 0 0 
0 0 225 0 0 200 0.848816 -13 -2 1 0 1 0 0 0.867183 0 0 0 
0 0 230 0 0 200 0.867679 -13 -2 1 0 1 0 0 0.880052 0 0 0 
0 0 235 0 0 200 0.886541 -13 -2 1 0 1 0 0 0.892975 0 0 0 
0 0 240 0 0 200 0.905404 -13 -2 1 0 1 0 0 0.905993 0 0 0 
0 0 245 0 0 200 0.924266 -13 -2 1 0 1 0 0 0.919062 0 0 0 
0 0 250 0 0 200 0.943129 -13 -2 1 0 1 0 0 0.932172 0 0 0 
0 0 255 0 0 200 0.961992 -13 -2 1 0 1 0 0 0.945354 0 0 0 
0 0 260 0 0 200 0.980854 -13 -2 1 0 1 0 0 0.958557 0 0 0 
0 0 265 0 0 200 0.999717 -13 -2 1 0 1 0 0 0.971789 0 0 0 
0 0 270 0 0 200 1.01858 -13 -2 1 0 1 0 0 0.985045 0 0 0 
0 0 275 0 0 200 1.03744 -13 -2 1 0 1 0 0 0.998306 0 0 0 
0 0 280 0 0 200 1.0563 -13 -2 1 0 1 0 0 1.01157 0 0 0 
0 0 285 0 0 200 1.07517 -13 -2 1 0 1 0 0 1.02481 0 0 0 
0 0 290 0 0 200 1.09403 -13 -2 1 0 1 0 0 1.03804 0 0 0 
0 0 295 0 0 200 1.11289 -13 -2 1 0 1 0 0 1.05123 0 0 0 
0 0 300 0 0 200 1.13175 -13 -2 1 0 1 0 0 1.06437 0 0 0 
0 0 305 0 0 200 1.15062 -13 -2 1 0 1 0 0 1.07748 0 0 0 
0 0 310 0 0 200 1.16948 -13 -2 1 0 1 0 0 1.09048 0 0 0 
0 0 315 0 0 200 1.18834 -13 -2 1 0 1 0 0 1.1034 0 0 0 
0 0 320 0 0 200 1.2072 -13 -2 1 0 1 0 0 1.11626 0 0 0 
0 0 325 0 0 200 1.22607 -13 -2 1 0 1 0 0 1.12895 0 0 0 
0 0 330 0 0 200 1.24493 -13 -2 1 0 1 0 0 1.14156 0 0 0 
0 0 335 0 0 200 1.26379 -13 -2 1 0 1 0 0 1.15403 0 0 0 
0 0 340 0 0 200 1.28265 -13 -2 1 0 1 0 0 1.1663 0 0 0 
0 0 345 0 0 200 1.30152 -13 -2 1 0 1 0 0 1.17846 0 0 0 
0 0 350 0 0 200 1.32038 -13 -2 1 0 1 0 0 1.1904 0 0 0 
0 0 355 0 0 200 1.33924 -13 -2 1 0 1 0 0 1.20213 0 0 0 
0 0 360 0 0 200 1.3581 -13 -2 1 0 1 0 0 1.21372 0 0 0 
0 0 365 0 0 200 1.37697 -13 -2 1 0 1 0 0 1.22499 0 0 0 
0 0 370 0 0 200 1.39583 -13 -2 1 0 1 0 0 1.23604 0 0 0 
0 0 375 0 0 200 1.41469 -13 -2 1 0 1 0 0 1.24692 0 0 0 
0 0 380 0 0 200 1.43356 -13 -2 1 0 1 0 0 1.25737 0 0 0 
0 0 385 0 0 200 1.45242 -13 -2 1 0 1 0 0 1.26762 0 0 0 
0 0 390 0 0 200 1.47128 -13 -2 1 0 1 0 0 1.27761 0 0 0 
0 0 395 0 0 200 1.49014 -13 -2 1 0 1 0 0 1.28715 0 0 0 
0 0 400 0 0 200 1.50901 -13 -2 1 0 1 0 0 1.29647 0 0 0 
0 0 405 0 0 200 1.52787 -13 -2 1 0 1 0 0 1.30541 0 0 0 
0 0 410 0 0 200 1.54673 -13 -2 1 0 1 0 0 1.31393 0 0 0 
0 0 415 0 0 200 1.56559 -13 -2 1 0 1 0 0 1.32218 0 0 0 
0 0 420 0 0 200 1.58446 -13 -2 1 0 1 0 0 1.32995 0 0 0 
0 0 425 0 0 200 1.60332 -13 -2 1 0 1 0 0 1.33732 0 0 0 
0 0 430 0 0 200 1.62218 -13 -2 1 0 1 0 0 1.34441 0 0 0 
0 0 435 0 0 200 1.64104 -13 -2 1 0 1 0 0 1.35087 0 0 0 
0 0 440 0 0 200 1.65991 -13 -2 1 0 1 0 0 1.35699 0 0 0 
0 0 445 0 0 200 1.67877 -13 -2 1 0 1 0 0 1.36276 0 0 0 
0 0 450 0 0 200 1.69763 -13 -2 1 0 1 0 0 1.36786 0 0 0 
0 0 455 0 0 200 1.71649 -13 -2 1 0 1 0 0 1.37263 0 0 0 
0 0 460 0 0 200 1.73536 -13 -2 1 0 1 0 0 1.37694 0 0 0 
0 0 465 0 0 200 1.75422 -13 -2 1 0 1 0 0 1.38064 0 0 0 
0 0 470 0 0 200 1.77308 -13 -2 1 0 1 0 0 1.384 0 0 0 
0 0 475 0 0 200 1.79194 -13 -2 1 0 1 0 0 1.38679 0 0 0 
0 0 480 0 0 200 1.81081 -13 -2 1 0 1 0 0 1.38903 0 0 0 
0 0 485 0 0 200 1.82967 -13 -2 1 0 1 0 0 1.39093 0 0 0 
0 0 490 0 0 200 1.84853 -13 -2 1 0 1 0 0 1.39213 0 0 0 
0 0 495 0 0 200 1.86739 -13 -2 1 0 1 0 0 1.39288 0 0 0 
0 0 500 0 0 200 1.88626 -13 -2 1 0 1 0 0 1.39328 0 0 0 
0 0 505 0 0 200 1.90512 -13 -2 1 0 1 0 0 1.39288 0 0 0 
0 0 510 0 0 200 1.92398 -13 -2 1 0 1 0 0 1.39213 0 0 0 
0 0 515 0 0 200 1.94284 -13 -2 1 0 1 0 0 1.39092 0 0 0 
0 0 520 0 0 200 1.96171 -13 -2 1 0 1 0 0 1.38903 0 0 0 
0 0 525 0 0 200 1.98057 -13 -2 1 0 1 0 0 1.38679 0 0 0 
0 0 530 0 0 200 1.99943 -13 -2 1 0 1 0 0 1.384 0 0 0 
0 0 535 0 0 200 2.01829 -13 -2 1 0 1 0 0 1.38064 0 0 0 
0 0 540 0 0 200 2.03716 -13 -2 1 0 1 0 0 1.37694 0 0 0 
0 0 545 0 0 200 2.05602 -13 -2 1 0 1 0 0 1.37263 0 0 0 
0 0 550 0 0 200 2.07488 -13 -2 1 0 1 0 0 1.36785 0 0 0 
0 0 555 0 0 200 2.09374 -13 -2 1 0 1 0 0 1.36276 0 0 0 
0 0 560 0 0 200 2.11261 -13 -2 1 0 1 0 0 1.35699 0 0 0 
0 0 565 0 0 200 2.13147 -13 -2 1 0 1 0 0 1.35087 0 0 0 
0 0 570 0 0 200 2.15033 -13 -2 1 0 1 0 0 1.34441 0 0 0 
0 0 575 0 0 200 2.16919 -13 -2 1 0 1 0 0 1.33732 0 0 0 
0 0 580 0 0 200 2.18806 -13 -2 1 0 1 0 0 1.32995 0 0 0 
0 0 585 0 0 200 2.20692 -13 -2 1 0 1 0 0 1.32218 0 0 0 
0 0 590 0 0 200 2.22578 -13 -2 1 0 1 0 0 1.31393 0 0 0 
0 0 595 0 0 200 2.24464 -13 -2 1 0 1 0 0 1.30541 0 0 0 
0 0 600 0 0 200 2.26351 -13 -2 1 0 1 0 0 1.29647 0 0 0 
0 0 605 0 0 200 2.28237 -13 -2 1 0 1 0 0 1.28715 0 0 0 
0 0 610 0 0 200 2.30123 -13 -2 1 0 1 0 0 1.27761 0 0 0 
0 0 615 0 0 200 2.32009 -13 -2 1 0 1 0 0 1.26762 0 0 0 
0 0 620 0 0 200 2.33896 -13 -2 1 0 1 0 0 1.25737 0 0 0 
0 0 625 0 0 200 2.35782 -13 -2 1 0 1 0 0 1.24692 0 0 0 
0 0 630 0 0 200 2.37668 -13 -2 1 0 1 0 0 1.23604 0 0 0 
0 0 635 0 0 200 2.39554 -13 -2 1 0 1 0 0 1.22499 0 0 0 
0 0 640 0 0 200 2.41441 -13 -2 1 0 1 0 0 1.21371 0 0 0 
0 0 645 0 0 200 2.43327 -13 -2 1 0 1 0 0 1.20213 0 0 0 
0 0 650 0 0 200 2.45213 -13 -2 1 0 1 0 0 1.1904 0 0 0 
0 0 655 0 0 200 2.471 -13 -2 1 0 1 0 0 1.17846 0 0 0 
0 0 660 0 0 200 2.48986 -13 -2 1 0 1 0 0 1.1663 0 0 0 
0 0 665 0 0 200 2.50872 -13 -2 1 0 1 0 0 1.15403 0 0 0 
0 0 670 0 0 200 2.52758 -13 -2 1 0 1 0 0 1.14155 0 0 0 
0 0 675 0 0 200 2.54645 -13 -2 1 0 1 0 0 1.12895 0 0 0 
0 0 680 0 0 200 2.56531 -13 -2 1 0 1 0 0 1.11626 0 0 0 
0 0 685 0 0 200 2.58417 -13 -2 1 0 1 0 0 1.1034 0 0 0 
0 0 690 0 0 200 2.60303 -13 -2 1 0 1 0 0 1.09047 0 0 0 
0 0 695 0 0 200 2.6219 -13 -2 1 0 1 0 0 1.07747 0 0 0 
0 0 700 0 0 200 2.64076 -13 -2 1 0 1 0 0 1.06437 0 0 0 
0 0 705 0 0 200 2.65962 -13 -2 1 0 1 0 0 1.05123 0 0 0 
0 0 710 0 0 200 2.67848 -13 -2 1 0 1 0 0 1.03804 0 0 0 
0 0 715 0 0 200 2.69735 -13 -2 1 0 1 0 0 1.02481 0 0 0 
0 0 720 0 0 200 2.71621 -13 -2 1 0 1 0 0 1.01157 0 0 0 
0 0 725 0 0 200 2.73507 -13 -2 1 0 1 0 0 0.998303 0 0 0 
0 0 730 0 0 200 2.75393 -13 -2 1 0 1 0 0 0.985043 0 0 0 
0 0 735 0 0 200 2.7728 -13 -2 1 0 1 0 0 0.971787 0 0 0 
0 0 740 0 0 200 2.79166 -13 -2 1 0 1 0 0 0.958555 0 0 0 
0 0 745 0 0 200 2.81052 -13 -2 1 0 1 0 0 0.945351 0 0 0 
0 0 750 0 0 200 2.82938 -13 -2 1 0 1 0 0 0.93217 0 0 0 
0 0 755 0 0 200 2.84825 -13 -2 1 0 1 0 0 0.91906 0 0 0 
0 0 760 0 0 200 2.86711 -13 -2 1 0 1 0 0 0.90599 0 0 0 
0 0 765 0 0 200 2.88597 -13 -2 1 0 1 0 0 0.892972 0 0 0 
0 0 770 0 0 200 2.90483 -13 -2 1 0 1 0 0 0.88005 0 0 0 
0 0 775 0 0 200 2.9237 -13 -2 1 0 1 0 0 0.86718 0 0 0 
0 0 780 0 0 200 2.94256 -13 -2 1 0 1 0 0 0.854398 0 0 0 
0 0 785 0 0 200 2.96142 -13 -2 1 0 1 0 0 0.841721 0 0 0 
0 0 790 0 0 200 2.98028 -13 -2 1 0 1 0 0 0.829108 0 0 0 
0 0 795 0 0 200 2.99915 -13 -2 1 0 1 0 0 0.816622 0 0 0 
0 0 800 0 0 200 3.01801 -13 -2 1 0 1 0 0 0.804239 0 0 0 
0 0 805 0 0 200 3.03687 -13 -2 1 0 1 0 0 0.791931 0 0 0 
0 0 810 0 0 200 3.05573 -13 -2 1 0 1 0 0 0.779788 0 0 0 
0 0 815 0 0 200 3.0746 -13 -2 1 0 1 0 0 0.76774 0 0 0 
0 0 820 0 0 200 3.09346 -13 -2 1 0 1 0 0 0.755785 0 0 0 
0 0 825 0 0 200 3.11232 -13 -2 1 0 1 0 0 0.744014 0 0 0 
0 0 830 0 0 200 3.13118 -13 -2 1 0 1 0 0 0.732331 0 0 0 
0 0 835 0 0 200 3.15005 -13 -2 1 0 1 0 0 0.720774 0 0 0 
0 0 840 0 0 200 3.16891 -13 -2 1 0 1 0 0 0.709387 0 0 0 
0 0 845 0 0 200 3.18777 -13 -2 1 0 1 0 0 0.698093 0 0 0 
0 0 850 0 0 200 3.20663 -13 -2 1 0 1 0 0 0.68696 0 0 0 
0 0 855 0 0 200 3.2255 -13 -2 1 0 1 0 0 0.675976 0 0 0 
0 0 860 0 0 200 3.24436 -13 -2 1 0 1 0 0 0.665088 0 0 0 
0 0 865 0 0 200 3.26322 -13 -2 1 0 1 0 0 0.654394 0 0 0 
0 0 870 0 0 200 3.28208 -13 -2 1 0 1 0 0 0.643825 0 0 0 
0 0 875 0 0 200 3.30095 -13 -2 1 0 1 0 0 0.633354 0 0 0 
0 0 880 0 0 200 3.31981 -13 -2 1 0 1 0 0 0.623109 0 0 0 
0 0 885 0 0 200 3.33867 -13 -2 1 0 1 0 0 0.612963 0 0 0 
0 0 890 0 0 200 3.35753 -13 -2 1 0 1 0 0 0.602943 0 0 0 
0 0 895 0 0 200 3.3764 -13 -2 1 0 1 0 0 0.593122 0 0 0 
0 0 900 0 0 200 3.39526 -13 -2 1 0 1 0 0 0.5834 0 0 0 
0 0 905 0 0 200 3.41412 -13 -2 1 0 1 0 0 0.573834 0 0 0 
0 0 910 0 0 200 3.43298 -13 -2 1 0 1 0 0 0.564437 0 0 0 
0 0 915 0 0 200 3.45185 -13 -2 1 0 1 0 0 0.555138 0 0 0 
0 0 920 0 0 200 3.47071 -13 -2 1 0 1 0 0 0.546021 0 0 0 
0 0 925 0 0 200 3.48957 -13 -2 1 0 1 0 0 0.537043 0 0 0 
0 0 930 0 0 200 3.50843 -13 -2 1 0 1 0 0 0.528162 0 0 0 
0 0 935 0 0 200 3.5273 -13 -2 1 0 1 0 0 0.519488 0 0 0 
0 0 940 0 0 200 3.54616 -13 -2 1 0 1 0 0 0.510923 0 0 0 
0 0 945 0 0 200 3.56502 -13 -2 1 0 1 0 0 0.502467 0 0 0 
0 0 950 0 0 200 3.58389 -13 -2 1 0 1 0 0 0.494212 0 0 0 
0 0 955 0 0 200 3.60275 -13 -2 1 0 1 0 0 0.48605 0 0 0 
0 0 960 0 0 200 3.62161 -13 -2 1 0 1 0 0 0.478021 0 0 0 
0 0 965 0 0 200 3.64047 -13 -2 1 0 1 0 0 0.470162 0 0 0 
0 0 970 0 0 200 3.65934 -13 -2 1 0 1 0 0 0.462393 0 0 0 
0 0 975 0 0 200 3.6782 -13 -2 1 0 1 0 0 0.454778 0 0 0 
0 0 980 0 0 200 3.69706 -13 -2 1 0 1 0 0 0.447302 0 0 0 
0 0 985 0 0 200 3.71592 -13 -2 1 0 1 0 0 0.439914 0 0 0 
0 0 990 0 0 200 3.73479 -13 -2 1 0 1 0 0 0.432699 0 0 0 
0 0 995 0 0 200 3.75365 -13 -2 1 0 1 0 0 0.425593 0 0 0 
0 0 1000 0 0 200 3.77251 -13 -2 1 0 1 0 0 0.418572 0 0 0 
0 0 1005 0 0 200 3.79137 -13 -2 1 0 1 0 0 0.411741 0 0 0 
0 0 1010 0 0 200 3.81024 -13 -2 1 0 1 0 0 0.404992 0 0 0 
0 0 1015 0 0 200 3.8291 -13 -2 1 0 1 0 0 0.398347 0 0 0 
0 0 1020 0 0 200 3.84796 -13 -2 1 0 1 0 0 0.391862 0 0 0 
0 0 1025 0 0 200 3.86682 -13 -2 1 0 1 0 0 0.385455 0 0 0 
0 0 1030 0 0 200 3.88569 -13 -2 1 0 1 0 0 0.37917 0 0 0 
0 0 1035 0 0 200 3.90455 -13 -2 1 0 1 0 0 0.373016 0 0 0 
0 0 1040 0 0 200 3.92341 -13 -2 1 0 1 0 0 0.366936 0 0 0 
0 0 1045 0 0 200 3.94227 -13 -2 1 0 1 0 0 0.360995 0 0 0 
0 0 1050 0 0 200 3.96114 -13 -2 1 0 1 0 0 0.355157 0 0 0 
0 0 1055 0 0 200 3.98 -13 -2 1 0 1 0 0 0.349391 0 0 0 
0 0 1060 0 0 200 3.99886 -13 -2 1 0 1 0 0 0.343776 0 0 0 
0 0 1065 0 0 200 4.01772 -13 -2 1 0 1 0 0 0.33824 0 0 0 
0 0 1070 0 0 200 4.03659 -13 -2 1 0 1 0 0 0.332782 0 0 0 
0 0 1075 0 0 200 4.05545 -13 -2 1 0 1 0 0 0.327468 0 0 0 
0 0 1080 0 0 200 4.07431 -13 -2 1 0 1 0 0 0.32222 0 0 0 
0 0 1085 0 0 200 4.09317 -13 -2 1 0 1 0 0 0.317064 0 0 0 
0 0 1090 0 0 200 4.11204 -13 -2 1 0 1 0 0 0.312027 0 0 0 
0 0 1095 0 0 200 4.1309 -13 -2 1 0 1 0 0 0.307051 0 0 0 
0 0 1100 0 0 200 4.14976 -13 -2 1 0 1 0 0 0.302182 0 0 0 
0 0 1105 0 0 200 4.16862 -13 -2 1 0 1 0 0 0.297407 0 0 0 
0 0 1110 0 0 200 4.18749 -13 -2 1 0 1 0 0 0.292692 0 0 0 
0 0 1115 0 0 200 4.20635 -13 -2 1 0 1 0 0 0.288093 0 0 0 
0 0 1120 0 0 200 4.22521 -13 -2 1 0 1 0 0 0.283567 0 0 0 
0 0 1125 0 0 200 4.24407 -13 -2 1 0 1 0 0 0.279098 0 0 0 
0 0 1130 0 0 200 4.26294 -13 -2 1 0 1 0 0 0.274755 0 0 0 
0 0 1135 0 0 200 4.2818 -13 -2 1 0 1 0 0 0.270466 0 0 0 
0 0 1140 0 0 200 4.30066 -13 -2 1 0 1 0 0 0.266246 0 0 0 
0 0 1145 0 0 200 4.31952 -13 -2 1 0 1 0 0 0.262129 0 0 0 
0 0 1150 0 0 200 4.33839 -13 -2 1 0 1 0 0 0.258064 0 0 0 
0 0 1155 0 0 200 4.35725 -13 -2 1 0 1 0 0 0.254077 0 0 0 
0 0 1160 0 0 200 4.37611 -13 -2 1 0 1 0 0 0.250175 0 0 0 
0 0 1165 0 0 200 4.39497 -13 -2 1 0 1 0 0 0.246322 0 0 0 
0 0 1170 0 0 200 4.41384 -13 -2 1 0 1 0 0 0.242557 0 0 0 
0 0 1175 0 0 200 4.4327 -13 -2 1 0 1 0 0 0.238858 0 0 0 
0 0 1180 0 0 200 4.45156 -13 -2 1 0 1 0 0 0.235204 0 0 0 
0 0 1185 0 0 200 4.47042 -13 -2 1 0 1 0 0 0.231647 0 0 0 
0 0 1190 0 0 200 4.48929 -13 -2 1 0 1 0 0 0.22814 0 0 0 
0 0 1195 0 0 200 4.50815 -13 -2 1 0 1 0 0 0.224683 0 0 0 
0 0 1200 0 0 200 4.52701 -13 -2 1 0 1 0 0 0.221315 0 0 0 
0 0 1205 0 0 200 4.54587 -13 -2 1 0 1 0 0 0.21799 0 0 0 
0 0 1210 0 0 200 4.56474 -13 -2 1 0 1 0 0 0.214722 0 0 0 
0 0 1215 0 0 200 4.5836 -13 -2 1 0 1 0 0 0.211529 0 0 0 
0 0 1220 0 0 200 4.60246 -13 -2 1 0 1 0 0 0.208374 0 0 0 
0 0 1225 0 0 200 4.62132 -13 -2 1 0 1 0 0 0.205286 0 0 0 
0 0 1230 0 0 200 4.64019 -13 -2 1 0 1 0 0 0.202256 0 0 0 
0 0 1235 0 0 200 4.65905 -13 -2 1 0 1 0 0 0.199263 0 0 0 
0 0 1240 0 0 200 4.67791 -13 -2 1 0 1 0 0 0.196343 0 0 0 
0 0 1245 0 0 200 4.69678 -13 -2 1 0 1 0 0 0.193468 0 0 0 
0 0 1250 0 0 200 4.71564 -13 -2 1 0 1 0 0 0.190629 0 0 0 
0 0 1255 0 0 200 4.7345 -13 -2 1 0 1 0 0 0.187867 0 0 0 
0 0 1260 0 0 200 4.75336 -13 -2 1 0 1 0 0 0.185138 0 0 0 
0 0 1265 0 0 200 4.77223 -13 -2 1 0 1 0 0 0.182452 0 0 0 
0 0 1270 0 0 200 4.79109 -13 -2 1 0 1 0 0 0.17983 0 0 0 
0 0 1275 0 0 200 4.80995 -13 -2 1 0 1 0 0 0.177239 0 0 0 
0 0 1280 0 0 200 4.82881 -13 -2 1 0 1 0 0 0.174698 0 0 0 
0 0 1285 0 0 200 4.84768 -13 -2 1 0 1 0 0 0.172208 0 0 0 
0 0 1290 0 0 200 4.86654 -13 -2 1 0 1 0 0 0.169747 0 0 0 
0 0 1295 0 0 200 4.8854 -13 -2 1 0 1 0 0 0.167342 0 0 0 
0 0 1300 0 0 200 4.90426 -13 -2 1 0 1 0 0 0.164976 0 0 0 
0 0 1305 0 0 200 4.92313 -13 -2 1 0 1 0 0 0.162639 0 0 0 
0 0 1310 0 0 200 4.94199 -13 -2 1 0 1 0 0 0.160361 0 0 0 
0 0 1315 0 0 200 4.96085 -13 -2 1 0 1 0 0 0.158113 0 0 0 
0 0 1320 0 0 200 4.97971 -13 -2 1 0 1 0 0 0.155896 0 0 0 
0 0 1325 0 0 200 4.99858 -13 -2 1 0 1 0 0 0.153735 0 0 0 
0 0 1330 0 0 200 5.01744 -13 -2 1 0 1 0 0 0.151598 0 0 0 
0 0 1335 0 0 200 5.0363 -13 -2 1 0 1 0 0 0.149498 0 0 0 
0 0 1340 0 0 200 5.05516 -13 -2 1 0 1 0 0 0.147442 0 0 0 
0 0 1345 0 0 200 5.07403 -13 -2 1 0 1 0 0 0.145411 0 0 0 
0 0 1350 0 0 200 5.09289 -13 -2 1 0 1 0 0 0.14342 0 0 0 
0 0 1355 0 0 200 5.11175 -13 -2 1 0 1 0 0 0.141465 0 0 0 
0 0 1360 0 0 200 5.13061 -13 -2 1 0 1 0 0 0.139533 0 0 0 
0 0 1365 0 0 200 5.14948 -13 -2 1 0 1 0 0 0.137645 0 0 0 
0 0 1370 0 0 200 5.16834 -13 -2 1 0 1 0 0 0.135785 0 0 0 
0 0 1375 0 0 200 5.1872 -13 -2 1 0 1 0 0 0.133946 0 0 0 
0 0 1380 0 0 200 5.20606 -13 -2 1 0 1 0 0 0.132156 0 0 0 
0 0 1385 0 0 200 5.22493 -13 -2 1 0 1 0 0 0.130385 0 0 0 
0 0 1390 0 0 200 5.24379 -13 -2 1 0 1 0 0 0.128641 0 0 0 
0 0 1395 0 0 200 5.26265 -13 -2 1 0 1 0 0 0.126936 0 0 0 
0 0 1400 0 0 200 5.28151 -13 -2 1 0 1 0 0 0.12525 0 0 0 
0 0 1405 0 0 200 5.30038 -13 -2 1 0 1 0 0 0.123595 0 0 0 
0 0 1410 0 0 200 5.31924 -13 -2 1 0 1 0 0 0.121971 0 0 0 
0 0 1415 0 0 200 5.3381 -13 -2 1 0 1 0 0 0.120365 0 0 0 
0 0 1420 0 0 200 5.35696 -13 -2 1 0 1 0 0 0.118793 0 0 0 
0 0 1425 0 0 200 5.37583 -13 -2 1 0 1 0 0 0.117246 0 0 0 
0 0 1430 0 0 200 5.39469 -13 -2 1 0 1 0 0 0.115716 0 0 0 
0 0 1435 0 0 200 5.41355 -13 -2 1 0 1 0 0 0.114222 0 0 0 
0 0 1440 0 0 200 5.43241 -13 -2 1 0 1 0 0 0.112748 0 0 0 
0 0 1445 0 0 200 5.45128 -13 -2 1 0 1 0 0 0.111292 0 0 0 
0 0 1450 0 0 200 5.47014 -13 -2 1 0 1 0 0 0.10987 0 0 0 
0 0 1455 0 0 200 5.489 -13 -2 1 0 1 0 0 0.108464 0 0 0 
0 0 1460 0 0 200 5.50786 -13 -2 1 0 1 0 0 0.10708 0 0 0 
0 0 1465 0 0 200 5.52673 -13 -2 1 0 1 0 0 0.105724 0 0 0 
0 0 1470 0 0 200 5.54559 -13 -2 1 0 1 0 0 0.104383 0 0 0 
0 0 1475 0 0 200 5.56445 -13 -2 1 0 1 0 0 0.103067 0 0 0 
0 0 1480 0 0 200 5.58331 -13 -2 1 0 1 0 0 0.101773 0 0 0 
0 0 1485 0 0 200 5.60218 -13 -2 1 0 1 0 0 0.100494 0 0 0 
0 0 1490 0 0 200 5.62104 -13 -2 1 0 1 0 0 0.0992415 0 0 0 
0 0 1495 0 0 200 5.6399 -13 -2 1 0 1 0 0 0.0980067 0 0 0 
0 0 1500 0 0 200 5.65876 -13 -2 1 0 1 0 0 0.0967852 0 0 0 
0 0 1505 0 0 200 5.67763 -13 -2 1 0 1 0 0 0.0955934 0 0 0 
0 0 1510 0 0 200 5.69649 -13 -2 1 0 1 0 0 0.0944143 0 0 0 
0 0 1515 0 0 200 5.71535 -13 -2 1 0 1 0 0 0.0932515 0 0 0 
0 0 1520 0 0 200 5.73421 -13 -2 1 0 1 0 0 0.0921132 0 0 0 
0 0 1525 0 0 200 5.75308 -13 -2 1 0 1 0 0 0.090987 0 0 0 
0 0 1530 0 0 200 5.77194 -13 -2 1 0 1 0 0 0.0898795 0 0 0 
0 0 1535 0 0 200 5.7908 -13 -2 1 0 1 0 0 0.0887918 0 0 0 
0 0 1540 0 0 200 5.80967 -13 -2 1 0 1 0 0 0.0877157 0 0 0 
0 0 1545 0 0 200 5.82853 -13 -2 1 0 1 0 0 0.0866604 0 0 0 
0 0 1550 0 0 200 5.84739 -13 -2 1 0 1 0 0 0.0856208 0 0 0 
0 0 1555 0 0 200 5.86625 -13 -2 1 0 1 0 0 0.0845922 0 0 0 
0 0 1560 0 0 200 5.88512 -13 -2 1 0 1 0 0 0.0835863 0 0 0 
0 0 1565 0 0 200 5.90398 -13 -2 1 0 1 0 0 0.0825923 0 0 0 
0 0 1570 0 0 200 5.92284 -13 -2 1 0 1 0 0 0.08161 0 0 0 
0 0 1575 0 0 200 5.9417 -13 -2 1 0 1 0 0 0.0806494 0 0 0 
0 0 1580 0 0 200 5.96057 -13 -2 1 0 1 0 0 0.0796986 0 0 0 
0 0 1585 0 0 200 5.97943 -13 -2 1 0 1 0 0 0.0787617 0 0 0 
0 0 1590 0 0 200 5.99829 -13 -2 1 0 1 0 0 0.0778426 0 0 0 
0 0 1595 0 0 200 6.01715 -13 -2 1 0 1 0 0 0.0769328 0 0 0 
0 0 1600 0 0 200 6.03602 -13 -2 1 0 1 0 0 0.0760388 0 0 0 
0 0 1605 0 0 200 6.05488 -13 -2 1 0 1 0 0 0.075159 0 0 0 
0 0 1610 0 0 200 6.07374 -13 -2 1 0 1 0 0 0.0742881 0 0 0 
0 0 1615 0 0 200 6.0926 -13 -2 1 0 1 0 0 0.0734348 0 0 0 
0 0 1620 0 0 200 6.11147 -13 -2 1 0 1 0 0 0.0725924 0 0 0 
0 0 1625 0 0 200 6.13033 -13 -2 1 0 1 0 0 0.0717585 0 0 0 
0 0 1630 0 0 200 6.14919 -13 -2 1 0 1 0 0 0.0709435 0 0 0 
0 0 1635 0 0 200 6.16805 -13 -2 1 0 1 0 0 0.0701366 0 0 0 
0 0 1640 0 0 200 6.18692 -13 -2 1 0 1 0 0 0.0693401 0 0 0 
0 0 1645 0 0 200 6.20578 -13 -2 1 0 1 0 0 0.0685592 0 0 0 
0 0 1650 0 0 200 6.22464 -13 -2 1 0 1 0 0 0.0677861 0 0 0 
0 0 1655 0 0 200 6.2435 -13 -2 1 0 1 0 0 0.0670249 0 0 0 
0 0 1660 0 0 200 6.26237 -13 -2 1 0 1 0 0 0.0662765 0 0 0 
0 0 1665 0 0 200 6.28123 -13 -2 1 0 1 0 0 0.0655354 0 0 0 
0 0 1670 0 0 200 6.30009 -13 -2 1 0 1 0 0 0.0648078 0 0 0 
0 0 1675 0 0 200 6.31895 -13 -2 1 0 1 0 0 0.0640902 0 0 0 
0 0 1680 0 0 200 6.33782 -13 -2 1 0 1 0 0 0.0633796 0 0 0 
0 0 1685 0 0 200 6.35668 -13 -2 1 0 1 0 0 0.0626838 0 0 0 
0 0 1690 0 0 200 6.37554 -13 -2 1 0 1 0 0 0.0619955 0 0 0 
0 0 1695 0 0 200 6.3944 -13 -2 1 0 1 0 0 0.0613149 0 0 0 
0 0 1700 0 0 200 6.41327 -13 -2 1 0 1 0 0 0.0606482 0 0 0 
0 0 1705 0 0 200 6.43213 -13 -2 1 0 1 0 0 0.0599879 0 0 0 
0 0 1710 0 0 200 6.45099 -13 -2 1 0 1 0 0 0.0593366 0 0 0 
0 0 1715 0 0 200 6.46985 -13 -2 1 0 1 0 0 0.0586968 0 0 0 
0 0 1720 0 0 200 6.48872 -13 -2 1 0 1 0 0 0.058063 0 0 0 
0 0 1725 0 0 200 6.50758 -13 -2 1 0 1 0 0 0.0574396 0 0 0 
0 0 1730 0 0 200 6.52644 -13 -2 1 0 1 0 0 0.0568253 0 0 0 
0 0 1735 0 0 200 6.5453 -13 -2 1 0 1 0 0 0.0562169 0 0 0 
0 0 1740 0 0 200 6.56417 -13 -2 1 0 1 0 0 0.0556198 0 0 0 
0 0 1745 0 0 200 6.58303 -13 -2 1 0 1 0 0 0.0550299 0 0 0 
0 0 1750 0 0 200 6.60189 -13 -2 1 0 1 0 0 0.0544455 0 0 0 
0 0 1755 0 0 200 6.62075 -13 -2 1 0 1 0 0 0.0538736 0 0 0 
0 0 1760 0 0 200 6.63962 -13 -2 1 0 1 0 0 0.0533068 0 0 0 
0 0 1765 0 0 200 6.65848 -13 -2 1 0 1 0 0 0.0527469 0 0 0 
0 0 1770 0 0 200 6.67734 -13 -2 1 0 1 0 0 0.0521973 0 0 0 
0 0 1775 0 0 200 6.6962 -13 -2 1 0 1 0 0 0.0516527 0 0 0 
0 0 1780 0 0 200 6.71507 -13 -2 1 0 1 0 0 0.051116 0 0 0 
0 0 1785 0 0 200 6.73393 -13 -2 1 0 1 0 0 0.0505876 0 0 0 
0 0 1790 0 0 200 6.75279 -13 -2 1 0 1 0 0 0.0500641 0 0 0 
0 0 1795 0 0 200 6.77165 -13 -2 1 0 1 0 0 0.0495495 0 0 0 
0 0 1800 0 0 200 6.79052 -13 -2 1 0 1 0 0 0.0490415 0 0 0 
0 0 1805 0 0 200 6.80938 -13 -2 1 0 1 0 0 0.0485381 0 0 0 
0 0 1810 0 0 200 6.82824 -13 -2 1 0 1 0 0 0.0480444 0 0 0 
0 0 1815 0 0 200 6.8471 -13 -2 1 0 1 0 0 0.0475558 0 0 0 
0 0 1820 0 0 200 6.86597 -13 -2 1 0 1 0 0 0.0470722 0 0 0 
0 0 1825 0 0 200 6.88483 -13 -2 1 0 1 0 0 0.0465978 0 0 0 
0 0 1830 0 0 200 6.90369 -13 -2 1 0 1 0 0 0.0461277 0 0 0 
0 0 1835 0 0 200 6.92256 -13 -2 1 0 1 0 0 0.0456636 0 0 0 
0 0 1840 0 0 200 6.94142 -13 -2 1 0 1 0 0 0.0452071 0 0 0 
0 0 1845 0 0 200 6.96028 -13 -2 1 0 1 0 0 0.0447546 0 0 0 
0 0 1850 0 0 200 6.97914 -13 -2 1 0 1 0 0 0.044309 0 0 0 
0 0 1855 0 0 200 6.99801 -13 -2 1 0 1 0 0 0.0438695 0 0 0 
0 0 1860 0 0 200 7.01687 -13 -2 1 0 1 0 0 0.0434339 0 0 0 
0 0 1865 0 0 200 7.03573 -13 -2 1 0 1 0 0 0.043006 0 0 0 
0 0 1870 0 0 200 7.05459 -13 -2 1 0 1 0 0 0.0425828 0 0 0 
0 0 1875 0 0 200 7.07346 -13 -2 1 0 1 0 0 0.0421633 0 0 0 
0 0 1880 0 0 200 7.09232 -13 -2 1 0 1 0 0 0.0417521 0 0 0 
0 0 1885 0 0 200 7.11118 -13 -2 1 0 1 0 0 0.0413444 0 0 0 
0 0 1890 0 0 200 7.13004 -13 -2 1 0 1 0 0 0.0409414 0 0 0 
0 0 1895 0 0 200 7.14891 -13 -2 1 0 1 0 0 0.0405452 0 0 0 
0 0 1900 0 0 200 7.16777 -13 -2 1 0 1 0 0 0.0401524 0 0 0 
0 0 1905 0 0 200 7.18663 -13 -2 1 0 1 0 0 0.0397649 0 0 0 
0 0 1910 0 0 200 7.20549 -13 -2 1 0 1 0 0 0.0393831 0 0 0 
0 0 1915 0 0 200 7.22436 -13 -2 1 0 1 0 0 0.0390045 0 0 0 
0 0 1920 0 0 200 7.24322 -13 -2 1 0 1 0 0 0.038632 0 0 0 
0 0 1925 0 0 200 7.26208 -13 -2 1 0 1 0 0 0.0382639 0 0 0 
0 0 1930 0 0 200 7.28094 -13 -2 1 0 1 0 0 0.0378989 0 0 0 
0 0 1935 0 0 200 7.29981 -13 -2 1 0 1 0 0 0.0375405 0 0 0 
0 0 1940 0 0 200 7.31867 -13 -2 1 0 1 0 0 0.0371855 0 0 0 
0 0 1945 0 0 200 7.33753 -13 -2 1 0 1 0 0 0.036834 0 0 0 
0 0 1950 0 0 200 7.35639 -13 -2 1 0 1 0 0 0.0364887 0 0 0 
0 0 1955 0 0 200 7.37526 -13 -2 1 0 1 0 0 0.0361464 0 0 0 
0 0 1960 0 0 200 7.39412 -13 -2 1 0 1 0 0 0.0358081 0 0 0 
0 0 1965 0 0 200 7.41298 -13 -2 1 0 1 0 0 0.0354749 0 0 0 
0 0 1970 0 0 200 7.43184 -13 -2 1 0 1 0 0 0.0351446 0 0 0 
0 0 1975 0 0 200 7.45071 -13 -2 1 0 1 0 0 0.0348189 0 0 0 
0 0 1980 0 0 200 7.46957 -13 -2 1 0 1 0 0 0.0344974 0 0 0 
0 0 1985 0 0 200 7.48843 -13 -2 1 0 1 0 0 0.0341786 0 0 0 
0 0 1990 0 0 200 7.50729 -13 -2 1 0 1 0 0 0.033865 0 0 0 
0 0 1995 0 0 200 7.52616 -13 -2 1 0 1 0 0 0.0335547 0 0 0 
0 0 2000 0 0 200 7.54502 -13 -2 1 0 1 0 0 0.0332469 0 0 0 
0 0 2005 0 0 200 7.56388 -13 -2 1 0 1 0 0 0.0329448 0 0 0 
0 0 2010 0 0 200 7.58274 -13 -2 1 0 1 0 0 0.0326452 0 0 0 
0 0 2015 0 0 200 7.60161 -13 -2 1 0 1 0 0 0.0323486 0 0 0 
0 0 2020 0 0 200 7.62047 -13 -2 1 0 1 0 0 0.0320569 0 0 0 
0 0 2025 0 0 200 7.63933 -13 -2 1 0 1 0 0 0.0317675 0 0 0 
0 0 2030 0 0 200 7.65819 -13 -2 1 0 1 0 0 0.0314817 0 0 0 
0 0 2035 0 0 200 7.67706 -13 -2 1 0 1 0 0 0.0311998 0 0 0 
0 0 2040 0 0 200 7.69592 -13 -2 1 0 1 0 0 0.0309202 0 0 0 
0 0 2045 0 0 200 7.71478 -13 -2 1 0 1 0 0 0.0306448 0 0 0 
0 0 2050 0 0 200 7.73364 -13 -2 1 0 1 0 0 0.0303724 0 0 0 
0 0 2055 0 0 200 7.75251 -13 -2 1 0 1 0 0 0.0301022 0 0 0 
0 0 2060 0 0 200 7.77137 -13 -2 1 0 1 0 0 0.0298366 0 0 0 
0 0 2065 0 0 200 7.79023 -13 -2 1 0 1 0 0 0.0295733 0 0 0 
0 0 2070 0 0 200 7.80909 -13 -2 1 0 1 0 0 0.0293124 0 0 0 
0 0 2075 0 0 200 7.82796 -13 -2 1 0 1 0 0 0.0290559 0 0 0 
0 0 2080 0 0 200 7.84682 -13 -2 1 0 1 0 0 0.0288014 0 0 0 
0 0 2085 0 0 200 7.86568 -13 -2 1 0 1 0 0 0.0285498 0 0 0 
0 0 2090 0 0 200 7.88454 -13 -2 1 0 1 0 0 0.0283017 0 0 0 
0 0 2095 0 0 200 7.90341 -13 -2 1 0 1 0 0 0.0280556 0 0 0 
0 0 2100 0 0 200 7.92227 -13 -2 1 0 1 0 0 0.0278128 0 0 0 
0 0 2105 0 0 200 7.94113 -13 -2 1 0 1 0 0 0.0275728 0 0 0 
0 0 2110 0 0 200 7.96 -13 -2 1 0 1 0 0 0.0273348 0 0 0 
0 0 2115 0 0 200 7.97886 -13 -2 1 0 1 0 0 0.0271004 0 0 0 
0 0 2120 0 0 200 7.99772 -13 -2 1 0 1 0 0 0.0268683 0 0 0 
0 0 2125 0 0 200 8.01658 -13 -2 1 0 1 0 0 0.0266379 0 0 0 
0 0 2130 0 0 200 8.03545 -13 -2 1 0 1 0 0 0.0264116 0 0 0 
0 0 2135 0 0 200 8.05431 -13 -2 1 0 1 0 0 0.026187 0 0 0 
0 0 2140 0 0 200 8.07317 -13 -2 1 0 1 0 0 0.0259646 0 0 0 
0 0 2145 0 0 200 8.09203 -13 -2 1 0 1 0 0 0.0257455 0 0 0 
0 0 2150 0 0 200 8.1109 -13 -2 1 0 1 0 0 0.0255281 0 0 0 
0 0 2155 0 0 200 8.12976 -13 -2 1 0 1 0 0 0.0253133 0 0 0 
0 0 2160 0 0 200 8.14862 -13 -2 1 0 1 0 0 0.0251012 0 0 0 
0 0 2165 0 0 200 8.16748 -13 -2 1 0 1 0 0 0.0248907 0 0 0 
0 0 2170 0 0 200 8.18635 -13 -2 1 0 1 0 0 0.0246832 0 0 0 
0 0 2175 0 0 200 8.20521 -13 -2 1 0 1 0 0 0.0244778 0 0 0 
0 0 2180 0 0 200 8.22407 -13 -2 1 0 1 0 0 0.024274 0 0 0 
0 0 2185 0 0 200 8.24293 -13 -2 1 0 1 0 0 0.0240734 0 0 0 
0 0 2190 0 0 200 8.2618 -13 -2 1 0 1 0 0 0.0238745 0 0 0 
0 0 2195 0 0 200 8.28066 -13 -2 1 0 1 0 0 0.0236773 0 0 0 
0 0 2200 0 0 200 8.29952 -13 -2 1 0 1 0 0 0.0234832 0 0 0 
0 0 2205 0 0 200 8.31838 -13 -2 1 0 1 0 0 0.0232905 0 0 0 
0 0 2210 0 0 200 8.33725 -13 -2 1 0 1 0 0 0.0230998 0 0 0 
0 0 2215 0 0 200 8.35611 -13 -2 1 0 1 0 0 0.0229117 0 0 0 
0 0 2220 0 0 200 8.37497 -13 -2 1 0 1 0 0 0.022725 0 0 0 
0 0 2225 0 0 200 8.39383 -13 -2 1 0 1 0 0 0.0225406 0 0 0 
0 0 2230 0 0 200 8.4127 -13 -2 1 0 1 0 0 0.0223583 0 0 0 
0 0 2235 0 0 200 8.43156 -13 -2 1 0 1 0 0 0.0221773 0 0 0 
0 0 2240 0 0 200 8.45042 -13 -2 1 0 1 0 0 0.021999 0 0 0 
0 0 2245 0 0 200 8.46928 -13 -2 1 0 1 0 0 0.0218223 0 0 0 
0 0 2250 0 0 200 8.48815 -13 -2 1 0 1 0 0 0.0216468 0 0 0 
0 0 2255 0 0 200 8.50701 -13 -2 1 0 1 0 0 0.0214743 0 0 0 
0 0 2260 0 0 200 8.52587 -13 -2 1 0 1 0 0 0.0213029 0 0 0 
0 0 2265 0 0 200 8.54473 -13 -2 1 0 1 0 0 0.0211331 0 0 0 
0 0 2270 0 0 200 8.5636 -13 -2 1 0 1 0 0 0.0209658 0 0 0 
0 0 2275 0 0 200 8.58246 -13 -2 1 0 1 0 0 0.0207996 0 0 0 
0 0 2280 0 0 200 8.60132 -13 -2 1 0 1 0 0 0.0206353 0 0 0 
0 0 2285 0 0 200 8.62018 -13 -2 1 0 1 0 0 0.020473 0 0 0 
0 0 2290 0 0 200 8.63905 -13 -2 1 0 1 0 0 0.0203118 0 0 0 
0 0 2295 0 0 200 8.65791 -13 -2 1 0 1 0 0 0.0201527 0 0 0 
0 0 2300 0 0 200 8.67677 -13 -2 1 0 1 0 0 0.0199952 0 0 0 
0 0 2305 0 0 200 8.69563 -13 -2 1 0 1 0 0 0.0198389 0 0 0 
0 0 2310 0 0 200 8.7145 -13 -2 1 0 1 0 0 0.0196848 0 0 0 
0 0 2315 0 0 200 8.73336 -13 -2 1 0 1 0 0 0.019532 0 0 0 
0 0 2320 0 0 200 8.75222 -13 -2 1 0 1 0 0 0.0193804 0 0 0 
0 0 2325 0 0 200 8.77108 -13 -2 1 0 1 0 0 0.019231 0 0 0 
0 0 2330 0 0 200 8.78995 -13 -2 1 0 1 0 0 0.0190827 0 0 0 
0 0 2335 0 0 200 8.80881 -13 -2 1 0 1 0 0 0.0189359 0 0 0 
0 0 2340 0 0 200 8.82767 -13 -2 1 0 1 0 0 0.0187909 0 0 0 
0 0 2345 0 0 200 8.84653 -13 -2 1 0 1 0 0 0.0186469 0 0 0 
0 0 2350 0 0 200 8.8654 -13 -2 1 0 1 0 0 0.0185046 0 0 0 
0 0 2355 0 0 200 8.88426 -13 -2 1 0 1 0 0 0.0183638 0 0 0 
0 0 2360 0 0 200 8.90312 -13 -2 1 0 1 0 0 0.018224 0 0 0 
0 0 2365 0 0 200 8.92198 -13 -2 1 0 1 0 0 0.0180861 0 0 0 
0 0 2370 0 0 200 8.94085 -13 -2 1 0 1 0 0 0.0179494 0 0 0 
0 0 2375 0 0 200 8.95971 -13 -2 1 0 1 0 0 0.0178136 0 0 0 
0 0 2380 0 0 200 8.97857 -13 -2 1 0 1 0 0 0.01768 0 0 0 
0 0 2385 0 0 200 8.99743 -13 -2 1 0 1 0 0 0.0175472 0 0 0 
0 0 2390 0 0 200 9.0163 -13 -2 1 0 1 0 0 0.0174156 0 0 0 
0 0 2395 0 0 200 9.03516 -13 -2 1 0 1 0 0 0.0172857 0 0 0 
0 0 2400 0 0 200 9.05402 -13 -2 1 0 1 0 0 0.0171567 0 0 0 
0 0 2405 0 0 200 9.07289 -13 -2 1 0 1 0 0 0.0170291 0 0 0 
0 0 2410 0 0 200 9.09175 -13 -2 1 0 1 0 0 0.0169029 0 0 0 
0 0 2415 0 0 200 9.11061 -13 -2 1 0 1 0 0 0.0167775 0 0 0 
0 0 2420 0 0 200 9.12947 -13 -2 1 0 1 0 0 0.0166537 0 0 0 
0 0 2425 0 0 200 9.14834 -13 -2 1 0 1 0 0 0.0165311 0 0 0 
0 0 2430 0 0 200 9.1672 -13 -2 1 0 1 0 0 0.0164093 0 0 0 
0 0 2435 0 0 200 9.18606 -13 -2 1 0 1 0 0 0.0162892 0 0 0 
0 0 2440 0 0 200 9.20492 -13 -2 1 0 1 0 0 0.01617 0 0 0 
0 0 2445 0 0 200 9.22379 -13 -2 1 0 1 0 0 0.0160517 0 0 0 
0 0 2450 0 0 200 9.24265 -13 -2 1 0 1 0 0 0.0159351 0 0 0 
0 0 2455 0 0 200 9.26151 -13 -2 1 0 1 0 0 0.0158192 0 0 0 
0 0 2460 0 0 200 9.28037 -13 -2 1 0 1 0 0 0.0157044 0 0 0 
0 0 2465 0 0 200 9.29924 -13 -2 1 0 1 0 0 0.015591 0 0 0 
0 0 2470 0 0 200 9.3181 -13 -2 1 0 1 0 0 0.0154783 0 0 0 
0 0 2475 0 0 200 9.33696 -13 -2 1 0 1 0 0 0.0153669 0 0 0 
0 0 2480 0 0 200 9.35582 -13 -2 1 0 1 0 0 0.0152566 0 0 0 
0 0 2485 0 0 200 9.37469 -13 -2 1 0 1 0 0 0.015147 0 0 0 
0 0 2490 0 0 200 9.39355 -13 -2 1 0 1 0 0 0.0150388 0 0 0 
0 0 2495 0 0 200 9.41241 -13 -2 1 0 1 0 0 0.0149316 0 0 0 
0 0 2500 0 0 200 9.43127 -13 -2 1 0 1 0 0 0.014825 0 0 0 
0 0 2505 0 0 200 9.45014 -13 -2 1 0 1 0 0 0.0147199 0 0 0 
0 0 2510 0 0 200 9.469 -13 -2 1 0 1 0 0 0.0146156 0 0 0 
0 0 2515 0 0 200 9.48786 -13 -2 1 0 1 0 0 0.014512 0 0 0 
0 0 2520 0 0 200 9.50672 -13 -2 1 0 1 0 0 0.0144098 0 0 0 
0 0 2525 0 0 200 9.52559 -13 -2 1 0 1 0 0 0.0143083 0 0 0 
0 0 2530 0 0 200 9.54445 -13 -2 1 0 1 0 0 0.0142078 0 0 0 
0 0 2535 0 0 200 9.56331 -13 -2 1 0 1 0 0 0.0141083 0 0 0 
0 0 2540 0 0 200 9.58217 -13 -2 1 0 1 0 0 0.0140095 0 0 0 
0 0 2545 0 0 200 9.60104 -13 -2 1 0 1 0 0 0.0139118 0 0 0 
0 0 2550 0 0 200 9.6199 -13 -2 1 0 1 0 0 0.013815 0 0 0 
0 0 2555 0 0 200 9.63876 -13 -2 1 0 1 0 0 0.0137188 0 0 0 
0 0 2560 0 0 200 9.65762 -13 -2 1 0 1 0 0 0.0136239 0 0 0 
0 0 2565 0 0 200 9.67649 -13 -2 1 0 1 0 0 0.0135296 0 0 0 
0 0 2570 0 0 200 9.69535 -13 -2 1 0 1 0 0 0.0134361 0 0 0 
0 0 2575 0 0 200 9.71421 -13 -2 1 0 1 0 0 0.0133438 0 0 0 
0 0 2580 0 0 200 9.73307 -13 -2 1 0 1 0 0 0.013252 0 0 0 
0 0 2585 0 0 200 9.75194 -13 -2 1 0 1 0 0 0.0131611 0 0 0 
0 0 2590 0 0 200 9.7708 -13 -2 1 0 1 0 0 0.0130712 0 0 0 
0 0 2595 0 0 200 9.78966 -13 -2 1 0 1 0 0 0.0129818 0 0 0 
0 0 2600 0 0 200 9.80852 -13 -2 1 0 1 0 0 0.0128934 0 0 0 
0 0 2605 0 0 200 9.82739 -13 -2 1 0 1 0 0 0.0128058 0 0 0 
0 0 2610 0 0 200 9.84625 -13 -2 1 0 1 0 0 0.0127188 0 0 0 
0 0 2615 0 0 200 9.86511 -13 -2 1 0 1 0 0 0.0126328 0 0 0 
0 0 2620 0 0 200 9.88397 -13 -2 1 0 1 0 0 0.0125476 0 0 0 
0 0 2625 0 0 200 9.90284 -13 -2 1 0 1 0 0 0.0124628 0 0 0 
0 0 2630 0 0 200 9.9217 -13 -2 1 0 1 0 0 0.0123792 0 0 0 
0 0 2635 0 0 200 9.94056 -13 -2 1 0 1 0 0 0.0122961 0 0 0 
0 0 2640 0 0 200 9.95942 -13 -2 1 0 1 0 0 0.0122136 0 0 0 
0 0 2645 0 0 200 9.97829 -13 -2 1 0 1 0 0 0.0121322 0 0 0 
0 0 2650 0 0 200 9.99715 -13 -2 1 0 1 0 0 0.0120512 0 0 0 
0 0 2655 0 0 200 10.016 -13 -2 1 0 1 0 0 0.011971 0 0 0 
0 0 2660 0 0 200 10.0349 -13 -2 1 0 1 0 0 0.0118916 0 0 0 
0 0 2665 0 0 200 10.0537 -13 -2 1 0 1 0 0 0.0118127 0 0 0 
0 0 2670 0 0 200 10.0726 -13 -2 1 0 1 0 0 0.0117347 0 0 0 
0 0 2675 0 0 200 10.0915 -13 -2 1 0 1 0 0 0.0116573 0 0 0 
0 0 2680 0 0 200 10.1103 -13 -2 1 0 1 0 0 0.0115804 0 0 0 
0 0 2685 0 0 200 10.1292 -13 -2 1 0 1 0 0 0.0115045 0 0 0 
0 0 2690 0 0 200 10.148 -13 -2 1 0 1 0 0 0.011429 0 0 0 
0 0 2695 0 0 200 10.1669 -13 -2 1 0 1 0 0 0.0113541 0 0 0 
0 0 2700 0 0 200 10.1858 -13 -2 1 0 1 0 0 0.0112801 0 0 0 
0 0 2705 0 0 200 10.2046 -13 -2 1 0 1 0 0 0.0112066 0 0 0 
0 0 2710 0 0 200 10.2235 -13 -2 1 0 1 0 0 0.0111337 0 0 0 
0 0 2715 0 0 200 10.2424 -13 -2 1 0 1 0 0 0.0110616 0 0 0 
0 0 2720 0 0 200 10.2612 -13 -2 1 0 1 0 0 0.0109899 0 0 0 
0 0 2725 0 0 200 10.2801 -13 -2 1 0 1 0 0 0.0109189 0 0 0 
0 0 2730 0 0 200 10.299 -13 -2 1 0 1 0 0 0.0108485 0 0 0 
0 0 2735 0 0 200 10.3178 -13 -2 1 0 1 0 0 0.0107786 0 0 0 
0 0 2740 0 0 200 10.3367 -13 -2 1 0 1 0 0 0.0107095 0 0 0 
0 0 2745 0 0 200 10.3555 -13 -2 1 0 1 0 0 0.0106409 0 0 0 
0 0 2750 0 0 200 10.3744 -13 -2 1 0 1 0 0 0.0105726 0 0 0 
0 0 2755 0 0 200 10.3933 -13 -2 1 0 1 0 0 0.0105053 0 0 0 
0 0 2760 0 0 200 10.4121 -13 -2 1 0 1 0 0 0.0104384 0 0 0 
0 0 2765 0 0 200 10.431 -13 -2 1 0 1 0 0 0.010372 0 0 0 
0 0 2770 0 0 200 10.4499 -13 -2 1 0 1 0 0 0.0103063 0 0 0 
0 0 2775 0 0 200 10.4687 -13 -2 1 0 1 0 0 0.010241 0 0 0 
0 0 2780 0 0 200 10.4876 -13 -2 1 0 1 0 0 0.0101763 0 0 0 
0 0 2785 0 0 200 10.5064 -13 -2 1 0 1 0 0 0.0101122 0 0 0 
0 0 2790 0 0 200 10.5253 -13 -2 1 0 1 0 0 0.0100484 0 0 0 
0 0 2795 0 0 200 10.5442 -13 -2 1 0 1 0 0 0.0099854 0 0 0 
0 0 2800 0 0 200 10.563 -13 -2 1 0 1 0 0 0.00992285 0 0 0 
0 0 2805 0 0 200 10.5819 -13 -2 1 0 1 0 0 0.00986067 0 0 0 
0 0 2810 0 0 200 10.6008 -13 -2 1 0 1 0 0 0.00979923 0 0 0 
0 0 2815 0 0 200 10.6196 -13 -2 1 0 1 0 0 0.00973818 0 0 0 
0 0 2820 0 0 200 10.6385 -13 -2 1 0 1 0 0 0.00967753 0 0 0 
0 0 2825 0 0 200 10.6573 -13 -2 1 0 1 0 0 0.00961761 0 0 0 
0 0 2830 0 0 200 10.6762 -13 -2 1 0 1 0 0 0.00955802 0 0 0 
0 0 2835 0 0 200 10.6951 -13 -2 1 0 1 0 0 0.0094989 0 0 0 
0 0 2840 0 0 200 10.7139 -13 -2 1 0 1 0 0 0.0094404 0 0 0 
0 0 2845 0 0 200 10.7328 -13 -2 1 0 1 0 0 0.00938222 0 0 0 
0 0 2850 0 0 200 10.7517 -13 -2 1 0 1 0 0 0.0093246 0 0 0 
0 0 2855 0 0 200 10.7705 -13 -2 1 0 1 0 0 0.00926747 0 0 0 
0 0 2860 0 0 200 10.7894 -13 -2 1 0 1 0 0 0.00921066 0 0 0 
0 0 2865 0 0 200 10.8082 -13 -2 1 0 1 0 0 0.00915448 0 0 0 
0 0 2870 0 0 200 10.8271 -13 -2 1 0 1 0 0 0.0090987 0 0 0 
0 0 2875 0 0 200 10.846 -13 -2 1 0 1 0 0 0.00904322 0 0 0 
0 0 2880 0 0 200 10.8648 -13 -2 1 0 1 0 0 0.00898844 0 0 0 
0 0 2885 0 0 200 10.8837 -13 -2 1 0 1 0 0 0.00893395 0 0 0 
0 0 2890 0 0 200 10.9026 -13 -2 1 0 1 0 0 0.00887985 0 0 0 
0 0 2895 0 0 200 10.9214 -13 -2 1 0 1 0 0 0.00882634 0 0 0 
0 0 2900 0 0 200 10.9403 -13 -2 1 0 1 0 0 0.00877312 0 0 0 
0 0 2905 0 0 200 10.9591 -13 -2 1 0 1 0 0 0.00872036 0 0 0 
0 0 2910 0 0 200 10.978 -13 -2 1 0 1 0 0 0.00866808 0 0 0 
0 0 2915 0 0 200 10.9969 -13 -2 1 0 1 0 0 0.00861609 0 0 0 
0 0 2920 0 0 200 11.0157 -13 -2 1 0 1 0 0 0.00856462 0 0 0 
0 0 2925 0 0 200 11.0346 -13 -2 1 0 1 0 0 0.00851354 0 0 0 
0 0 2930 0 0 200 11.0535 -13 -2 1 0 1 0 0 0.00846274 0 0 0 
0 0 2935 0 0 200 11.0723 -13 -2 1 0 1 0 0 0.00841253 0 0 0 
0 0 2940 0 0 200 11.0912 -13 -2 1 0 1 0 0 0.00836262 0 0 0 
0 0 2945 0 0 200 11.11 -13 -2 1 0 1 0 0 0.00831302 0 0 0 
0 0 2950 0 0 200 11.1289 -13 -2 1 0 1 0 0 0.00826398 0 0 0 
0 0 2955 0 0 200 11.1478 -13 -2 1 0 1 0 0 0.00821521 0 0 0 
0 0 2960 0 0 200 11.1666 -13 -2 1 0 1 0 0 0.00816681 0 0 0 
0 0 2965 0 0 200 11.1855 -13 -2 1 0 1 0 0 0.00811888 0 0 0 
0 0 2970 0 0 200 11.2044 -13 -2 1 0 1 0 0 0.00807121 0 0 0 
0 0 2975 0 0 200 11.2232 -13 -2 1 0 1 0 0 0.00802397 0 0 0 
0 0 2980 0 0 200 11.2421 -13 -2 1 0 1 0 0 0.00797712 0 0 0 
0 0 2985 0 0 200 11.2609 -13 -2 1 0 1 0 0 0.00793052 0 0 0 
0 0 2990 0 0 200 11.2798 -13 -2 1 0 1 0 0 0.00788441 0 0 0 
0 0 2995 0 0 200 11.2987 -13 -2 1 0 1 0 0 0.00783861 0 0 0 
0 0 3000 0 0 200 11.3175 -13 -2 1 0 1 0 0 0.00779305 0 0 0 
0 0 3005 0 0 200 11.3364 -13 -2 1 0 1 0 0 0.00774804 0 0 0 
0 0 3010 0 0 200 11.3553 -13 -2 1 0 1 0 0 0.00770326 0 0 0 
0 0 3015 0 0 200 11.3741 -13 -2 1 0 1 0 0 0.00765878 0 0 0 
0 0 3020 0 0 200 11.393 -13 -2 1 0 1 0 0 0.00761476 0 0 0 
0 0 3025 0 0 200 11.4118 -13 -2 1 0 1 0 0 0.00757097 0 0 0 
0 0 3030 0 0 200 11.4307 -13 -2 1 0 1 0 0 0.00752754 0 0 0 
0 0 3035 0 0 200 11.4496 -13 -2 1 0 1 0 0 0.00748449 0 0 0 
0 0 3040 0 0 200 11.4684 -13 -2 1 0 1 0 0 0.00744167 0 0 0 
0 0 3045 0 0 200 11.4873 -13 -2 1 0 1 0 0 0.00739926 0 0 0 
0 0 3050 0 0 200 11.5062 -13 -2 1 0 1 0 0 0.00735715 0 0 0 
0 0 3055 0 0 200 11.525 -13 -2 1 0 1 0 0 0.00731527 0 0 0 
0 0 3060 0 0 200 11.5439 -13 -2 1 0 1 0 0 0.00727384 0 0 0 
0 0 3065 0 0 200 11.5627 -13 -2 1 0 1 0 0 0.00723266 0 0 0 
0 0 3070 0 0 200 11.5816 -13 -2 1 0 1 0 0 0.00719172 0 0 0 
0 0 3075 0 0 200 11.6005 -13 -2 1 0 1 0 0 0.00715122 0 0 0 
0 0 3080 0 0 200 11.6193 -13 -2 1 0 1 0 0 0.00711093 0 0 0 
0 0 3085 0 0 200 11.6382 -13 -2 1 0 1 0 0 0.00707094 0 0 0 
0 0 3090 0 0 200 11.6571 -13 -2 1 0 1 0 0 0.00703132 0 0 0 
0 0 3095 0 0 200 11.6759 -13 -2 1 0 1 0 0 0.0069919 0 0 0 
0 0 3100 0 0 200 11.6948 -13 -2 1 0 1 0 0 0.00695282 0 0 0 
0 0 3105 0 0 200 11.7136 -13 -2 1 0 1 0 0 0.00691406 0 0 0 
0 0 3110 0 0 200 11.7325 -13 -2 1 0 1 0 0 0.00687548 0 0 0 
0 0 3115 0 0 200 11.7514 -13 -2 1 0 1 0 0 0.0068373 0 0 0 
0 0 3120 0 0 200 11.7702 -13 -2 1 0 1 0 0 0.00679936 0 0 0 
0 0 3125 0 0 200 11.7891 -13 -2 1 0 1 0 0 0.00676162 0 0 0 
0 0 3130 0 0 200 11.808 -13 -2 1 0 1 0 0 0.0067243 0 0 0 
0 0 3135 0 0 200 11.8268 -13 -2 1 0 1 0 0 0.00668717 0 0 0 
0 0 3140 0 0 200 11.8457 -13 -2 1 0 1 0 0 0.00665028 0 0 0 
0 0 3145 0 0 200 11.8645 -13 -2 1 0 1 0 0 0.00661375 0 0 0 
0 0 3150 0 0 200 11.8834 -13 -2 1 0 1 0 0 0.00657741 0 0 0 
0 0 3155 0 0 200 11.9023 -13 -2 1 0 1 0 0 0.00654135 0 0 0 
0 0 3160 0 0 200 11.9211 -13 -2 1 0 1 0 0 0.0065056 0 0 0 
0 0 3165 0 0 200 11.94 -13 -2 1 0 1 0 0 0.00647002 0 0 0 
0 0 3170 0 0 200 11.9589 -13 -2 1 0 1 0 0 0.00643477 0 0 0 
0 0 3175 0 0 200 11.9777 -13 -2 1 0 1 0 0 0.00639976 0 0 0 
0 0 3180 0 0 200 11.9966 -13 -2 1 0 1 0 0 0.00636493 0 0 0 
0 0 3185 0 0 200 12.0154 -13 -2 1 0 1 0 0 0.00633047 0 0 0 
0 0 3190 0 0 200 12.0343 -13 -2 1 0 1 0 0 0.00629619 0 0 0 
0 0 3195 0 0 200 12.0532 -13 -2 1 0 1 0 0 0.00626211 0 0 0 
0 0 3200 0 0 200 12.072 -13 -2 1 0 1 0 0 0.00622839 0 0 0 
0 0 3205 0 0 200 12.0909 -13 -2 1 0 1 0 0 0.00619483 0 0 0 
0 0 3210 0 0 200 12.1098 -13 -2 1 0 1 0 0 0.0061615 0 0 0 
0 0 3215 0 0 200 12.1286 -13 -2 1 0 1 0 0 0.00612848 0 0 0 
0 0 3220 0 0 200 12.1475 -13 -2 1 0 1 0 0 0.00609561 0 0 0 
0 0 3225 0 0 200 12.1663 -13 -2 1 0 1 0 0 0.00606302 0 0 0 
0 0 3230 0 0 200 12.1852 -13 -2 1 0 1 0 0 0.00603067 0 0 0 
0 0 3235 0 0 200 12.2041 -13 -2 1 0 1 0 0 0.00599848 0 0 0 
0 0 3240 0 0 200 12.2229 -13 -2 1 0 1 0 0 0.0059666 0 0 0 
0 0 3245 0 0 200 12.2418 -13 -2 1 0 1 0 0 0.00593492 0 0 0 
0 0 3250 0 0 200 12.2607 -13 -2 1 0 1 0 0 0.00590339 0 0 0 
0 0 3255 0 0 200 12.2795 -13 -2 1 0 1 0 0 0.0058722 0 0 0 
0 0 3260 0 0 200 12.2984 -13 -2 1 0 1 0 0 0.00584116 0 0 0 
0 0 3265 0 0 200 12.3172 -13 -2 1 0 1 0 0 0.00581032 0 0 0 
0 0 3270 0 0 200 12.3361 -13 -2 1 0 1 0 0 0.00577977 0 0 0 
0 0 3275 0 0 200 12.355 -13 -2 1 0 1 0 0 0.00574936 0 0 0 
0 0 3280 0 0 200 12.3738 -13 -2 1 0 1 0 0 0.00571918 0 0 0 
0 0 3285 0 0 200 12.3927 -13 -2 1 0 1 0 0 0.00568924 0 0 0 
0 0 3290 0 0 200 12.4116 -13 -2 1 0 1 0 0 0.00565945 0 0 0 
0 0 3295 0 0 200 12.4304 -13 -2 1 0 1 0 0 0.00562992 0 0 0 
0 0 3300 0 0 200 12.4493 -13 -2 1 0 1 0 0 0.00560059 0 0 0 
0 0 3305 0 0 200 12.4681 -13 -2 1 0 1 0 0 0.0055714 0 0 0 
0 0 3310 0 0 200 12.487 -13 -2 1 0 1 0 0 0.0055425 0 0 0 
0 0 3315 0 0 200 12.5059 -13 -2 1 0 1 0 0 0.00551375 0 0 0 
0 0 3320 0 0 200 12.5247 -13 -2 1 0 1 0 0 0.00548516 0 0 0 
0 0 3325 0 0 200 12.5436 -13 -2 1 0 1 0 0 0.00545686 0 0 0 
0 0 3330 0 0 200 12.5625 -13 -2 1 0 1 0 0 0.00542869 0 0 0 
0 0 3335 0 0 200 12.5813 -13 -2 1 0 1 0 0 0.0054007 0 0 0 
0 0 3340 0 0 200 12.6002 -13 -2 1 0 1 0 0 0.00537296 0 0 0 
0 0 3345 0 0 200 12.619 -13 -2 1 0 1 0 0 0.00534535 0 0 0 
0 0 3350 0 0 200 12.6379 -13 -2 1 0 1 0 0 0.00531795 0 0 0 
0 0 3355 0 0 200 12.6568 -13 -2 1 0 1 0 0 0.00529076 0 0 0 
0 0 3360 0 0 200 12.6756 -13 -2 1 0 1 0 0 0.00526369 0 0 0 
0 0 3365 0 0 200 12.6945 -13 -2 1 0 1 0 0 0.00523687 0 0 0 
0 0 3370 0 0 200 12.7134 -13 -2 1 0 1 0 0 0.00521022 0 0 0 
0 0 3375 0 0 200 12.7322 -13 -2 1 0 1 0 0 0.00518368 0 0 0 
0 0 3380 0 0 200 12.7511 -13 -2 1 0 1 0 0 0.00515742 0 0 0 
0 0 3385 0 0 200 12.7699 -13 -2 1 0 1 0 0 0.00513128 0 0 0 
0 0 3390 0 0 200 12.7888 -13 -2 1 0 1 0 0 0.0051053 0 0 0 
0 0 3395 0 0 200 12.8077 -13 -2 1 0 1 0 0 0.00507956 0 0 0 
0 0 3400 0 0 200 12.8265 -13 -2 1 0 1 0 0 0.00505393 0 0 0 
0 0 3405 0 0 200 12.8454 -13 -2 1 0 1 0 0 0.00502848 0 0 0 
0 0 3410 0 0 200 12.8643 -13 -2 1 0 1 0 0 0.00500324 0 0 0 
0 0 3415 0 0 200 12.8831 -13 -2 1 0 1 0 0 0.00497811 0 0 0 
0 0 3420 0 0 200 12.902 -13 -2 1 0 1 0 0 0.00495319 0 0 0 
0 0 3425 0 0 200 12.9208 -13 -2 1 0 1 0 0 0.00492843 0 0 0 
0 0 3430 0 0 200 12.9397 -13 -2 1 0 1 0 0 0.00490378 0 0 0 
0 0 3435 0 0 200 12.9586 -13 -2 1 0 1 0 0 0.00487938 0 0 0 
0 0 3440 0 0 200 12.9774 -13 -2 1 0 1 0 0 0.0048551 0 0 0 
0 0 3445 0 0 200 12.9963 -13 -2 1 0 1 0 0 0.00483094 0 0 0 
0 0 3450 0 0 200 13.0152 -13 -2 1 0 1 0 0 0.00480701 0 0 0 
0 0 3455 0 0 200 13.034 -13 -2 1 0 1 0 0 0.0047832 0 0 0 
0 0 3460 0 0 200 13.0529 -13 -2 1 0 1 0 0 0.00475953 0 0 0 
0 0 3465 0 0 200 13.0717 -13 -2 1 0 1 0 0 0.00473606 0 0 0 
0 0 3470 0 0 200 13.0906 -13 -2 1 0 1 0 0 0.0047127 0 0 0 
0 0 3475 0 0 200 13.1095 -13 -2 1 0 1 0 0 0.00468952 0 0 0 
0 0 3480 0 0 200 13.1283 -13 -2 1 0 1 0 0 0.00466649 0 0 0 
0 0 3485 0 0 200 13.1472 -13 -2 1 0 1 0 0 0.00464357 0 0 0 
0 0 3490 0 0 200 13.1661 -13 -2 1 0 1 0 0 0.00462086 0 0 0 
0 0 3495 0 0 200 13.1849 -13 -2 1 0 1 0 0 0.00459827 0 0 0 
0 0 3500 0 0 200 13.2038 -13 -2 1 0 1 0 0 0.00457578 0 0 0 
0 0 3505 0 0 200 13.2226 -13 -2 1 0 1 0 0 0.00455352 0 0 0 
0 0 3510 0 0 200 13.2415 -13 -2 1 0 1 0 0 0.00453136 0 0 0 
0 0 3515 0 0 200 13.2604 -13 -2 1 0 1 0 0 0.00450932 0 0 0 
0 0 3520 0 0 200 13.2792 -13 -2 1 0 1 0 0 0.00448748 0 0 0 
0 0 3525 0 0 200 13.2981 -13 -2 1 0 1 0 0 0.00446573 0 0 0 
0 0 3530 0 0 200 13.317 -13 -2 1 0 1 0 0 0.00444413 0 0 0 
0 0 3535 0 0 200 13.3358 -13 -2 1 0 1 0 0 0.0044227 0 0 0 
0 0 3540 0 0 200 13.3547 -13 -2 1 0 1 0 0 0.00440135 0 0 0 
0 0 3545 0 0 200 13.3735 -13 -2 1 0 1 0 0 0.00438019 0 0 0 
0 0 3550 0 0 200 13.3924 -13 -2 1 0 1 0 0 0.00435915 0 0 0 
0 0 3555 0 0 200 13.4113 -13 -2 1 0 1 0 0 0.0043382 0 0 0 
0 0 3560 0 0 200 13.4301 -13 -2 1 0 1 0 0 0.00431745 0 0 0 
0 0 3565 0 0 200 13.449 -13 -2 1 0 1 0 0 0.0042968 0 0 0 
0 0 3570 0 0 200 13.4679 -13 -2 1 0 1 0 0 0.00427626 0 0 0 
0 0 3575 0 0 200 13.4867 -13 -2 1 0 1 0 0 0.0042559 0 0 0 
0 0 3580 0 0 200 13.5056 -13 -2 1 0 1 0 0 0.00423563 0 0 0 
0 0 3585 0 0 200 13.5244 -13 -2 1 0 1 0 0 0.00421549 0 0 0 
0 0 3590 0 0 200 13.5433 -13 -2 1 0 1 0 0 0.0041955 0 0 0 
0 0 3595 0 0 200 13.5622 -13 -2 1 0 1 0 0 0.00417561 0 0 0 
0 0 3600 0 0 200 13.581 -13 -2 1 0 1 0 0 0.00415586 0 0 0 
0 0 3605 0 0 200 13.5999 -13 -2 1 0 1 0 0 0.00413624 0 0 0 
0 0 3610 0 0 200 13.6188 -13 -2 1 0 1 0 0 0.00411671 0 0 0 
0 0 3615 0 0 200 13.6376 -13 -2 1 0 1 0 0 0.00409734 0 0 0 
0 0 3620 0 0 200 13.6565 -13 -2 1 0 1 0 0 0.00407808 0 0 0 
0 0 3625 0 0 200 13.6753 -13 -2 1 0 1 0 0 0.0040589 0 0 0 
0 0 3630 0 0 200 13.6942 -13 -2 1 0 1 0 0 0.00403991 0 0 0 
0 0 3635 0 0 200 13.7131 -13 -2 1 0 1 0 0 0.00402099 0 0 0 
0 0 3640 0 0 200 13.7319 -13 -2 1 0 1 0 0 0.00400218 0 0 0 
0 0 3645 0 0 200 13.7508 -13 -2 1 0 1 0 0 0.00398353 0 0 0 
0 0 3650 0 0 200 13.7697 -13 -2 1 0 1 0 0 0.00396496 0 0 0 
0 0 3655 0 0 200 13.7885 -13 -2 1 0 1 0 0 0.00394652 0 0 0 
0 0 3660 0 0 200 13.8074 -13 -2 1 0 1 0 0 0.0039282 0 0 0 
0 0 3665 0 0 200 13.8262 -13 -2 1 0 1 0 0 0.00390996 0 0 0 
0 0 3670 0 0 200 13.8451 -13 -2 1 0 1 0 0 0.00389187 0 0 0 
0 0 3675 0 0 200 13.864 -13 -2 1 0 1 0 0 0.00387388 0 0 0 
0 0 3680 0 0 200 13.8828 -13 -2 1 0 1 0 0 0.00385597 0 0 0 
0 0 3685 0 0 200 13.9017 -13 -2 1 0 1 0 0 0.00383821 0 0 0 
0 0 3690 0 0 200 13.9206 -13 -2 1 0 1 0 0 0.00382055 0 0 0 
0 0 3695 0 0 200 13.9394 -13 -2 1 0 1 0 0 0.00380296 0 0 0 
0 0 3700 0 0 200 13.9583 -13 -2 1 0 1 0 0 0.00378554 0 0 0 
0 0 3705 0 0 200 13.9771 -13 -2 1 0 1 0 0 0.00376818 0 0 0 
0 0 3710 0 0 200 13.996 -13 -2 1 0 1 0 0 0.00375093 0 0 0 
0 0 3715 0 0 200 14.0149 -13 -2 1 0 1 0 0 0.00373382 0 0 0 
0 0 3720 0 0 200 14.0337 -13 -2 1 0 1 0 0 0.00371677 0 0 0 
0 0 3725 0 0 200 14.0526 -13 -2 1 0 1 0 0 0.00369984 0 0 0 
0 0 3730 0 0 200 14.0715 -13 -2 1 0 1 0 0 0.00368302 0 0 0 
0 0 3735 0 0 200 14.0903 -13 -2 1 0 1 0 0 0.00366628 0 0 0 
0 0 3740 0 0 200 14.1092 -13 -2 1 0 1 0 0 0.00364967 0 0 0 
0 0 3745 0 0 200 14.128 -13 -2 1 0 1 0 0 0.00363314 0 0 0 
0 0 3750 0 0 200 14.1469 -13 -2 1 0 1 0 0 0.00361669 0 0 0 
0 0 3755 0 0 200 14.1658 -13 -2 1 0 1 0 0 0.00360039 0 0 0 
0 0 3760 0 0 200 14.1846 -13 -2 1 0 1 0 0 0.00358416 0 0 0 
0 0 3765 0 0 200 14.2035 -13 -2 1 0 1 0 0 0.00356801 0 0 0 
0 0 3770 0 0 200 14.2224 -13 -2 1 0 1 0 0 0.00355199 0 0 0 
0 0 3775 0 0 200 14.2412 -13 -2 1 0 1 0 0 0.00353604 0 0 0 
0 0 3780 0 0 200 14.2601 -13 -2 1 0 1 0 0 0.00352019 0 0 0 
0 0 3785 0 0 200 14.2789 -13 -2 1 0 1 0 0 0.00350445 0 0 0 
0 0 3790 0 0 200 14.2978 -13 -2 1 0 1 0 0 0.00348877 0 0 0 
0 0 3795 0 0 200 14.3167 -13 -2 1 0 1 0 0 0.00347321 0 0 0 
0 0 3800 0 0 200 14.3355 -13 -2 1 0 1 0 0 0.00345775 0 0 0 
0 0 3805 0 0 200 14.3544 -13 -2 1 0 1 0 0 0.00344234 0 0 0 
0 0 3810 0 0 200 14.3733 -13 -2 1 0 1 0 0 0.00342707 0 0 0 
0 0 3815 0 0 200 14.3921 -13 -2 1 0 1 0 0 0.00341186 0 0 0 
0 0 3820 0 0 200 14.411 -13 -2 1 0 1 0 0 0.00339673 0 0 0 
0 0 3825 0 0 200 14.4298 -13 -2 1 0 1 0 0 0.00338173 0 0 0 
0 0 3830 0 0 200 14.4487 -13 -2 1 0 1 0 0 0.00336679 0 0 0 
0 0 3835 0 0 200 14.4676 -13 -2 1 0 1 0 0 0.00335193 0 0 0 
0 0 3840 0 0 200 14.4864 -13 -2 1 0 1 0 0 0.00333718 0 0 0 
0 0 3845 0 0 200 14.5053 -13 -2 1 0 1 0 0 0.00332249 0 0 0 
0 0 3850 0 0 200 14.5242 -13 -2 1 0 1 0 0 0.00330791 0 0 0 
0 0 3855 0 0 200 14.543 -13 -2 1 0 1 0 0 0.00329341 0 0 0 
0 0 3860 0 0 200 14.5619 -13 -2 1 0 1 0 0 0.00327897 0 0 0 
0 0 3865 0 0 200 14.5807 -13 -2 1 0 1 0 0 0.00326465 0 0 0 
0 0 3870 0 0 200 14.5996 -13 -2 1 0 1 0 0 0.00325039 0 0 0 
0 0 3875 0 0 200 14.6185 -13 -2 1 0 1 0 0 0.0032362 0 0 0 
0 0 3880 0 0 200 14.6373 -13 -2 1 0 1 0 0 0.00322213 0 0 0 
0 0 3885 0 0 200 14.6562 -13 -2 1 0 1 0 0 0.00320812 0 0 0 
0 0 3890 0 0 200 14.6751 -13 -2 1 0 1 0 0 0.00319418 0 0 0 
0 0 3895 0 0 200 14.6939 -13 -2 1 0 1 0 0 0.00318035 0 0 0 
0 0 3900 0 0 200 14.7128 -13 -2 1 0 1 0 0 0.00316657 0 0 0 
0 0 3905 0 0 200 14.7316 -13 -2 1 0 1 0 0 0.00315288 0 0 0 
0 0 3910 0 0 200 14.7505 -13 -2 1 0 1 0 0 0.00313928 0 0 0 
0 0 3915 0 0 200 14.7694 -13 -2 1 0 1 0 0 0.00312573 0 0 0 
0 0 3920 0 0 200 14.7882 -13 -2 1 0 1 0 0 0.00311228 0 0 0 
0 0 3925 0 0 200 14.8071 -13 -2 1 0 1 0 0 0.00309891 0 0 0 
0 0 3930 0 0 200 14.826 -13 -2 1 0 1 0 0 0.00308559 0 0 0 
0 0 3935 0 0 200 14.8448 -13 -2 1 0 1 0 0 0.00307238 0 0 0 
0 0 3940 0 0 200 14.8637 -13 -2 1 0 1 0 0 0.00305923 0 0 0 
0 0 3945 0 0 200 14.8825 -13 -2 1 0 1 0 0 0.00304613 0 0 0 
0 0 3950 0 0 200 14.9014 -13 -2 1 0 1 0 0 0.00303315 0 0 0 
0 0 3955 0 0 200 14.9203 -13 -2 1 0 1 0 0 0.00302021 0 0 0 
0 0 3960 0 0 200 14.9391 -13 -2 1 0 1 0 0 0.00300735 0 0 0 
0 0 3965 0 0 200 14.958 -13 -2 1 0 1 0 0 0.00299458 0 0 0 
0 0 3970 0 0 200 14.9769 -13 -2 1 0 1 0 0 0.00298186 0 0 0 
0 0 3975 0 0 200 14.9957 -13 -2 1 0 1 0 0 0.00296922 0 0 0 
0 0 3980 0 0 200 15.0146 -13 -2 1 0 1 0 0 0.00295666 0 0 0 
0 0 3985 0 0 200 15.0334 -13 -2 1 0 1 0 0 0.00294414 0 0 0 
0 0 3990 0 0 200 15.0523 -13 -2 1 0 1 0 0 0.00293173 0 0 0 
0 0 3995 0 0 200 15.0712 -13 -2 1 0 1 0 0 0.00291937 0 0 0 
0 0 4000 0 0 200 15.09 -13 -2 1 0 1 0 0 0.00290706 0 0 0 
0 0 4005 0 0 200 15.1089 -13 -2 1 0 1 0 0 0.00289486 0 0 0 
0 0 4010 0 0 200 15.1278 -13 -2 1 0 1 0 0 0.0028827 0 0 0 
0 0 4015 0 0 200 15.1466 -13 -2 1 0 1 0 0 0.00287061 0 0 0 
0 0 4020 0 0 200 15.1655 -13 -2 1 0 1 0 0 0.0028586 0 0 0 
0 0 4025 0 0 200 15.1843 -13 -2 1 0 1 0 0 0.00284664 0 0 0 
0 0 4030 0 0 200 15.2032 -13 -2 1 0 1 0 0 0.00283476 0 0 0 
0 0 4035 0 0 200 15.2221 -13 -2 1 0 1 0 0 0.00282295 0 0 0 
0 0 4040 0 0 200 15.2409 -13 -2 1 0 1 0 0 0.00281118 0 0 0 
0 0 4045 0 0 200 15.2598 -13 -2 1 0 1 0 0 0.0027995 0 0 0 
0 0 4050 0 0 200 15.2787 -13 -2 1 0 1 0 0 0.00278788 0 0 0 
0 0 4055 0 0 200 15.2975 -13 -2 1 0 1 0 0 0.0027763 0 0 0 
0 0 4060 0 0 200 15.3164 -13 -2 1 0 1 0 0 0.00276482 0 0 0 
0 0 4065 0 0 200 15.3352 -13 -2 1 0 1 0 0 0.00275338 0 0 0 
0 0 4070 0 0 200 15.3541 -13 -2 1 0 1 0 0 0.002742 0 0 0 
0 0 4075 0 0 200 15.373 -13 -2 1 0 1 0 0 0.00273071 0 0 0 
0 0 4080 0 0 200 15.3918 -13 -2 1 0 1 0 0 0.00271945 0 0 0 
0 0 4085 0 0 200 15.4107 -13 -2 1 0 1 0 0 0.00270826 0 0 0 
0 0 4090 0 0 200 15.4296 -13 -2 1 0 1 0 0 0.00269715 0 0 0 
0 0 4095 0 0 200 15.4484 -13 -2 1 0 1 0 0 0.00268608 0 0 0 
0 0 4100 0 0 200 15.4673 -13 -2 1 0 1 0 0 0.00267507 0 0 0 
0 0 4105 0 0 200 15.4861 -13 -2 1 0 1 0 0 0.00266414 0 0 0 
0 0 4110 0 0 200 15.505 -13 -2 1 0 1 0 0 0.00265324 0 0 0 
0 0 4115 0 0 200 15.5239 -13 -2 1 0 1 0 0 0.00264242 0 0 0 
0 0 4120 0 0 200 15.5427 -13 -2 1 0 1 0 0 0.00263166 0 0 0 
0 0 4125 0 0 200 15.5616 -13 -2 1 0 1 0 0 0.00262093 0 0 0 
0 0 4130 0 0 200 15.5805 -13 -2 1 0 1 0 0 0.0026103 0 0 0 
0 0 4135 0 0 200 15.5993 -13 -2 1 0 1 0 0 0.0025997 0 0 0 
0 0 4140 0 0 200 15.6182 -13 -2 1 0 1 0 0 0.00258915 0 0 0 
0 0 4145 0 0 200 15.637 -13 -2 1 0 1 0 0 0.00257869 0 0 0 
0 0 4150 0 0 200 15.6559 -13 -2 1 0 1 0 0 0.00256826 0 0 0 
0 0 4155 0 0 200 15.6748 -13 -2 1 0 1 0 0 0.00255789 0 0 0 
0 0 4160 0 0 200 15.6936 -13 -2 1 0 1 0 0 0.00254758 0 0 0 
0 0 4165 0 0 200 15.7125 -13 -2 1 0 1 0 0 0.00253731 0 0 0 
0 0 4170 0 0 200 15.7314 -13 -2 1 0 1 0 0 0.00252712 0 0 0 
0 0 4175 0 0 200 15.7502 -13 -2 1 0 1 0 0 0.00251697 0 0 0 
0 0 4180 0 0 200 15.7691 -13 -2 1 0 1 0 0 0.00250687 0 0 0 
0 0 4185 0 0 200 15.788 -13 -2 1 0 1 0 0 0.00249684 0 0 0 
0 0 4190 0 0 200 15.8068 -13 -2 1 0 1 0 0 0.00248685 0 0 0 
0 0 4195 0 0 200 15.8257 -13 -2 1 0 1 0 0 0.0024769 0 0 0 
0 0 4200 0 0 200 15.8445 -13 -2 1 0 1 0 0 0.00246704 0 0 0 
0 0 4205 0 0 200 15.8634 -13 -2 1 0 1 0 0 0.0024572 0 0 0 
0 0 4210 0 0 200 15.8823 -13 -2 1 0 1 0 0 0.00244742 0 0 0 
0 0 4215 0 0 200 15.9011 -13 -2 1 0 1 0 0 0.00243771 0 0 0 
0 0 4220 0 0 200 15.92 -13 -2 1 0 1 0 0 0.00242802 0 0 0 
0 0 4225 0 0 200 15.9389 -13 -2 1 0 1 0 0 0.0024184 0 0 0 
0 0 4230 0 0 200 15.9577 -13 -2 1 0 1 0 0 0.00240883 0 0 0 
0 0 4235 0 0 200 15.9766 -13 -2 1 0 1 0 0 0.0023993 0 0 0 
0 0 4240 0 0 200 15.9954 -13 -2 1 0 1 0 0 0.00238984 0 0 0 
0 0 4245 0 0 200 16.0143 -13 -2 1 0 1 0 0 0.00238042 0 0 0 
0 0 4250 0 0 200 16.0332 -13 -2 1 0 1 0 0 0.00237103 0 0 0 
0 0 4255 0 0 200 16.052 -13 -2 1 0 1 0 0 0.00236172 0 0 0 
0 0 4260 0 0 200 16.0709 -13 -2 1 0 1 0 0 0.00235244 0 0 0 
0 0 4265 0 0 200 16.0898 -13 -2 1 0 1 0 0 0.0023432 0 0 0 
0 0 4270 0 0 200 16.1086 -13 -2 1 0 1 0 0 0.00233404 0 0 0 
0 0 4275 0 0 200 16.1275 -13 -2 1 0 1 0 0 0.0023249 0 0 0 
0 0 4280 0 0 200 16.1463 -13 -2 1 0 1 0 0 0.00231581 0 0 0 
0 0 4285 0 0 200 16.1652 -13 -2 1 0 1 0 0 0.00230678 0 0 0 
0 0 4290 0 0 200 16.1841 -13 -2 1 0 1 0 0 0.00229778 0 0 0 
0 0 4295 0 0 200 16.2029 -13 -2 1 0 1 0 0 0.00228884 0 0 0 
0 0 4300 0 0 200 16.2218 -13 -2 1 0 1 0 0 0.00227995 0 0 0 
0 0 4305 0 0 200 16.2407 -13 -2 1 0 1 0 0 0.00227109 0 0 0 
0 0 4310 0 0 200 16.2595 -13 -2 1 0 1 0 0 0.00226229 0 0 0 
0 0 4315 0 0 200 16.2784 -13 -2 1 0 1 0 0 0.00225353 0 0 0 
0 0 4320 0 0 200 16.2972 -13 -2 1 0 1 0 0 0.0022448 0 0 0 
0 0 4325 0 0 200 16.3161 -13 -2 1 0 1 0 0 0.00223614 0 0 0 
0 0 4330 0 0 200 16.335 -13 -2 1 0 1 0 0 0.00222751 0 0 0 
0 0 4335 0 0 200 16.3538 -13 -2 1 0 1 0 0 0.00221893 0 0 0 
0 0 4340 0 0 200 16.3727 -13 -2 1 0 1 0 0 0.00221039 0 0 0 
0 0 4345 0 0 200 16.3916 -13 -2 1 0 1 0 0 0.00220189 0 0 0 
0 0 4350 0 0 200 16.4104 -13 -2 1 0 1 0 0 0.00219344 0 0 0 
0 0 4355 0 0 200 16.4293 -13 -2 1 0 1 0 0 0.00218504 0 0 0 
0 0 4360 0 0 200 16.4481 -13 -2 1 0 1 0 0 0.00217666 0 0 0 
0 0 4365 0 0 200 16.467 -13 -2 1 0 1 0 0 0.00216835 0 0 0 
0 0 4370 0 0 200 16.4859 -13 -2 1 0 1 0 0 0.00216007 0 0 0 
0 0 4375 0 0 200 16.5047 -13 -2 1 0 1 0 0 0.00215182 0 0 0 
0 0 4380 0 0 200 16.5236 -13 -2 1 0 1 0 0 0.00214363 0 0 0 
0 0 4385 0 0 200 16.5425 -13 -2 1 0 1 0 0 0.00213547 0 0 0 
0 0 4390 0 0 200 16.5613 -13 -2 1 0 1 0 0 0.00212735 0 0 0 
0 0 4395 0 0 200 16.5802 -13 -2 1 0 1 0 0 0.00211929 0 0 0 
0 0 4400 0 0 200 16.599 -13 -2 1 0 1 0 0 0.00211125 0 0 0 
0 0 4405 0 0 200 16.6179 -13 -2 1 0 1 0 0 0.00210325 0 0 0 
0 0 4410 0 0 200 16.6368 -13 -2 1 0 1 0 0 0.00209531 0 0 0 
0 0 4415 0 0 200 16.6556 -13 -2 1 0 1 0 0 0.00208739 0 0 0 
0 0 4420 0 0 200 16.6745 -13 -2 1 0 1 0 0 0.00207952 0 0 0 
0 0 4425 0 0 200 16.6934 -13 -2 1 0 1 0 0 0.00207169 0 0 0 
0 0 4430 0 0 200 16.7122 -13 -2 1 0 1 0 0 0.00206388 0 0 0 
0 0 4435 0 0 200 16.7311 -13 -2 1 0 1 0 0 0.00205613 0 0 0 
0 0 4440 0 0 200 16.7499 -13 -2 1 0 1 0 0 0.00204842 0 0 0 
0 0 4445 0 0 200 16.7688 -13 -2 1 0 1 0 0 0.00204073 0 0 0 
0 0 4450 0 0 200 16.7877 -13 -2 1 0 1 0 0 0.0020331 0 0 0 
0 0 4455 0 0 200 16.8065 -13 -2 1 0 1 0 0 0.00202549 0 0 0 
0 0 4460 0 0 200 16.8254 -13 -2 1 0 1 0 0 0.00201793 0 0 0 
0 0 4465 0 0 200 16.8443 -13 -2 1 0 1 0 0 0.00201041 0 0 0 
0 0 4470 0 0 200 16.8631 -13 -2 1 0 1 0 0 0.00200291 0 0 0 
0 0 4475 0 0 200 16.882 -13 -2 1 0 1 0 0 0.00199546 0 0 0 
0 0 4480 0 0 200 16.9008 -13 -2 1 0 1 0 0 0.00198805 0 0 0 
0 0 4485 0 0 200 16.9197 -13 -2 1 0 1 0 0 0.00198066 0 0 0 
0 0 4490 0 0 200 16.9386 -13 -2 1 0 1 0 0 0.00197332 0 0 0 
0 0 4495 0 0 200 16.9574 -13 -2 1 0 1 0 0 0.00196602 0 0 0 
0 0 4500 0 0 200 16.9763 -13 -2 1 0 1 0 0 0.00195874 0 0 0 
0 0 4505 0 0 200 16.9952 -13 -2 1 0 1 0 0 0.00195151 0 0 0 
0 0 4510 0 0 200 17.014 -13 -2 1 0 1 0 0 0.00194431 0 0 0 
0 0 4515 0 0 200 17.0329 -13 -2 1 0 1 0 0 0.00193714 0 0 0 
0 0 4520 0 0 200 17.0517 -13 -2 1 0 1 0 0 0.00193002 0 0 0 
0 0 4525 0 0 200 17.0706 -13 -2 1 0 1 0 0 0.00192292 0 0 0 
0 0 4530 0 0 200 17.0895 -13 -2 1 0 1 0 0 0.00191586 0 0 0 
0 0 4535 0 0 200 17.1083 -13 -2 1 0 1 0 0 0.00190884 0 0 0 
0 0 4540 0 0 200 17.1272 -13 -2 1 0 1 0 0 0.00190184 0 0 0 
0 0 4545 0 0 200 17.1461 -13 -2 1 0 1 0 0 0.00189488 0 0 0 
0 0 4550 0 0 200 17.1649 -13 -2 1 0 1 0 0 0.00188796 0 0 0 
0 0 4555 0 0 200 17.1838 -13 -2 1 0 1 0 0 0.00188107 0 0 0 
0 0 4560 0 0 200 17.2026 -13 -2 1 0 1 0 0 0.00187422 0 0 0 
0 0 4565 0 0 200 17.2215 -13 -2 1 0 1 0 0 0.00186739 0 0 0 
0 0 4570 0 0 200 17.2404 -13 -2 1 0 1 0 0 0.00186059 0 0 0 
0 0 4575 0 0 200 17.2592 -13 -2 1 0 1 0 0 0.00185384 0 0 0 
0 0 4580 0 0 200 17.2781 -13 -2 1 0 1 0 0 0.00184712 0 0 0 
0 0 4585 0 0 200 17.297 -13 -2 1 0 1 0 0 0.00184042 0 0 0 
0 0 4590 0 0 200 17.3158 -13 -2 1 0 1 0 0 0.00183377 0 0 0 
0 0 4595 0 0 200 17.3347 -13 -2 1 0 1 0 0 0.00182713 0 0 0 
0 0 4600 0 0 200 17.3535 -13 -2 1 0 1 0 0 0.00182054 0 0 0 
0 0 4605 0 0 200 17.3724 -13 -2 1 0 1 0 0 0.00181398 0 0 0 
0 0 4610 0 0 200 17.3913 -13 -2 1 0 1 0 0 0.00180744 0 0 0 
0 0 4615 0 0 200 17.4101 -13 -2 1 0 1 0 0 0.00180094 0 0 0 
0 0 4620 0 0 200 17.429 -13 -2 1 0 1 0 0 0.00179447 0 0 0 
0 0 4625 0 0 200 17.4479 -13 -2 1 0 1 0 0 0.00178802 0 0 0 
0 0 4630 0 0 200 17.4667 -13 -2 1 0 1 0 0 0.00178162 0 0 0 
0 0 4635 0 0 200 17.4856 -13 -2 1 0 1 0 0 0.00177524 0 0 0 
0 0 4640 0 0 200 17.5044 -13 -2 1 0 1 0 0 0.00176888 0 0 0 
0 0 4645 0 0 200 17.5233 -13 -2 1 0 1 0 0 0.00176257 0 0 0 
0 0 4650 0 0 200 17.5422 -13 -2 1 0 1 0 0 0.00175628 0 0 0 
0 0 4655 0 0 200 17.561 -13 -2 1 0 1 0 0 0.00175002 0 0 0 
0 0 4660 0 0 200 17.5799 -13 -2 1 0 1 0 0 0.00174379 0 0 0 
0 0 4665 0 0 200 17.5988 -13 -2 1 0 1 0 0 0.00173759 0 0 0 
0 0 4670 0 0 200 17.6176 -13 -2 1 0 1 0 0 0.00173142 0 0 0 
0 0 4675 0 0 200 17.6365 -13 -2 1 0 1 0 0 0.00172528 0 0 0 
0 0 4680 0 0 200 17.6553 -13 -2 1 0 1 0 0 0.00171916 0 0 0 
0 0 4685 0 0 200 17.6742 -13 -2 1 0 1 0 0 0.00171308 0 0 0 
0 0 4690 0 0 200 17.6931 -13 -2 1 0 1 0 0 0.00170703 0 0 0 
0 0 4695 0 0 200 17.7119 -13 -2 1 0 1 0 0 0.00170099 0 0 0 
0 0 4700 0 0 200 17.7308 -13 -2 1 0 1 0 0 0.001695 0 0 0 
0 0 4705 0 0 200 17.7497 -13 -2 1 0 1 0 0 0.00168903 0 0 0 
0 0 4710 0 0 200 17.7685 -13 -2 1 0 1 0 0 0.00168308 0 0 0 
0 0 4715 0 0 200 17.7874 -13 -2 1 0 1 0 0 0.00167717 0 0 0 
0 0 4720 0 0 200 17.8062 -13 -2 1 0 1 0 0 0.00167128 0 0 0 
0 0 4725 0 0 200 17.8251 -13 -2 1 0 1 0 0 0.00166542 0 0 0 
0 0 4730 0 0 200 17.844 -13 -2 1 0 1 0 0 0.00165959 0 0 0 
0 0 4735 0 0 200 17.8628 -13 -2 1 0 1 0 0 0.00165378 0 0 0 
0 0 4740 0 0 200 17.8817 -13 -2 1 0 1 0 0 0.00164801 0 0 0 
0 0 4745 0 0 200 17.9006 -13 -2 1 0 1 0 0 0.00164226 0 0 0 
0 0 4750 0 0 200 17.9194 -13 -2 1 0 1 0 0 0.00163653 0 0 0 
0 0 4755 0 0 200 17.9383 -13 -2 1 0 1 0 0 0.00163084 0 0 0 
0 0 4760 0 0 200 17.9571 -13 -2 1 0 1 0 0 0.00162516 0 0 0 
0 0 4765 0 0 200 17.976 -13 -2 1 0 1 0 0 0.00161951 0 0 0 
0 0 4770 0 0 200 17.9949 -13 -2 1 0 1 0 0 0.0016139 0 0 0 
0 0 4775 0 0 200 18.0137 -13 -2 1 0 1 0 0 0.0016083 0 0 0 
0 0 4780 0 0 200 18.0326 -13 -2 1 0 1 0 0 0.00160273 0 0 0 
0 0 4785 0 0 200 18.0515 -13 -2 1 0 1 0 0 0.00159719 0 0 0 
0 0 4790 0 0 200 18.0703 -13 -2 1 0 1 0 0 0.00159167 0 0 0 
0 0 4795 0 0 200 18.0892 -13 -2 1 0 1 0 0 0.00158618 0 0 0 
0 0 4800 0 0 200 18.108 -13 -2 1 0 1 0 0 0.00158072 0 0 0 
0 0 4805 0 0 200 18.1269 -13 -2 1 0 1 0 0 0.00157527 0 0 0 
0 0 4810 0 0 200 18.1458 -13 -2 1 0 1 0 0 0.00156986 0 0 0 
0 0 4815 0 0 200 18.1646 -13 -2 1 0 1 0 0 0.00156447 0 0 0 
0 0 4820 0 0 200 18.1835 -13 -2 1 0 1 0 0 0.00155909 0 0 0 
0 0 4825 0 0 200 18.2024 -13 -2 1 0 1 0 0 0.00155376 0 0 0 
0 0 4830 0 0 200 18.2212 -13 -2 1 0 1 0 0 0.00154844 0 0 0 
0 0 4835 0 0 200 18.2401 -13 -2 1 0 1 0 0 0.00154314 0 0 0 
0 0 4840 0 0 200 18.2589 -13 -2 1 0 1 0 0 0.00153787 0 0 0 
0 0 4845 0 0 200 18.2778 -13 -2 1 0 1 0 0 0.00153262 0 0 0 
0 0 4850 0 0 200 18.2967 -13 -2 1 0 1 0 0 0.0015274 0 0 0 
0 0 4855 0 0 200 18.3155 -13 -2 1 0 1 0 0 0.0015222 0 0 0 
0 0 4860 0 0 200 18.3344 -13 -2 1 0 1 0 0 0.00151702 0 0 0 
0 0 4865 0 0 200 18.3533 -13 -2 1 0 1 0 0 0.00151187 0 0 0 
0 0 4870 0 0 200 18.3721 -13 -2 1 0 1 0 0 0.00150675 0 0 0 
0 0 4875 0 0 200 18.391 -13 -2 1 0 1 0 0 0.00150163 0 0 0 
0 0 4880 0 0 200 18.4098 -13 -2 1 0 1 0 0 0.00149656 0 0 0 
0 0 4885 0 0 200 18.4287 -13 -2 1 0 1 0 0 0.0014915 0 0 0 
0 0 4890 0 0 200 18.4476 -13 -2 1 0 1 0 0 0.00148646 0 0 0 
0 0 4895 0 0 200 18.4664 -13 -2 1 0 1 0 0 0.00148145 0 0 0 
0 0 4900 0 0 200 18.4853 -13 -2 1 0 1 0 0 0.00147645 0 0 0 
0 0 4905 0 0 200 18.5042 -13 -2 1 0 1 0 0 0.00147148 0 0 0 
0 0 4910 0 0 200 18.523 -13 -2 1 0 1 0 0 0.00146654 0 0 0 
0 0 4915 0 0 200 18.5419 -13 -2 1 0 1 0 0 0.00146161 0 0 0 
0 0 4920 0 0 200 18.5607 -13 -2 1 0 1 0 0 0.00145671 0 0 0 
0 0 4925 0 0 200 18.5796 -13 -2 1 0 1 0 0 0.00145183 0 0 0 
0 0 4930 0 0 200 18.5985 -13 -2 1 0 1 0 0 0.00144696 0 0 0 
0 0 4935 0 0 200 18.6173 -13 -2 1 0 1 0 0 0.00144213 0 0 0 
0 0 4940 0 0 200 18.6362 -13 -2 1 0 1 0 0 0.00143731 0 0 0 
0 0 4945 0 0 200 18.6551 -13 -2 1 0 1 0 0 0.00143251 0 0 0 
0 0 4950 0 0 200 18.6739 -13 -2 1 0 1 0 0 0.00142774 0 0 0 
0 0 4955 0 0 200 18.6928 -13 -2 1 0 1 0 0 0.00142299 0 0 0 
0 0 4960 0 0 200 18.7116 -13 -2 1 0 1 0 0 0.00141825 0 0 0 
0 0 4965 0 0 200 18.7305 -13 -2 1 0 1 0 0 0.00141354 0 0 0 
0 0 4970 0 0 200 18.7494 -13 -2 1 0 1 0 0 0.00140885 0 0 0 
0 0 4975 0 0 200 18.7682 -13 -2 1 0 1 0 0 0.00140418 0 0 0 
0 0 4980 0 0 200 18.7871 -13 -2 1 0 1 0 0 0.00139953 0 0 0 
0 0 4985 0 0 200 18.806 -13 -2 1 0 1 0 0 0.0013949 0 0 0 
0 0 4990 0 0 200 18.8248 -13 -2 1 0 1 0 0 0.0013903 0 0 0 
0 0 4995 0 0 200 18.8437 -13 -2 1 0 1 0 0 0.00138571 0 0 0 
0 0 5000 0 0 200 18.8625 -13 -2 1 0 1 0 0 0.00138113 0 0 0 
0 0 5005 0 0 200 18.8814 -13 -2 1 0 1 0 0 0.00137659 0 0 0 
0 0 5010 0 0 200 18.9003 -13 -2 1 0 1 0 0 0.00137206 0 0 0 
0 0 5015 0 0 200 18.9191 -13 -2 1 0 1 0 0 0.00136755 0 0 0 
0 0 5020 0 0 200 18.938 -13 -2 1 0 1 0 0 0.00136307 0 0 0 
0 0 5025 0 0 200 18.9569 -13 -2 1 0 1 0 0 0.0013586 0 0 0 
0 0 5030 0 0 200 18.9757 -13 -2 1 0 1 0 0 0.00135415 0 0 0 
0 0 5035 0 0 200 18.9946 -13 -2 1 0 1 0 0 0.00134972 0 0 0 
0 0 5040 0 0 200 19.0134 -13 -2 1 0 1 0 0 0.0013453 0 0 0 
0 0 5045 0 0 200 19.0323 -13 -2 1 0 1 0 0 0.00134091 0 0 0 
0 0 5050 0 0 200 19.0512 -13 -2 1 0 1 0 0 0.00133654 0 0 0 
0 0 5055 0 0 200 19.07 -13 -2 1 0 1 0 0 0.00133218 0 0 0 
0 0 5060 0 0 200 19.0889 -13 -2 1 0 1 0 0 0.00132785 0 0 0 
0 0 5065 0 0 200 19.1078 -13 -2 1 0 1 0 0 0.00132354 0 0 0 
0 0 5070 0 0 200 19.1266 -13 -2 1 0 1 0 0 0.00131923 0 0 0 
0 0 5075 0 0 200 19.1455 -13 -2 1 0 1 0 0 0.00131496 0 0 0 
0 0 5080 0 0 200 19.1643 -13 -2 1 0 1 0 0 0.0013107 0 0 0 
0 0 5085 0 0 200 19.1832 -13 -2 1 0 1 0 0 0.00130645 0 0 0 
0 0 5090 0 0 200 19.2021 -13 -2 1 0 1 0 0 0.00130223 0 0 0 
0 0 5095 0 0 200 19.2209 -13 -2 1 0 1 0 0 0.00129803 0 0 0 
0 0 5100 0 0 200 19.2398 -13 -2 1 0 1 0 0 0.00129384 0 0 0 
0 0 5105 0 0 200 19.2587 -13 -2 1 0 1 0 0 0.00128967 0 0 0 
0 0 5110 0 0 200 19.2775 -13 -2 1 0 1 0 0 0.00128551 0 0 0 
0 0 5115 0 0 200 19.2964 -13 -2 1 0 1 0 0 0.00128138 0 0 0 
0 0 5120 0 0 200 19.3152 -13 -2 1 0 1 0 0 0.00127727 0 0 0 
0 0 5125 0 0 200 19.3341 -13 -2 1 0 1 0 0 0.00127316 0 0 0 
0 0 5130 0 0 200 19.353 -13 -2 1 0 1 0 0 0.00126909 0 0 0 
0 0 5135 0 0 200 19.3718 -13 -2 1 0 1 0 0 0.00126502 0 0 0 
0 0 5140 0 0 200 19.3907 -13 -2 1 0 1 0 0 0.00126097 0 0 0 
0 0 5145 0 0 200 19.4096 -13 -2 1 0 1 0 0 0.00125695 0 0 0 
0 0 5150 0 0 200 19.4284 -13 -2 1 0 1 0 0 0.00125293 0 0 0 
0 0 5155 0 0 200 19.4473 -13 -2 1 0 1 0 0 0.00124893 0 0 0 
0 0 5160 0 0 200 19.4661 -13 -2 1 0 1 0 0 0.00124496 0 0 0 
0 0 5165 0 0 200 19.485 -13 -2 1 0 1 0 0 0.00124099 0 0 0 
0 0 5170 0 0 200 19.5039 -13 -2 1 0 1 0 0 0.00123705 0 0 0 
0 0 5175 0 0 200 19.5227 -13 -2 1 0 1 0 0 0.00123312 0 0 0 
0 0 5180 0 0 200 19.5416 -13 -2 1 0 1 0 0 0.00122921 0 0 0 
0 0 5185 0 0 200 19.5605 -13 -2 1 0 1 0 0 0.00122532 0 0 0 
0 0 5190 0 0 200 19.5793 -13 -2 1 0 1 0 0 0.00122144 0 0 0 
0 0 5195 0 0 200 19.5982 -13 -2 1 0 1 0 0 0.00121757 0 0 0 
0 0 5200 0 0 200 19.617 -13 -2 1 0 1 0 0 0.00121373 0 0 0 
0 0 5205 0 0 200 19.6359 -13 -2 1 0 1 0 0 0.0012099 0 0 0 
0 0 5210 0 0 200 19.6548 -13 -2 1 0 1 0 0 0.00120608 0 0 0 
0 0 5215 0 0 200 19.6736 -13 -2 1 0 1 0 0 0.00120229 0 0 0 
0 0 5220 0 0 200 19.6925 -13 -2 1 0 1 0 0 0.0011985 0 0 0 
0 0 5225 0 0 200 19.7114 -13 -2 1 0 1 0 0 0.00119473 0 0 0 
0 0 5230 0 0 200 19.7302 -13 -2 1 0 1 0 0 0.00119099 0 0 0 
0 0 5235 0 0 200 19.7491 -13 -2 1 0 1 0 0 0.00118725 0 0 0 
0 0 5240 0 0 200 19.7679 -13 -2 1 0 1 0 0 0.00118353 0 0 0 
0 0 5245 0 0 200 19.7868 -13 -2 1 0 1 0 0 0.00117983 0 0 0 
0 0 5250 0 0 200 19.8057 -13 -2 1 0 1 0 0 0.00117613 0 0 0 
0 0 5255 0 0 200 19.8245 -13 -2 1 0 1 0 0 0.00117246 0 0 0 
0 0 5260 0 0 200 19.8434 -13 -2 1 0 1 0 0 0.00116881 0 0 0 
0 0 5265 0 0 200 19.8623 -13 -2 1 0 1 0 0 0.00116516 0 0 0 
0 0 5270 0 0 200 19.8811 -13 -2 1 0 1 0 0 0.00116154 0 0 0 
0 0 5275 0 0 200 19.9 -13 -2 1 0 1 0 0 0.00115792 0 0 0 
0 0 5280 0 0 200 19.9188 -13 -2 1 0 1 0 0 0.00115432 0 0 0 
0 0 5285 0 0 200 19.9377 -13 -2 1 0 1 0 0 0.00115074 0 0 0 
0 0 5290 0 0 200 19.9566 -13 -2 1 0 1 0 0 0.00114717 0 0 0 
0 0 5295 0 0 200 19.9754 -13 -2 1 0 1 0 0 0.00114362 0 0 0 
0 0 5300 0 0 200 19.9943 -13 -2 1 0 1 0 0 0.00114008 0 0 0 
0 0 5305 0 0 200 20.0132 -13 -2 1 0 1 0 0 0.00113655 0 0 0 
0 0 5310 0 0 200 20.032 -13 -2 1 0 1 0 0 0.00113305 0 0 0 
0 0 5315 0 0 200 20.0509 -13 -2 1 0 1 0 0 0.00112955 0 0 0 
0 0 5320 0 0 200 20.0697 -13 -2 1 0 1 0 0 0.00112607 0 0 0 
0 0 5325 0 0 200 20.0886 -13 -2 1 0 1 0 0 0.0011226 0 0 0 
0 0 5330 0 0 200 20.1075 -13 -2 1 0 1 0 0 0.00111915 0 0 0 
0 0 5335 0 0 200 20.1263 -13 -2 1 0 1 0 0 0.00111571 0 0 0 
0 0 5340 0 0 200 20.1452 -13 -2 1 0 1 0 0 0.00111229 0 0 0 
0 0 5345 0 0 200 20.1641 -13 -2 1 0 1 0 0 0.00110888 0 0 0 
0 0 5350 0 0 200 20.1829 -13 -2 1 0 1 0 0 0.00110548 0 0 0 
0 0 5355 0 0 200 20.2018 -13 -2 1 0 1 0 0 0.0011021 0 0 0 
0 0 5360 0 0 200 20.2206 -13 -2 1 0 1 0 0 0.00109873 0 0 0 
0 0 5365 0 0 200 20.2395 -13 -2 1 0 1 0 0 0.00109537 0 0 0 
0 0 5370 0 0 200 20.2584 -13 -2 1 0 1 0 0 0.00109203 0 0 0 
0 0 5375 0 0 200 20.2772 -13 -2 1 0 1 0 0 0.0010887 0 0 0 
0 0 5380 0 0 200 20.2961 -13 -2 1 0 1 0 0 0.00108539 0 0 0 
0 0 5385 0 0 200 20.315 -13 -2 1 0 1 0 0 0.00108209 0 0 0 
0 0 5390 0 0 200 20.3338 -13 -2 1 0 1 0 0 0.0010788 0 0 0 
0 0 5395 0 0 200 20.3527 -13 -2 1 0 1 0 0 0.00107553 0 0 0 
0 0 5400 0 0 200 20.3715 -13 -2 1 0 1 0 0 0.00107226 0 0 0 
0 0 5405 0 0 200 20.3904 -13 -2 1 0 1 0 0 0.00106901 0 0 0 
0 0 5410 0 0 200 20.4093 -13 -2 1 0 1 0 0 0.00106578 0 0 0 
0 0 5415 0 0 200 20.4281 -13 -2 1 0 1 0 0 0.00106256 0 0 0 
0 0 5420 0 0 200 20.447 -13 -2 1 0 1 0 0 0.00105935 0 0 0 
0 0 5425 0 0 200 20.4659 -13 -2 1 0 1 0 0 0.00105615 0 0 0 
0 0 5430 0 0 200 20.4847 -13 -2 1 0 1 0 0 0.00105297 0 0 0 
0 0 5435 0 0 200 20.5036 -13 -2 1 0 1 0 0 0.0010498 0 0 0 
0 0 5440 0 0 200 20.5224 -13 -2 1 0 1 0 0 0.00104664 0 0 0 
0 0 5445 0 0 200 20.5413 -13 -2 1 0 1 0 0 0.00104349 0 0 0 
0 0 5450 0 0 200 20.5602 -13 -2 1 0 1 0 0 0.00104036 0 0 0 
0 0 5455 0 0 200 20.579 -13 -2 1 0 1 0 0 0.00103724 0 0 0 
0 0 5460 0 0 200 20.5979 -13 -2 1 0 1 0 0 0.00103413 0 0 0 
0 0 5465 0 0 200 20.6168 -13 -2 1 0 1 0 0 0.00103104 0 0 0 
0 0 5470 0 0 200 20.6356 -13 -2 1 0 1 0 0 0.00102795 0 0 0 
0 0 5475 0 0 200 20.6545 -13 -2 1 0 1 0 0 0.00102488 0 0 0 
0 0 5480 0 0 200 20.6733 -13 -2 1 0 1 0 0 0.00102182 0 0 0 
0 0 5485 0 0 200 20.6922 -13 -2 1 0 1 0 0 0.00101878 0 0 0 
0 0 5490 0 0 200 20.7111 -13 -2 1 0 1 0 0 0.00101574 0 0 0 
0 0 5495 0 0 200 20.7299 -13 -2 1 0 1 0 0 0.00101272 0 0 0 
0 0 5500 0 0 200 20.7488 -13 -2 1 0 1 0 0 0.00100971 0 0 0 
0 0 5505 0 0 200 20.7677 -13 -2 1 0 1 0 0 0.00100671 0 0 0 
0 0 5510 0 0 200 20.7865 -13 -2 1 0 1 0 0 0.00100372 0 0 0 
0 0 5515 0 0 200 20.8054 -13 -2 1 0 1 0 0 0.00100075 0 0 0 
0 0 5520 0 0 200 20.8242 -13 -2 1 0 1 0 0 0.000997786 0 0 0 
0 0 5525 0 0 200 20.8431 -13 -2 1 0 1 0 0 0.000994833 0 0 0 
0 0 5530 0 0 200 20.862 -13 -2 1 0 1 0 0 0.000991892 0 0 0 
0 0 5535 0 0 200 20.8808 -13 -2 1 0 1 0 0 0.000988965 0 0 0 
0 0 5540 0 0 200 20.8997 -13 -2 1 0 1 0 0 0.000986046 0 0 0 
0 0 5545 0 0 200 20.9186 -13 -2 1 0 1 0 0 0.000983142 0 0 0 
0 0 5550 0 0 200 20.9374 -13 -2 1 0 1 0 0 0.000980248 0 0 0 
0 0 5555 0 0 200 20.9563 -13 -2 1 0 1 0 0 0.000977362 0 0 0 
0 0 5560 0 0 200 20.9751 -13 -2 1 0 1 0 0 0.000974493 0 0 0 
0 0 5565 0 0 200 20.994 -13 -2 1 0 1 0 0 0.000971633 0 0 0 
0 0 5570 0 0 200 21.0129 -13 -2 1 0 1 0 0 0.000968781 0 0 0 
0 0 5575 0 0 200 21.0317 -13 -2 1 0 1 0 0 0.000965945 0 0 0 
0 0 5580 0 0 200 21.0506 -13 -2 1 0 1 0 0 0.000963118 0 0 0 
0 0 5585 0 0 200 21.0695 -13 -2 1 0 1 0 0 0.0009603 0 0 0 
0 0 5590 0 0 200 21.0883 -13 -2 1 0 1 0 0 0.000957497 0 0 0 
0 0 5595 0 0 200 21.1072 -13 -2 1 0 1 0 0 0.000954701 0 0 0 
0 0 5600 0 0 200 21.126 -13 -2 1 0 1 0 0 0.000951918 0 0 0 
0 0 5605 0 0 200 21.1449 -13 -2 1 0 1 0 0 0.000949147 0 0 0 
0 0 5610 0 0 200 21.1638 -13 -2 1 0 1 0 0 0.000946382 0 0 0 
0 0 5615 0 0 200 21.1826 -13 -2 1 0 1 0 0 0.000943633 0 0 0 
0 0 5620 0 0 200 21.2015 -13 -2 1 0 1 0 0 0.000940893 0 0 0 
0 0 5625 0 0 200 21.2204 -13 -2 1 0 1 0 0 0.00093816 0 0 0 
0 0 5630 0 0 200 21.2392 -13 -2 1 0 1 0 0 0.000935443 0 0 0 
0 0 5635 0 0 200 21.2581 -13 -2 1 0 1 0 0 0.000932734 0 0 0 
0 0 5640 0 0 200 21.277 -13 -2 1 0 1 0 0 0.000930033 0 0 0 
0 0 5645 0 0 200 21.2958 -13 -2 1 0 1 0 0 0.000927348 0 0 0 
0 0 5650 0 0 200 21.3147 -13 -2 1 0 1 0 0 0.000924669 0 0 0 
0 0 5655 0 0 200 21.3335 -13 -2 1 0 1 0 0 0.000922001 0 0 0 
0 0 5660 0 0 200 21.3524 -13 -2 1 0 1 0 0 0.000919345 0 0 0 
0 0 5665 0 0 200 21.3713 -13 -2 1 0 1 0 0 0.000916696 0 0 0 
0 0 5670 0 0 200 21.3901 -13 -2 1 0 1 0 0 0.00091406 0 0 0 
0 0 5675 0 0 200 21.409 -13 -2 1 0 1 0 0 0.000911433 0 0 0 
0 0 5680 0 0 200 21.4279 -13 -2 1 0 1 0 0 0.000908814 0 0 0 
0 0 5685 0 0 200 21.4467 -13 -2 1 0 1 0 0 0.000906209 0 0 0 
0 0 5690 0 0 200 21.4656 -13 -2 1 0 1 0 0 0.000903612 0 0 0 
0 0 5695 0 0 200 21.4844 -13 -2 1 0 1 0 0 0.000901023 0 0 0 
0 0 5700 0 0 200 21.5033 -13 -2 1 0 1 0 0 0.000898448 0 0 0 
0 0 5705 0 0 200 21.5222 -13 -2 1 0 1 0 0 0.00089588 0 0 0 
0 0 5710 0 0 200 21.541 -13 -2 1 0 1 0 0 0.000893321 0 0 0 
0 0 5715 0 0 200 21.5599 -13 -2 1 0 1 0 0 0.000890775 0 0 0 
0 0 5720 0 0 200 21.5788 -13 -2 1 0 1 0 0 0.000888235 0 0 0 
0 0 5725 0 0 200 21.5976 -13 -2 1 0 1 0 0 0.000885707 0 0 0 
0 0 5730 0 0 200 21.6165 -13 -2 1 0 1 0 0 0.000883189 0 0 0 
0 0 5735 0 0 200 21.6353 -13 -2 1 0 1 0 0 0.000880677 0 0 0 
0 0 5740 0 0 200 21.6542 -13 -2 1 0 1 0 0 0.000878179 0 0 0 
0 0 5745 0 0 200 21.6731 -13 -2 1 0 1 0 0 0.000875688 0 0 0 
0 0 5750 0 0 200 21.6919 -13 -2 1 0 1 0 0 0.000873204 0 0 0 
0 0 5755 0 0 200 21.7108 -13 -2 1 0 1 0 0 0.000870735 0 0 0 
0 0 5760 0 0 200 21.7297 -13 -2 1 0 1 0 0 0.000868272 0 0 0 
0 0 5765 0 0 200 21.7485 -13 -2 1 0 1 0 0 0.000865817 0 0 0 
0 0 5770 0 0 200 21.7674 -13 -2 1 0 1 0 0 0.000863375 0 0 0 
0 0 5775 0 0 200 21.7862 -13 -2 1 0 1 0 0 0.000860939 0 0 0 
0 0 5780 0 0 200 21.8051 -13 -2 1 0 1 0 0 0.000858513 0 0 0 
0 0 5785 0 0 200 21.824 -13 -2 1 0 1 0 0 0.000856097 0 0 0 
0 0 5790 0 0 200 21.8428 -13 -2 1 0 1 0 0 0.000853688 0 0 0 
0 0 5795 0 0 200 21.8617 -13 -2 1 0 1 0 0 0.00085129 0 0 0 
0 0 5800 0 0 200 21.8806 -13 -2 1 0 1 0 0 0.000848901 0 0 0 
0 0 5805 0 0 200 21.8994 -13 -2 1 0 1 0 0 0.000846518 0 0 0 
0 0 5810 0 0 200 21.9183 -13 -2 1 0 1 0 0 0.000844148 0 0 0 
0 0 5815 0 0 200 21.9371 -13 -2 1 0 1 0 0 0.000841785 0 0 0 
0 0 5820 0 0 200 21.956 -13 -2 1 0 1 0 0 0.000839429 0 0 0 
0 0 5825 0 0 200 21.9749 -13 -2 1 0 1 0 0 0.000837085 0 0 0 
0 0 5830 0 0 200 21.9937 -13 -2 1 0 1 0 0 0.000834748 0 0 0 
0 0 5835 0 0 200 22.0126 -13 -2 1 0 1 0 0 0.000832419 0 0 0 
0 0 5840 0 0 200 22.0315 -13 -2 1 0 1 0 0 0.000830101 0 0 0 
0 0 5845 0 0 200 22.0503 -13 -2 1 0 1 0 0 0.000827789 0 0 0 
0 0 5850 0 0 200 22.0692 -13 -2 1 0 1 0 0 0.000825487 0 0 0 
0 0 5855 0 0 200 22.088 -13 -2 1 0 1 0 0 0.000823194 0 0 0 
0 0 5860 0 0 200 22.1069 -13 -2 1 0 1 0 0 0.000820906 0 0 0 
0 0 5865 0 0 200 22.1258 -13 -2 1 0 1 0 0 0.000818631 0 0 0 
0 0 5870 0 0 200 22.1446 -13 -2 1 0 1 0 0 0.000816363 0 0 0 
0 0 5875 0 0 200 22.1635 -13 -2 1 0 1 0 0 0.0008141 0 0 0 
0 0 5880 0 0 200 22.1824 -13 -2 1 0 1 0 0 0.00081185 0 0 0 
0 0 5885 0 0 200 22.2012 -13 -2 1 0 1 0 0 0.000809607 0 0 0 
0 0 5890 0 0 200 22.2201 -13 -2 1 0 1 0 0 0.00080737 0 0 0 
0 0 5895 0 0 200 22.2389 -13 -2 1 0 1 0 0 0.000805144 0 0 0 
0 0 5900 0 0 200 22.2578 -13 -2 1 0 1 0 0 0.000802925 0 0 0 
0 0 5905 0 0 200 22.2767 -13 -2 1 0 1 0 0 0.000800714 0 0 0 
0 0 5910 0 0 200 22.2955 -13 -2 1 0 1 0 0 0.000798512 0 0 0 
0 0 5915 0 0 200 22.3144 -13 -2 1 0 1 0 0 0.000796316 0 0 0 
0 0 5920 0 0 200 22.3333 -13 -2 1 0 1 0 0 0.00079413 0 0 0 
0 0 5925 0 0 200 22.3521 -13 -2 1 0 1 0 0 0.000791952 0 0 0 
0 0 5930 0 0 200 22.371 -13 -2 1 0 1 0 0 0.000789779 0 0 0 
0 0 5935 0 0 200 22.3898 -13 -2 1 0 1 0 0 0.000787618 0 0 0 
0 0 5940 0 0 200 22.4087 -13 -2 1 0 1 0 0 0.000785463 0 0 0 
0 0 5945 0 0 200 22.4276 -13 -2 1 0 1 0 0 0.000783314 0 0 0 
0 0 5950 0 0 200 22.4464 -13 -2 1 0 1 0 0 0.000781177 0 0 0 
0 0 5955 0 0 200 22.4653 -13 -2 1 0 1 0 0 0.000779045 0 0 0 
0 0 5960 0 0 200 22.4842 -13 -2 1 0 1 0 0 0.00077692 0 0 0 
0 0 5965 0 0 200 22.503 -13 -2 1 0 1 0 0 0.000774805 0 0 0 
0 0 5970 0 0 200 22.5219 -13 -2 1 0 1 0 0 0.000772696 0 0 0 
0 0 5975 0 0 200 22.5407 -13 -2 1 0 1 0 0 0.000770595 0 0 0 
0 0 5980 0 0 200 22.5596 -13 -2 1 0 1 0 0 0.000768503 0 0 0 
0 0 5985 0 0 200 22.5785 -13 -2 1 0 1 0 0 0.000766416 0 0 0 
0 0 5990 0 0 200 22.5973 -13 -2 1 0 1 0 0 0.000764339 0 0 0 
0 0 5995 0 0 200 22.6162 -13 -2 1 0 1 0 0 0.000762268 0 0 0 
0 0 6000 0 0 200 22.6351 -13 -2 1 0 1 0 0 0.000760203 0 0 0 
0 0 6005 0 0 200 22.6539 -13 -2 1 0 1 0 0 0.00075815 0 0 0 
0 0 6010 0 0 200 22.6728 -13 -2 1 0 1 0 0 0.000756101 0 0 0 
0 0 6015 0 0 200 22.6916 -13 -2 1 0 1 0 0 0.000754059 0 0 0 
0 0 6020 0 0 200 22.7105 -13 -2 1 0 1 0 0 0.000752027 0 0 0 
0 0 6025 0 0 200 22.7294 -13 -2 1 0 1 0 0 0.00075 0 0 0 
0 0 6030 0 0 200 22.7482 -13 -2 1 0 1 0 0 0.00074798 0 0 0 
0 0 6035 0 0 200 22.7671 -13 -2 1 0 1 0 0 0.000745969 0 0 0 
0 0 6040 0 0 200 22.786 -13 -2 1 0 1 0 0 0.000743963 0 0 0 
0 0 6045 0 0 200 22.8048 -13 -2 1 0 1 0 0 0.000741967 0 0 0 
0 0 6050 0 0 200 22.8237 -13 -2 1 0 1 0 0 0.000739977 0 0 0 
0 0 6055 0 0 200 22.8425 -13 -2 1 0 1 0 0 0.000737992 0 0 0 
0 0 6060 0 0 200 22.8614 -13 -2 1 0 1 0 0 0.000736017 0 0 0 
0 0 6065 0 0 200 22.8803 -13 -2 1 0 1 0 0 0.000734048 0 0 0 
0 0 6070 0 0 200 22.8991 -13 -2 1 0 1 0 0 0.000732084 0 0 0 
0 0 6075 0 0 200 22.918 -13 -2 1 0 1 0 0 0.000730131 0 0 0 
0 0 6080 0 0 200 22.9369 -13 -2 1 0 1 0 0 0.000728182 0 0 0 
0 0 6085 0 0 200 22.9557 -13 -2 1 0 1 0 0 0.00072624 0 0 0 
0 0 6090 0 0 200 22.9746 -13 -2 1 0 1 0 0 0.000724307 0 0 0 
0 0 6095 0 0 200 22.9934 -13 -2 1 0 1 0 0 0.000722378 0 0 0 
0 0 6100 0 0 200 23.0123 -13 -2 1 0 1 0 0 0.000720458 0 0 0 
0 0 6105 0 0 200 23.0312 -13 -2 1 0 1 0 0 0.000718544 0 0 0 
0 0 6110 0 0 200 23.05 -13 -2 1 0 1 0 0 0.000716636 0 0 0 
0 0 6110.68 0 0 200 23.0526 -13 -2 1 0 1 0 0 0.000716378 0 0 0 

# Event -1 Track 1
0 0 0 0 0 200 0 -13 -1 1 0 1 0 0 0.418572 0 0 0 
0 0 0.0005 0 0 200 1.88625e-06 -13 -1 1 0 1 0 0 0.418573 0 0 0 
0 0 5.0005 0 0 200 0.0188644 -13 -1 1 0 1 0 0 0.425594 0 0 0 
0 0 10.0005 0 0 200 0.037727 -13 -1 1 0 1 0 0 0.4327 0 0 0 
0 0 15.0005 0 0 200 0.0565895 -13 -1 1 0 1 0 0 0.439915 0 0 0 
0 0 20.0005 0 0 200 0.0754521 -13 -1 1 0 1 0 0 0.447304 0 0 0 
0 0 25.0005 0 0 200 0.0943146 -13 -1 1 0 1 0 0 0.45478 0 0 0 
0 0 30.0005 0 0 200 0.113177 -13 -1 1 0 1 0 0 0.462395 0 0 0 
0 0 35.0005 0 0 200 0.13204 -13 -1 1 0 1 0 0 0.470163 0 0 0 
0 0 40.0005 0 0 200 0.150902 -13 -1 1 0 1 0 0 0.478023 0 0 0 
0 0 45.0005 0 0 200 0.169765 -13 -1 1 0 1 0 0 0.486052 0 0 0 
0 0 50.0005 0 0 200 0.188627 -13 -1 1 0 1 0 0 0.494214 0 0 0 
0 0 55.0005 0 0 200 0.20749 -13 -1 1 0 1 0 0 0.502468 0 0 0 
0 0 60.0005 0 0 200 0.226352 -13 -1 1 0 1 0 0 0.510925 0 0 0 
0 0 65.0005 0 0 200 0.245215 -13 -1 1 0 1 0 0 0.51949 0 0 0 
0 0 70.0005 0 0 200 0.264077 -13 -1 1 0 1 0 0 0.528164 0 0 0 
0 0 75.0005 0 0 200 0.28294 -13 -1 1 0 1 0 0 0.537045 0 0 0 
0 0 80.0005 0 0 200 0.301803 -13 -1 1 0 1 0 0 0.546023 0 0 0 
0 0 85.0005 0 0 200 0.320665 -13 -1 1 0 1 0 0 0.55514 0 0 0 
0 0 90.0005 0 0 200 0.339528 -13 -1 1 0 1 0 0 0.564439 0 0 0 
0 0 95.0005 0 0 200 0.35839 -13 -1 1 0 1 0 0 0.573836 0 0 0 
0 0 100.001 0 0 200 0.377253 -13 -1 1 0 1 0 0 0.583402 0 0 0 
0 0 105.001 0 0 200 0.396115 -13 -1 1 0 1 0 0 0.593124 0 0 0 
0 0 110.001 0 0 200 0.414978 -13 -1 1 0 1 0 0 0.602945 0 0 0 
0 0 115.001 0 0 200 0.43384 -13 -1 1 0 1 0 0 0.612965 0 0 0 
0 0 120.001 0 0 200 0.452703 -13 -1 1 0 1 0 0 0.623111 0 0 0 
0 0 125.001 0 0 200 0.471565 -13 -1 1 0 1 0 0 0.633357 0 0 0 
0 0 130 0 0 200 0.490428 -13 -1 1 0 1 0 0 0.643827 0 0 0 
0 0 135 0 0 200 0.509291 -13 -1 1 0 1 0 0 0.654396 0 0 0 
0 0 140 0 0 200 0.528153 -13 -1 1 0 1 0 0 0.66509 0 0 0 
0 0 145 0 0 200 0.547016 -13 -1 1 0 1 0 0 0.675978 0 0 0 
0 0 150 0 0 200 0.565878 -13 -1 1 0 1 0 0 0.686962 0 0 0 
0 0 155 0 0 200 0.584741 -13 -1 1 0 1 0 0 0.698096 0 0 0 
0 0 160 0 0 200 0.603603 -13 -1 1 0 1 0 0 0.70939 0 0 0 
0 0 165 0 0 200 0.622466 -13 -1 1 0 1 0 0 0.720776 0 0 0 
0 0 170 0 0 200 0.641328 -13 -1 1 0 1 0 0 0.732333 0 0 0 
0 0 175 0 0 200 0.660191 -13 -1 1 0 1 0 0 0.744016 0 0 0 
0 0 180 0 0 200 0.679053 -13 -1 1 0 1 0 0 0.755788 0 0 0 
0 0 185 0 0 200 0.697916 -13 -1 1 0 1 0 0 0.767742 0 0 0 
0 0 190 0 0 200 0.716779 -13 -1 1 0 1 0 0 0.779791 0 0 0 
0 0 195 0 0 200 0.735641 -13 -1 1 0 1 0 0 0.791933 0 0 0 
0 0 200 0 0 200 0.754504 -13 -1 1 0 1 0 0 0.804242 0 0 0 
0 0 205 0 0 200 0.773366 -13 -1 1 0 1 0 0 0.816624 0 0 0 
0 0 210 0 0 200 0.792229 -13 -1 1 0 1 0 0 0.829111 0 0 0 
0 0 215 0 0 200 0.811091 -13 -1 1 0 1 0 0 0.841723 0 0 0 
0 0 220 0 0 200 0.829954 -13 -1 1 0 1 0 0 0.8544 0 0 0 
0 0 225 0 0 200 0.848816 -13 -1 1 0 1 0 0 0.867183 0 0 0 
0 0 230 0 0 200 0.867679 -13 -1 1 0 1 0 0 0.880052 0 0 0 
0 0 235 0 0 200 0.886541 -13 -1 1 0 1 0 0 0.892975 0 0 0 
0 0 240 0 0 200 0.905404 -13 -1 1 0 1 0 0 0.905993 0 0 0 
0 0 245 0 0 200 0.924266 -13 -1 1 0 1 0 0 0.919062 0 0 0 
0 0 250 0 0 200 0.943129 -13 -1 1 0 1 0 0 0.932172 0 0 0 
0 0 255 0 0 200 0.961992 -13 -1 1 0 1 0 0 0.945354 0 0 0 
0 0 260 0 0 200 0.980854 -13 -1 1 0 1 0 0 0.958557 0 0 0 
0 0 265 0 0 200 0.999717 -13 -1 1 0 1 0 0 0.971789 0 0 0 
0 0 270 0 0 200 1.01858 -13 -1 1 0 1 0 0 0.985045 0 0 0 
0 0 275 0 0 200 1.03744 -13 -1 1 0 1 0 0 0.998306 0 0 0 
0 0 280 0 0 200 1.0563 -13 -1 1 0 1 0 0 1.01157 0 0 0 
0 0 285 0 0 200 1.07517 -13 -1 1 0 1 0 0 1.02481 0 0 0 
0 0 290 0 0 200 1.09403 -13 -1 1 0 1 0 0 1.03804 0 0 0 
0 0 295 0 0 200 1.11289 -13 -1 1 0 1 0 0 1.05123 0 0 0 
0 0 300 0 0 200 1.13175 -13 -1 1 0 1 0 0 1.06437 0 0 0 
0 0 305 0 0 200 1.15062 -13 -1 1 0 1 0 0 1.07748 0 0 0 
0 0 310 0 0 200 1.16948 -13 -1 1 0 1 0 0 1.09048 0 0 0 
0 0 315 0 0 200 1.18834 -13 -1 1 0 1 0 0 1.1034 0 0 0 
0 0 320 0 0 200 1.2072 -13 -1 1 0 1 0 0 1.11626 0 0 0 
0 0 325 0 0 200 1.22607 -13 -1 1 0 1 0 0 1.12895 0 0 0 
0 0 330 0 0 200 1.24493 -13 -1 1 0 1 0 0 1.14156 0 0 0 
0 0 335 0 0 200 1.26379 -13 -1 1 0 1 0 0 1.15403 0 0 0 
0 0 340 0 0 200 1.28265 -13 -1 1 0 1 0 0 1.1663 0 0 0 
0 0 345 0 0 200 1.30152 -13 -1 1 0 1 0 0 1.17846 0 0 0 
0 0 350 0 0 200 1.32038 -13 -1 1 0 1 0 0 1.1904 0 0 0 
0 0 355 0 0 200 1.33924 -13 -1 1 0 1 0 0 1.20213 0 0 0 
0 0 360 0 0 200 1.3581 -13 -1 1 0 1 0 0 1.21372 0 0 0 
0 0 365 0 0 200 1.37697 -13 -1 1 0 1 0 0 1.22499 0 0 0 
0 0 370 0 0 200 1.39583 -13 -1 1 0 1 0 0 1.23604 0 0 0 
0 0 375 0 0 200 1.41469 -13 -1 1 0 1 0 0 1.24692 0 0 0 
0 0 380 0 0 200 1.43356 -13 -1 1 0 1 0 0 1.25737 0 0 0 
0 0 385 0 0 200 1.45242 -13 -1 1 0 1 0 0 1.26762 0 0 0 
0 0 390 0 0 200 1.47128 -13 -1 1 0 1 0 0 1.27761 0 0 0 
0 0 395 0 0 200 1.49014 -13 -1 1 0 1 0 0 1.28715 0 0 0 
0 0 400 0 0 200 1.50901 -13 -1 1 0 1 0 0 1.29647 0 0 0 
0 0 405 0 0 200 1.52787 -13 -1 1 0 1 0 0 1.30541 0 0 0 
0 0 410 0 0 200 1.54673 -13 -1 1 0 1 0 0 1.31393 0 0 0 
0 0 415 0 0 200 1.56559 -13 -1 1 0 1 0 0 1.32218 0 0 0 
0 0 420 0 0 200 1.58446 -13 -1 1 0 1 0 0 1.32995 0 0 0 
0 0 425 0 0 200 1.60332 -13 -1 1 0 1 0 0 1.33732 0 0 0 
0 0 430 0 0 200 1.62218 -13 -1 1 0 1 0 0 1.34441 0 0 0 
0 0 435 0 0 200 1.64104 -13 -1 1 0 1 0 0 1.35087 0 0 0 
0 0 440 0 0 200 1.65991 -13 -1 1 0 1 0 0 1.35699 0 0 0 
0 0 445 0 0 200 1.67877 -13 -1 1 0 1 0 0 1.36276 0 0 0 
0 0 450 0 0 200 1.69763 -13 -1 1 0 1 0 0 1.36786 0 0 0 
0 0 455 0 0 200 1.71649 -13 -1 1 0 1 0 0 1.37263 0 0 0 
0 0 460 0 0 200 1.73536 -13 -1 1 0 1 0 0 1.37694 0 0 0 
0 0 465 0 0 200 1.75422 -13 -1 1 0 1 0 0 1.38064 0 0 0 
0 0 470 0 0 200 1.77308 -13 -1 1 0 1 0 0 1.384 0 0 0 
0 0 475 0 0 200 1.79194 -13 -1 1 0 1 0 0 1.38679 0 0 0 
0 0 480 0 0 200 1.81081 -13 -1 1 0 1 0 0 1.38903 0 0 0 
0 0 485 0 0 200 1.82967 -13 -1 1 0 1 0 0 1.39093 0 0 0 
0 0 490 0 0 200 1.84853 -13 -1 1 0 1 0 0 1.39213 0 0 0 
0 0 495 0 0 200 1.86739 -13 -1 1 0 1 0 0 1.39288 0 0 0 
0 0 500 0 0 200 1.88626 -13 -1 1 0 1 0 0 1.39328 0 0 0 
0 0 505 0 0 200 1.90512 -13 -1 1 0 1 0 0 1.39288 0 0 0 
0 0 510 0 0 200 1.92398 -13 -1 1 0 1 0 0 1.39213 0 0 0 
0 0 515 0 0 200 1.94284 -13 -1 1 0 1 0 0 1.39092 0 0 0 
0 0 520 0 0 200 1.96171 -13 -1 1 0 1 0 0 1.38903 0 0 0 
0 0 525 0 0 200 1.98057 -13 -1 1 0 1 0 0 1.38679 0 0 0 
0 0 530 0 0 200 1.99943 -13 -1 1 0 1 0 0 1.384 0 0 0 
0 0 535 0 0 200 2.01829 -13 -1 1 0 1 0 0 1.38064 0 0 0 
0 0 540 0 0 200 2.03716 -13 -1 1 0 1 0 0 1.37694 0 0 0 
0 0 545 0 0 200 2.05602 -13 -1 1 0 1 0 0 1.37263 0 0 0 
0 0 550 0 0 200 2.07488 -13 -1 1 0 1 0 0 1.36785 0 0 0 
0 0 555 0 0 200 2.09374 -13 -1 1 0 1 0 0 1.36276 0 0 0 
0 0 560 0 0 200 2.11261 -13 -1 1 0 1 0 0 1.35699 0 0 0 
0 0 565 0 0 200 2.13147 -13 -1 1 0 1 0 0 1.35087 0 0 0 
0 0 570 0 0 200 2.15033 -13 -1 1 0 1 0 0 1.34441 0 0 0 
0 0 575 0 0 200 2.16919 -13 -1 1 0 1 0 0 1.33732 0 0 0 
0 0 580 0 0 200 2.18806 -13 -1 1 0 1 0 0 1.32995 0 0 0 
0 0 585 0 0 200 2.20692 -13 -1 1 0 1 0 0 1.32218 0 0 0 
0 0 590 0 0 200 2.22578 -13 -1 1 0 1 0 0 1.31393 0 0 0 
0 0 595 0 0 200 2.24464 -13 -1 1 0 1 0 0 1.30541 0 0 0 
0 0 600 0 0 200 2.26351 -13 -1 1 0 1 0 0 1.29647 0 0 0 
0 0 605 0 0 200 2.28237 -13 -1 1 0 1 0 0 1.28715 0 0 0 
0 0 610 0 0 200 2.30123 -13 -1 1 0 1 0 0 1.27761 0 0 0 
0 0 615 0 0 200 2.32009 -13 -1 1 0 1 0 0 1.26762 0 0 0 
0 0 620 0 0 200 2.33896 -13 -1 1 0 1 0 0 1.25737 0 0 0 
0 0 625 0 0 200 2.35782 -13 -1 1 0 1 0 0 1.24692 0 0 0 
0 0 630 0 0 200 2.37668 -13 -1 1 0 1 0 0 1.23604 0 0 0 
0 0 635 0 0 200 2.39554 -13 -1 1 0 1 0 0 1.22499 0 0 0 
0 0 640 0 0 200 2.41441 -13 -1 1 0 1 0 0 1.21371 0 0 0 
0 0 645 0 0 200 2.43327 -13 -1 1 0 1 0 0 1.20213 0 0 0 
0 0 650 0 0 200 2.45213 -13 -1 1 0 1 0 0 1.1904 0 0 0 
0 0 655 0 0 200 2.471 -13 -1 1 0 1 0 0 1.17846 0 0 0 
0 0 660 0 0 200 2.48986 -13 -1 1 0 1 0 0 1.1663 0 0 0 
0 0 665 0 0 200 2.50872 -13 -1 1 0 1 0 0 1.15403 0 0 0 
0 0 670 0 0 200 2.52758 -13 -1 1 0 1 0 0 1.14155 0 0 0 
0 0 675 0 0 200 2.54645 -13 -1 1 0 1 0 0 1.12895 0 0 0 
0 0 680 0 0 200 2.56531 -13 -1 1 0 1 0 0 1.11626 0 0 0 
0 0 685 0 0 200 2.58417 -13 -1 1 0 1 0 0 1.1034 0 0 0 
0 0 690 0 0 200 2.60303 -13 -1 1 0 1 0 0 1.09047 0 0 0 
0 0 695 0 0 200 2.6219 -13 -1 1 0 1 0 0 1.07747 0 0 0 
0 0 700 0 0 200 2.64076 -13 -1 1 0 1 0 0 1.06437 0 0 0 
0 0 705 0 0 200 2.65962 -13 -1 1 0 1 0 0 1.05123 0 0 0 
0 0 710 0 0 200 2.67848 -13 -1 1 0 1 0 0 1.03804 0 0 0 
0 0 715 0 0 200 2.69735 -13 -1 1 0 1 0 0 1.02481 0 0 0 
0 0 720 0 0 200 2.71621 -13 -1 1 0 1 0 0 1.01157 0 0 0 
0 0 725 0 0 200 2.73507 -13 -1 1 0 1 0 0 0.998303 0 0 0 
0 0 730 0 0 200 2.75393 -13 -1 1 0 1 0 0 0.985043 0 0 0 
0 0 735 0 0 200 2.7728 -13 -1 1 0 1 0 0 0.971787 0 0 0 
0 0 740 0 0 200 2.79166 -13 -1 1 0 1 0 0 0.958555 0 0 0 
0 0 745 0 0 200 2.81052 -13 -1 1 0 1 0 0 0.945351 0 0 0 
0 0 750 0 0 200 2.82938 -13 -1 1 0 1 0 0 0.93217 0 0 0 
0 0 755 0 0 200 2.84825 -13 -1 1 0 1 0 0 0.91906 0 0 0 
0 0 760 0 0 200 2.86711 -13 -1 1 0 1 0 0 0.90599 0 0 0 
0 0 765 0 0 200 2.88597 -13 -1 1 0 1 0 0 0.892972 0 0 0 
0 0 770 0 0 200 2.90483 -13 -1 1 0 1 0 0 0.88005 0 0 0 
0 0 775 0 0 200 2.9237 -13 -1 1 0 1 0 0 0.86718 0 0 0 
0 0 780 0 0 200 2.94256 -13 -1 1 0 1 0 0 0.854398 0 0 0 
0 0 785 0 0 200 2.96142 -13 -1 1 0 1 0 0 0.841721 0 0 0 
0 0 790 0 0 200 2.98028 -13 -1 1 0 1 0 0 0.829108 0 0 0 
0 0 795 0 0 200 2.99915 -13 -1 1 0 1 0 0 0.816622 0 0 0 
0 0 800 0 0 200 3.01801 -13 -1 1 0 1 0 0 0.804239 0 0 0 
0 0 805 0 0 200 3.03687 -13 -1 1 0 1 0 0 0.791931 0 0 0 
0 0 810 0 0 200 3.05573 -13 -1 1 0 1 0 0 0.779788 0 0 0 
0 0 815 0 0 200 3.0746 -13 -1 1 0 1 0 0 0.76774 0 0 0 
0 0 820 0 0 200 3.09346 -13 -1 1 0 1 0 0 0.755785 0 0 0 
0 0 825 0 0 200 3.11232 -13 -1 1 0 1 0 0 0.744014 0 0 0 
0 0 830 0 0 200 3.13118 -13 -1 1 0 1 0 0 0.732331 0 0 0 
0 0 835 0 0 200 3.15005 -13 -1 1 0 1 0 0 0.720774 0 0 0 
0 0 840 0 0 200 3.16891 -13 -1 1 0 1 0 0 0.709387 0 0 0 
0 0 845 0 0 200 3.18777 -13 -1 1 0 1 0 0 0.698093 0 0 0 
0 0 850 0 0 200 3.20663 -13 -1 1 0 1 0 0 0.68696 0 0 0 
0 0 855 0 0 200 3.2255 -13 -1 1 0 1 0 0 0.675976 0 0 0 
0 0 860 0 0 200 3.24436 -13 -1 1 0 1 0 0 0.665088 0 0 0 
0 0 865 0 0 200 3.26322 -13 -1 1 0 1 0 0 0.654394 0 0 0 
0 0 870 0 0 200 3.28208 -13 -1 1 0 1 0 0 0.643825 0 0 0 
0 0 875 0 0 200 3.30095 -13 -1 1 0 1 0 0 0.633354 0 0 0 
0 0 880 0 0 200 3.31981 -13 -1 1 0 1 0 0 0.623109 0 0 0 
0 0 885 0 0 200 3.33867 -13 -1 1 0 1 0 0 0.612963 0 0 0 
0 0 890 0 0 200 3.35753 -13 -1 1 0 1 0 0 0.602943 0 0 0 
0 0 895 0 0 200 3.3764 -13 -1 1 0 1 0 0 0.593122 0 0 0 
0 0 900 0 0 200 3.39526 -13 -1 1 0 1 0 0 0.5834 0 0 0 
0 0 905 0 0 200 3.41412 -13 -1 1 0 1 0 0 0.573834 0 0 0 
0 0 910 0 0 200 3.43298 -13 -1 1 0 1 0 0 0.564437 0 0 0 
0 0 915 0 0 200 3.45185 -13 -1 1 0 1 0 0 0.555138 0 0 0 
0 0 920 0 0 200 3.47071 -13 -1 1 0 1 0 0 0.546021 0 0 0 
0 0 925 0 0 200 3.48957 -13 -1 1 0 1 0 0 0.537043 0 0 0 
0 0 930 0 0 200 3.50843 -13 -1 1 0 1 0 0 0.528162 0 0 0 
0 0 935 0 0 200 3.5273 -13 -1 1 0 1 0 0 0.519488 0 0 0 
0 0 940 0 0 200 3.54616 -13 -1 1 0 1 0 0 0.510923 0 0 0 
0 0 945 0 0 200 3.56502 -13 -1 1 0 1 0 0 0.502467 0 0 0 
0 0 950 0 0 200 3.58389 -13 -1 1 0 1 0 0 0.494212 0 0 0 
0 0 955 0 0 200 3.60275 -13 -1 1 0 1 0 0 0.48605 0 0 0 
0 0 960 0 0 200 3.62161 -13 -1 1 0 1 0 0 0.478021 0 0 0 
0 0 965 0 0 200 3.64047 -13 -1 1 0 1 0 0 0.470162 0 0 0 
0 0 970 0 0 200 3.65934 -13 -1 1 0 1 0 0 0.462393 0 0 0 
0 0 975 0 0 200 3.6782 -13 -1 1 0 1 0 0 0.454778 0 0 0 
0 0 980 0 0 200 3.69706 -13 -1 1 0 1 0 0 0.447302 0 0 0 
0 0 985 0 0 200 3.71592 -13 -1 1 0 1 0 0 0.439914 0 0 0 
0 0 990 0 0 200 3.73479 -13 -1 1 0 1 0 0 0.432699 0 0 0 
0 0 995 0 0 200 3.75365 -13 -1 1 0 1 0 0 0.425593 0 0 0 
0 0 1000 0 0 200 3.77251 -13 -1 1 0 1 0 0 0.418572 0 0 0 
0 0 1005 0 0 200 3.79137 -13 -1 1 0 1 0 0 0.411741 0 0 0 
0 0 1010 0 0 200 3.81024 -13 -1 1 0 1 0 0 0.404992 0 0 0 
0 0 1015 0 0 200 3.8291 -13 -1 1 0 1 0 0 0.398347 0 0 0 
0 0 1020 0 0 200 3.84796 -13 -1 1 0 1 0 0 0.391862 0 0 0 
0 0 1025 0 0 200 3.86682 -13 -1 1 0 1 0 0 0.385455 0 0 0 
0 0 1030 0 0 200 3.88569 -13 -1 1 0 1 0 0 0.37917 0 0 0 
0 0 1035 0 0 200 3.90455 -13 -1 1 0 1 0 0 0.373016 0 0 0 
0 0 1040 0 0 200 3.92341 -13 -1 1 0 1 0 0 0.366936 0 0 0 
0 0 1045 0 0 200 3.94227 -13 -1 1 0 1 0 0 0.360995 0 0 0 
0 0 1050 0 0 200 3.96114 -13 -1 1 0 1 0 0 0.355157 0 0 0 
0 0 1055 0 0 200 3.98 -13 -1 1 0 1 0 0 0.349391 0 0 0 
0 0 1060 0 0 200 3.99886 -13 -1 1 0 1 0 0 0.343776 0 0 0 
0 0 1065 0 0 200 4.01772 -13 -1 1 0 1 0 0 0.33824 0 0 0 
0 0 1070 0 0 200 4.03659 -13 -1 1 0 1 0 0 0.332782 0 0 0 
0 0 1075 0 0 200 4.05545 -13 -1 1 0 1 0 0 0.327468 0 0 0 
0 0 1080 0 0 200 4.07431 -13 -1 1 0 1 0 0 0.32222 0 0 0 
0 0 1085 0 0 200 4.09317 -13 -1 1 0 1 0 0 0.317064 0 0 0 
0 0 1090 0 0 200 4.11204 -13 -1 1 0 1 0 0 0.312027 0 0 0 
0 0 1095 0 0 200 4.1309 -13 -1 1 0 1 0 0 0.307051 0 0 0 
0 0 1100 0 0 200 4.14976 -13 -1 1 0 1 0 0 0.302182 0 0 0 
0 0 1105 0 0 200 4.16862 -13 -1 1 0 1 0 0 0.297407 0 0 0 
0 0 1110 0 0 200 4.18749 -13 -1 1 0 1 0 0 0.292692 0 0 0 
0 0 1115 0 0 200 4.20635 -13 -1 1 0 1 0 0 0.288093 0 0 0 
0 0 1120 0 0 200 4.22521 -13 -1 1 0 1 0 0 0.283567 0 0 0 
0 0 1125 0 0 200 4.24407 -13 -1 1 0 1 0 0 0.279098 0 0 0 
0 0 1130 0 0 200 4.26294 -13 -1 1 0 1 0 0 0.274755 0 0 0 
0 0 1135 0 0 200 4.2818 -13 -1 1 0 1 0 0 0.270466 0 0 0 
0 0 1140 0 0 200 4.30066 -13 -1 1 0 1 0 0 0.266246 0 0 0 
0 0 1145 0 0 200 4.31952 -13 -1 1 0 1 0 0 0.262129 0 0 0 
0 0 1150 0 0 200 4.33839 -13 -1 1 0 1 0 0 0.258064 0 0 0 
0 0 1155 0 0 200 4.35725 -13 -1 1 0 1 0 0 0.254077 0 0 0 
0 0 1160 0 0 200 4.37611 -13 -1 1 0 1 0 0 0.250175 0 0 0 
0 0 1165 0 0 200 4.39497 -13 -1 1 0 1 0 0 0.246322 0 0 0 
0 0 1170 0 0 200 4.41384 -13 -1 1 0 1 0 0 0.242557 0 0 0 
0 0 1175 0 0 200 4.4327 -13 -1 1 0 1 0 0 0.238858 0 0 0 
0 0 1180 0 0 200 4.45156 -13 -1 1 0 1 0 0 0.235204 0 0 0 
0 0 1185 0 0 200 4.47042 -13 -1 1 0 1 0 0 0.231647 0 0 0 
0 0 1190 0 0 200 4.48929 -13 -1 1 0 1 0 0 0.22814 0 0 0 
0 0 1195 0 0 200 4.50815 -13 -1 1 0 1 0 0 0.224683 0 0 0 
0 0 1200 0 0 200 4.52701 -13 -1 1 0 1 0 0 0.221315 0 0 0 
0 0 1205 0 0 200 4.54587 -13 -1 1 0 1 0 0 0.21799 0 0 0 
0 0 1210 0 0 200 4.56474 -13 -1 1 0 1 0 0 0.214722 0 0 0 
0 0 1215 0 0 200 4.5836 -13 -1 1 0 1 0 0 0.211529 0 0 0 
0 0 1220 0 0 200 4.60246 -13 -1 1 0 1 0 0 0.208374 0 0 0 
0 0 1225 0 0 200 4.62132 -13 -1 1 0 1 0 0 0.205286 0 0 0 
0 0 1230 0 0 200 4.64019 -13 -1 1 0 1 0 0 0.202256 0 0 0 
0 0 1235 0 0 200 4.65905 -13 -1 1 0 1 0 0 0.199263 0 0 0 
0 0 1240 0 0 200 4.67791 -13 -1 1 0 1 0 0 0.196343 0 0 0 
0 0 1245 0 0 200 4.69678 -13 -1 1 0 1 0 0 0.193468 0 0 0 
0 0 1250 0 0 200 4.71564 -13 -1 1 0 1 0 0 0.190629 0 0 0 
0 0 1255 0 0 200 4.7345 -13 -1 1 0 1 0 0 0.187867 0 0 0 
0 0 1260 0 0 200 4.75336 -13 -1 1 0 1 0 0 0.185138 0 0 0 
0 0 1265 0 0 200 4.77223 -13 -1 1 0 1 0 0 0.182452 0 0 0 
0 0 1270 0 0 200 4.79109 -13 -1 1 0 1 0 0 0.17983 0 0 0 
0 0 1275 0 0 200 4.80995 -13 -1 1 0 1 0 0 0.177239 0 0 0 
0 0 1280 0 0 200 4.82881 -13 -1 1 0 1 0 0 0.174698 0 0 0 
0 0 1285 0 0 200 4.84768 -13 -1 1 0 1 0 0 0.172208 0 0 0 
0 0 1290 0 0 200 4.86654 -13 -1 1 0 1 0 0 0.169747 0 0 0 
0 0 1295 0 0 200 4.8854 -13 -1 1 0 1 0 0 0.167342 0 0 0 
0 0 1300 0 0 200 4.90426 -13 -1 1 0 1 0 0 0.164976 0 0 0 
0 0 1305 0 0 200 4.92313 -13 -1 1 0 1 0 0 0.162639 0 0 0 
0 0 1310 0 0 200 4.94199 -13 -1 1 0 1 0 0 0.160361 0 0 0 
0 0 1315 0 0 200 4.96085 -13 -1 1 0 1 0 0 0.158113 0 0 0 
0 0 1320 0 0 200 4.97971 -13 -1 1 0 1 0 0 0.155896 0 0 0 
0 0 1325 0 0 200 4.99858 -13 -1 1 0 1 0 0 0.153735 0 0 0 
0 0 1330 0 0 200 5.01744 -13 -1 1 0 1 0 0 0.151598 0 0 0 
0 0 1335 0 0 200 5.0363 -13 -1 1 0 1 0 0 0.149498 0 0 0 
0 0 1340 0 0 200 5.05516 -13 -1 1 0 1 0 0 0.147442 0 0 0 
0 0 1345 0 0 200 5.07403 -13 -1 1 0 1 0 0 0.145411 0 0 0 
0 0 1350 0 0 200 5.09289 -13 -1 1 0 1 0 0 0.14342 0 0 0 
0 0 1355 0 0 200 5.11175 -13 -1 1 0 1 0 0 0.141465 0 0 0 
0 0 1360 0 0 200 5.13061 -13 -1 1 0 1 0 0 0.139533 0 0 0 
0 0 1365 0 0 200 5.14948 -13 -1 1 0 1 0 0 0.137645 0 0 0 
0 0 1370 0 0 200 5.16834 -13 -1 1 0 1 0 0 0.135785 0 0 0 
0 0 1375 0 0 200 5.1872 -13 -1 1 0 1 0 0 0.133946 0 0 0 
0 0 1380 0 0 200 5.20606 -13 -1 1 0 1 0 0 0.132156 0 0 0 
0 0 1385 0 0 200 5.22493 -13 -1 1 0 1 0 0 0.130385 0 0 0 
0 0 1390 0 0 200 5.24379 -13 -1 1 0 1 0 0 0.128641 0 0 0 
0 0 1395 0 0 200 5.26265 -13 -1 1 0 1 0 0 0.126936 0 0 0 
0 0 1400 0 0 200 5.28151 -13 -1 1 0 1 0 0 0.12525 0 0 0 
0 0 1405 0 0 200 5.30038 -13 -1 1 0 1 0 0 0.123595 0 0 0 
0 0 1410 0 0 200 5.31924 -13 -1 1 0 1 0 0 0.121971 0 0 0 
0 0 1415 0 0 200 5.3381 -13 -1 1 0 1 0 0 0.120365 0 0 0 
0 0 1420 0 0 200 5.35696 -13 -1 1 0 1 0 0 0.118793 0 0 0 
0 0 1425 0 0 200 5.37583 -13 -1 1 0 1 0 0 0.117246 0 0 0 
0 0 1430 0 0 200 5.39469 -13 -1 1 0 1 0 0 0.115716 0 0 0 
0 0 1435 0 0 200 5.41355 -13 -1 1 0 1 0 0 0.114222 0 0 0 
0 0 1440 0 0 200 5.43241 -13 -1 1 0 1 0 0 0.112748 0 0 0 
0 0 1445 0 0 200 5.45128 -13 -1 1 0 1 0 0 0.111292 0 0 0 
0 0 1450 0 0 200 5.47014 -13 -1 1 0 1 0 0 0.10987 0 0 0 
0 0 1455 0 0 200 5.489 -13 -1 1 0 1 0 0 0.108464 0 0 0 
0 0 1460 0 0 200 5.50786 -13 -1 1 0 1 0 0 0.10708 0 0 0 
0 0 1465 0 0 200 5.52673 -13 -1 1 0 1 0 0 0.105724 0 0 0 
0 0 1470 0 0 200 5.54559 -13 -1 1 0 1 0 0 0.104383 0 0 0 
0 0 1475 0 0 200 5.56445 -13 -1 1 0 1 0 0 0.103067 0 0 0 
0 0 1480 0 0 200 5.58331 -13 -1 1 0 1 0 0 0.101773 0 0 0 
0 0 1485 0 0 200 5.60218 -13 -1 1 0 1 0 0 0.100494 0 0 0 
0 0 1490 0 0 200 5.62104 -13 -1 1 0 1 0 0 0.0992415 0 0 0 
0 0 1495 0 0 200 5.6399 -13 -1 1 0 1 0 0 0.0980067 0 0 0 
0 0 1500 0 0 200 5.65876 -13 -1 1 0 1 0 0 0.0967852 0 0 0 
0 0 1505 0 0 200 5.67763 -13 -1 1 0 1 0 0 0.0955934 0 0 0 
0 0 1510 0 0 200 5.69649 -13 -1 1 0 1 0 0 0.0944143 0 0 0 
0 0 1515 0 0 200 5.71535 -13 -1 1 0 1 0 0 0.0932515 0 0 0 
0 0 1520 0 0 200 5.73421 -13 -1 1 0 1 0 0 0.0921132 0 0 0 
0 0 1525 0 0 200 5.75308 -13 -1 1 0 1 0 0 0.090987 0 0 0 
0 0 1530 0 0 200 5.77194 -13 -1 1 0 1 0 0 0.0898795 0 0 0 
0 0 1535 0 0 200 5.7908 -13 -1 1 0 1 0 0 0.0887918 0 0 0 
0 0 1540 0 0 200 5.80967 -13 -1 1 0 1 0 0 0.0877157 0 0 0 
0 0 1545 0 0 200 5.82853 -13 -1 1 0 1 0 0 0.0866604 0 0 0 
0 0 1550 0 0 200 5.84739 -13 -1 1 0 1 0 0 0.0856208 0 0 0 
0 0 1555 0 0 200 5.86625 -13 -1 1 0 1 0 0 0.0845922 0 0 0 
0 0 1560 0 0 200 5.88512 -13 -1 1 0 1 0 0 0.0835863 0 0 0 
0 0 1565 0 0 200 5.90398 -13 -1 1 0 1 0 0 0.0825923 0 0 0 
0 0 1570 0 0 200 5.92284 -13 -1 1 0 1 0 0 0.08161 0 0 0 
0 0 1575 0 0 200 5.9417 -13 -1 1 0 1 0 0 0.0806494 0 0 0 
0 0 1580 0 0 200 5.96057 -13 -1 1 0 1 0 0 0.0796986 0 0 0 
0 0 1585 0 0 200 5.97943 -13 -1 1 0 1 0 0 0.0787617 0 0 0 
0 0 1590 0 0 200 5.99829 -13 -1 1 0 1 0 0 0.0778426 0 0 0 
0 0 1595 0 0 200 6.01715 -13 -1 1 0 1 0 0 0.0769328 0 0 0 
0 0 1600 0 0 200 6.03602 -13 -1 1 0 1 0 0 0.0760388 0 0 0 
0 0 1605 0 0 200 6.05488 -13 -1 1 0 1 0 0 0.075159 0 0 0 
0 0 1610 0 0 200 6.07374 -13 -1 1 0 1 0 0 0.0742881 0 0 0 
0 0 1615 0 0 200 6.0926 -13 -1 1 0 1 0 0 0.0734348 0 0 0 
0 0 1620 0 0 200 6.11147 -13 -1 1 0 1 0 0 0.0725924 0 0 0 
0 0 1625 0 0 200 6.13033 -13 -1 1 0 1 0 0 0.0717585 0 0 0 
0 0 1630 0 0 200 6.14919 -13 -1 1 0 1 0 0 0.0709435 0 0 0 
0 0 1635 0 0 200 6.16805 -13 -1 1 0 1 0 0 0.0701366 0 0 0 
0 0 1640 0 0 200 6.18692 -13 -1 1 0 1 0 0 0.0693401 0 0 0 
0 0 1645 0 0 200 6.20578 -13 -1 1 0 1 0 0 0.0685592 0 0 0 
0 0 1650 0 0 200 6.22464 -13 -1 1 0 1 0 0 0.0677861 0 0 0 
0 0 1655 0 0 200 6.2435 -13 -1 1 0 1 0 0 0.0670249 0 0 0 
0 0 1660 0 0 200 6.26237 -13 -1 1 0 1 0 0 0.0662765 0 0 0 
0 0 1665 0 0 200 6.28123 -13 -1 1 0 1 0 0 0.0655354 0 0 0 
0 0 1670 0 0 200 6.30009 -13 -1 1 0 1 0 0 0.0648078 0 0 0 
0 0 1675 0 0 200 6.31895 -13 -1 1 0 1 0 0 0.0640902 0 0 0 
0 0 1680 0 0 200 6.33782 -13 -1 1 0 1 0 0 0.0633796 0 0 0 
0 0 1685 0 0 200 6.35668 -13 -1 1 0 1 0 0 0.0626838 0 0 0 
0 0 1690 0 0 200 6.37554 -13 -1 1 0 1 0 0 0.0619955 0 0 0 
0 0 1695 0 0 200 6.3944 -13 -1 1 0 1 0 0 0.0613149 0 0 0 
0 0 1700 0 0 200 6.41327 -13 -1 1 0 1 0 0 0.0606482 0 0 0 
0 0 1705 0 0 200 6.43213 -13 -1 1 0 1 0 0 0.0599879 0 0 0 
0 0 1710 0 0 200 6.45099 -13 -1 1 0 1 0 0 0.0593366 0 0 0 
0 0 1715 0 0 200 6.46985 -13 -1 1 0 1 0 0 0.0586968 0 0 0 
0 0 1720 0 0 200 6.48872 -13 -1 1 0 1 0 0 0.058063 0 0 0 
0 0 1725 0 0 200 6.50758 -13 -1 1 0 1 0 0 0.0574396 0 0 0 
0 0 1730 0 0 200 6.52644 -13 -1 1 0 1 0 0 0.0568253 0 0 0 
0 0 1735 0 0 200 6.5453 -13 -1 1 0 1 0 0 0.0562169 0 0 0 
0 0 1740 0 0 200 6.56417 -13 -1 1 0 1 0 0 0.0556198 0 0 0 
0 0 1745 0 0 200 6.58303 -13 -1 1 0 1 0 0 0.0550299 0 0 0 
0 0 1750 0 0 200 6.60189 -13 -1 1 0 1 0 0 0.0544455 0 0 0 
0 0 1755 0 0 200 6.62075 -13 -1 1 0 1 0 0 0.0538736 0 0 0 
0 0 1760 0 0 200 6.63962 -13 -1 1 0 1 0 0 0.0533068 0 0 0 
0 0 1765 0 0 200 6.65848 -13 -1 1 0 1 0 0 0.0527469 0 0 0 
0 0 1770 0 0 200 6.67734 -13 -1 1 0 1 0 0 0.0521973 0 0 0 
0 0 1775 0 0 200 6.6962 -13 -1 1 0 1 0 0 0.0516527 0 0 0 
0 0 1780 0 0 200 6.71507 -13 -1 1 0 1 0 0 0.051116 0 0 0 
0 0 1785 0 0 200 6.73393 -13 -1 1 0 1 0 0 0.0505876 0 0 0 
0 0 1790 0 0 200 6.75279 -13 -1 1 0 1 0 0 0.0500641 0 0 0 
0 0 1795 0 0 200 6.77165 -13 -1 1 0 1 0 0 0.0495495 0 0 0 
0 0 1800 0 0 200 6.79052 -13 -1 1 0 1 0 0 0.0490415 0 0 0 
0 0 1805 0 0 200 6.80938 -13 -1 1 0 1 0 0 0.0485381 0 0 0 
0 0 1810 0 0 200 6.82824 -13 -1 1 0 1 0 0 0.0480444 0 0 0 
0 0 1815 0 0 200 6.8471 -13 -1 1 0 1 0 0 0.0475558 0 0 0 
0 0 1820 0 0 200 6.86597 -13 -1 1 0 1 0 0 0.0470722 0 0 0 
0 0 1825 0 0 200 6.88483 -13 -1 1 0 1 0 0 0.0465978 0 0 0 
0 0 1830 0 0 200 6.90369 -13 -1 1 0 1 0 0 0.0461277 0 0 0 
0 0 1835 0 0 200 6.92256 -13 -1 1 0 1 0 0 0.0456636 0 0 0 
0 0 1840 0 0 200 6.94142 -13 -1 1 0 1 0 0 0.0452071 0 0 0 
0 0 1845 0 0 200 6.96028 -13 -1 1 0 1 0 0 0.0447546 0 0 0 
0 0 1850 0 0 200 6.97914 -13 -1 1 0 1 0 0 0.044309 0 0 0 
0 0 1855 0 0 200 6.99801 -13 -1 1 0 1 0 0 0.0438695 0 0 0 
0 0 1860 0 0 200 7.01687 -13 -1 1 0 1 0 0 0.0434339 0 0 0 
0 0 1865 0 0 200 7.03573 -13 -1 1 0 1 0 0 0.043006 0 0 0 
0 0 1870 0 0 200 7.05459 -13 -1 1 0 1 0 0 0.0425828 0 0 0 
0 0 1875 0 0 200 7.07346 -13 -1 1 0 1 0 0 0.0421633 0 0 0 
0 0 1880 0 0 200 7.09232 -13 -1 1 0 1 0 0 0.0417521 0 0 0 
0 0 1885 0 0 200 7.11118 -13 -1 1 0 1 0 0 0.0413444 0 0 0 
0 0 1890 0 0 200 7.13004 -13 -1 1 0 1 0 0 0.0409414 0 0 0 
0 0 1895 0 0 200 7.14891 -13 -1 1 0 1 0 0 0.0405452 0 0 0 
0 0 1900 0 0 200 7.16777 -13 -1 1 0 1 0 0 0.0401524 0 0 0 
0 0 1905 0 0 200 7.18663 -13 -1 1 0 1 0 0 0.0397649 0 0 0 
0 0 1910 0 0 200 7.20549 -13 -1 1 0 1 0 0 0.0393831 0 0 0 
0 0 1915 0 0 200 7.22436 -13 -1 1 0 1 0 0 0.0390045 0 0 0 
0 0 1920 0 0 200 7.24322 -13 -1 1 0 1 0 0 0.038632 0 0 0 
0 0 1925 0 0 200 7.26208 -13 -1 1 0 1 0 0 0.0382639 0 0 0 
0 0 1930 0 0 200 7.28094 -13 -1 1 0 1 0 0 0.0378989 0 0 0 
0 0 1935 0 0 200 7.29981 -13 -1 1 0 1 0 0 0.0375405 0 0 0 
0 0 1940 0 0 200 7.31867 -13 -1 1 0 1 0 0 0.0371855 0 0 0 
0 0 1945 0 0 200 7.33753 -13 -1 1 0 1 0 0 0.036834 0 0 0 
0 0 1950 0 0 200 7.35639 -13 -1 1 0 1 0 0 0.0364887 0 0 0 
0 0 1955 0 0 200 7.37526 -13 -1 1 0 1 0 0 0.0361464 0 0 0 
0 0 1960 0 0 200 7.39412 -13 -1 1 0 1 0 0 0.0358081 0 0 0 
0 0 1965 0 0 200 7.41298 -13 -1 1 0 1 0 0 0.0354749 0 0 0 
0 0 1970 0 0 200 7.43184 -13 -1 1 0 1 0 0 0.0351446 0 0 0 
0 0 1975 0 0 200 7.45071 -13 -1 1 0 1 0 0 0.0348189 0 0 0 
0 0 1980 0 0 200 7.46957 -13 -1 1 0 1 0 0 0.0344974 0 0 0 
0 0 1985 0 0 200 7.48843 -13 -1 1 0 1 0 0 0.0341786 0 0 0 
0 0 1990 0 0 200 7.50729 -13 -1 1 0 1 0 0 0.033865 0 0 0 
0 0 1995 0 0 200 7.52616 -13 -1 1 0 1 0 0 0.0335547 0 0 0 
0 0 2000 0 0 200 7.54502 -13 -1 1 0 1 0 0 0.0332469 0 0 0 
0 0 2005 0 0 200 7.56388 -13 -1 1 0 1 0 0 0.0329448 0 0 0 
0 0 2010 0 0 200 7.58274 -13 -1 1 0 1 0 0 0.0326452 0 0 0 
0 0 2015 0 0 200 7.60161 -13 -1 1 0 1 0 0 0.0323486 0 0 0 
0 0 2020 0 0 200 7.62047 -13 -1 1 0 1 0 0 0.0320569 0 0 0 
0 0 2025 0 0 200 7.63933 -13 -1 1 0 1 0 0 0.0317675 0 0 0 
0 0 2030 0 0 200 7.65819 -13 -1 1 0 1 0 0 0.0314817 0 0 0 
0 0 2035 0 0 200 7.67706 -13 -1 1 0 1 0 0 0.0311998 0 0 0 
0 0 2040 0 0 200 7.69592 -13 -1 1 0 1 0 0 0.0309202 0 0 0 
0 0 2045 0 0 200 7.71478 -13 -1 1 0 1 0 0 0.0306448 0 0 0 
0 0 2050 0 0 200 7.73364 -13 -1 1 0 1 0 0 0.0303724 0 0 0 
0 0 2055 0 0 200 7.75251 -13 -1 1 0 1 0 0 0.0301022 0 0 0 
0 0 2060 0 0 200 7.77137 -13 -1 1 0 1 0 0 0.0298366 0 0 0 
0 0 2065 0 0 200 7.79023 -13 -1 1 0 1 0 0 0.0295733 0 0 0 
0 0 2070 0 0 200 7.80909 -13 -1 1 0 1 0 0 0.0293124 0 0 0 
0 0 2075 0 0 200 7.82796 -13 -1 1 0 1 0 0 0.0290559 0 0 0 
0 0 2080 0 0 200 7.84682 -13 -1 1 0 1 0 0 0.0288014 0 0 0 
0 0 2085 0 0 200 7.86568 -13 -1 1 0 1 0 0 0.0285498 0 0 0 
0 0 2090 0 0 200 7.88454 -13 -1 1 0 1 0 0 0.0283017 0 0 0 
0 0 2095 0 0 200 7.90341 -13 -1 1 0 1 0 0 0.0280556 0 0 0 
0 0 2100 0 0 200 7.92227 -13 -1 1 0 1 0 0 0.0278128 0 0 0 
0 0 2105 0 0 200 7.94113 -13 -1 1 0 1 0 0 0.0275728 0 0 0 
0 0 2110 0 0 200 7.96 -13 -1 1 0 1 0 0 0.0273348 0 0 0 
0 0 2115 0 0 200 7.97886 -13 -1 1 0 1 0 0 0.0271004 0 0 0 
0 0 2120 0 0 200 7.99772 -13 -1 1 0 1 0 0 0.0268683 0 0 0 
0 0 2125 0 0 200 8.01658 -13 -1 1 0 1 0 0 0.0266379 0 0 0 
0 0 2130 0 0 200 8.03545 -13 -1 1 0 1 0 0 0.0264116 0 0 0 
0 0 2135 0 0 200 8.05431 -13 -1 1 0 1 0 0 0.026187 0 0 0 
0 0 2140 0 0 200 8.07317 -13 -1 1 0 1 0 0 0.0259646 0 0 0 
0 0 2145 0 0 200 8.09203 -13 -1 1 0 1 0 0 0.0257455 0 0 0 
0 0 2150 0 0 200 8.1109 -13 -1 1 0 1 0 0 0.0255281 0 0 0 
0 0 2155 0 0 200 8.12976 -13 -1 1 0 1 0 0 0.0253133 0 0 0 
0 0 2160 0 0 200 8.14862 -13 -1 1 0 1 0 0 0.0251012 0 0 0 
0 0 2165 0 0 200 8.16748 -13 -1 1 0 1 0 0 0.0248907 0 0 0 
0 0 2170 0 0 200 8.18635 -13 -1 1 0 1 0 0 0.0246832 0 0 0 
0 0 2175 0 0 200 8.20521 -13 -1 1 0 1 0 0 0.0244778 0 0 0 
0 0 2180 0 0 200 8.22407 -13 -1 1 0 1 0 0 0.024274 0 0 0 
0 0 2185 0 0 200 8.24293 -13 -1 1 0 1 0 0 0.0240734 0 0 0 
0 0 2190 0 0 200 8.2618 -13 -1 1 0 1 0 0 0.0238745 0 0 0 
0 0 2195 0 0 200 8.28066 -13 -1 1 0 1 0 0 0.0236773 0 0 0 
0 0 2200 0 0 200 8.29952 -13 -1 1 0 1 0 0 0.0234832 0 0 0 
0 0 2205 0 0 200 8.31838 -13 -1 1 0 1 0 0 0.0232905 0 0 0 
0 0 2210 0 0 200 8.33725 -13 -1 1 0 1 0 0 0.0230998 0 0 0 
0 0 2215 0 0 200 8.35611 -13 -1 1 0 1 0 0 0.0229117 0 0 0 
0 0 2220 0 0 200 8.37497 -13 -1 1 0 1 0 0 0.022725 0 0 0 
0 0 2225 0 0 200 8.39383 -13 -1 1 0 1 0 0 0.0225406 0 0 0 
0 0 2230 0 0 200 8.4127 -13 -1 1 0 1 0 0 0.0223583 0 0 0 
0 0 2235 0 0 200 8.43156 -13 -1 1 0 1 0 0 0.0221773 0 0 0 
0 0 2240 0 0 200 8.45042 -13 -1 1 0 1 0 0 0.021999 0 0 0 
0 0 2245 0 0 200 8.46928 -13 -1 1 0 1 0 0 0.0218223 0 0 0 
0 0 2250 0 0 200 8.48815 -13 -1 1 0 1 0 0 0.0216468 0 0 0 
0 0 2255 0 0 200 8.50701 -13 -1 1 0 1 0 0 0.0214743 0 0 0 
0 0 2260 0 0 200 8.52587 -13 -1 1 0 1 0 0 0.0213029 0 0 0 
0 0 2265 0 0 200 8.54473 -13 -1 1 0 1 0 0 0.0211331 0 0 0 
0 0 2270 0 0 200 8.5636 -13 -1 1 0 1 0 0 0.0209658 0 0 0 
0 0 2275 0 0 200 8.58246 -13 -1 1 0 1 0 0 0.0207996 0 0 0 
0 0 2280 0 0 200 8.60132 -13 -1 1 0 1 0 0 0.0206353 0 0 0 
0 0 2285 0 0 200 8.62018 -13 -1 1 0 1 0 0 0.020473 0 0 0 
0 0 2290 0 0 200 8.63905 -13 -1 1 0 1 0 0 0.0203118 0 0 0 
0 0 2295 0 0 200 8.65791 -13 -1 1 0 1 0 0 0.0201527 0 0 0 
0 0 2300 0 0 200 8.67677 -13 -1 1 0 1 0 0 0.0199952 0 0 0 
0 0 2305 0 0 200 8.69563 -13 -1 1 0 1 0 0 0.0198389 0 0 0 
0 0 2310 0 0 200 8.7145 -13 -1 1 0 1 0 0 0.0196848 0 0 0 
0 0 2315 0 0 200 8.73336 -13 -1 1 0 1 0 0 0.019532 0 0 0 
0 0 2320 0 0 200 8.75222 -13 -1 1 0 1 0 0 0.0193804 0 0 0 
0 0 2325 0 0 200 8.77108 -13 -1 1 0 1 0 0 0.019231 0 0 0 
0 0 2330 0 0 200 8.78995 -13 -1 1 0 1 0 0 0.0190827 0 0 0 
0 0 2335 0 0 200 8.80881 -13 -1 1 0 1 0 0 0.0189359 0 0 0 
0 0 2340 0 0 200 8.82767 -13 -1 1 0 1 0 0 0.0187909 0 0 0 
0 0 2345 0 0 200 8.84653 -13 -1 1 0 1 0 0 0.0186469 0 0 0 
0 0 2350 0 0 200 8.8654 -13 -1 1 0 1 0 0 0.0185046 0 0 0 
0 0 2355 0 0 200 8.88426 -13 -1 1 0 1 0 0 0.0183638 0 0 0 
0 0 2360 0 0 200 8.90312 -13 -1 1 0 1 0 0 0.018224 0 0 0 
0 0 2365 0 0 200 8.92198 -13 -1 1 0 1 0 0 0.0180861 0 0 0 
0 0 2370 0 0 200 8.94085 -13 -1 1 0 1 0 0 0.0179494 0 0 0 
0 0 2375 0 0 200 8.95971 -13 -1 1 0 1 0 0 0.0178136 0 0 0 
0 0 2380 0 0 200 8.97857 -13 -1 1 0 1 0 0 0.01768 0 0 0 
0 0 2385 0 0 200 8.99743 -13 -1 1 0 1 0 0 0.0175472 0 0 0 
0 0 2390 0 0 200 9.0163 -13 -1 1 0 1 0 0 0.0174156 0 0 0 
0 0 2395 0 0 200 9.03516 -13 -1 1 0 1 0 0 0.0172857 0 0 0 
0 0 2400 0 0 200 9.05402 -13 -1 1 0 1 0 0 0.0171567 0 0 0 
0 0 2405 0 0 200 9.07289 -13 -1 1 0 1 0 0 0.0170291 0 0 0 
0 0 2410 0 0 200 9.09175 -13 -1 1 0 1 0 0 0.0169029 0 0 0 
0 0 2415 0 0 200 9.11061 -13 -1 1 0 1 0 0 0.0167775 0 0 0 
0 0 2420 0 0 200 9.12947 -13 -1 1 0 1 0 0 0.0166537 0 0 0 
0 0 2425 0 0 200 9.14834 -13 -1 1 0 1 0 0 0.0165311 0 0 0 
0 0 2430 0 0 200 9.1672 -13 -1 1 0 1 0 0 0.0164093 0 0 0 
0 0 2435 0 0 200 9.18606 -13 -1 1 0 1 0 0 0.0162892 0 0 0 
0 0 2440 0 0 200 9.20492 -13 -1 1 0 1 0 0 0.01617 0 0 0 
0 0 2445 0 0 200 9.22379 -13 -1 1 0 1 0 0 0.0160517 0 0 0 
0 0 2450 0 0 200 9.24265 -13 -1 1 0 1 0 0 0.0159351 0 0 0 
0 0 2455 0 0 200 9.26151 -13 -1 1 0 1 0 0 0.0158192 0 0 0 
0 0 2460 0 0 200 9.28037 -13 -1 1 0 1 0 0 0.0157044 0 0 0 
0 0 2465 0 0 200 9.29924 -13 -1 1 0 1 0 0 0.015591 0 0 0 
0 0 2470 0 0 200 9.3181 -13 -1 1 0 1 0 0 0.0154783 0 0 0 
0 0 2475 0 0 200 9.33696 -13 -1 1 0 1 0 0 0.0153669 0 0 0 
0 0 2480 0 0 200 9.35582 -13 -1 1 0 1 0 0 0.0152566 0 0 0 
0 0 2485 0 0 200 9.37469 -13 -1 1 0 1 0 0 0.015147 0 0 0 
0 0 2490 0 0 200 9.39355 -13 -1 1 0 1 0 0 0.0150388 0 0 0 
0 0 2495 0 0 200 9.41241 -13 -1 1 0 1 0 0 0.0149316 0 0 0 
0 0 2500 0 0 200 9.43127 -13 -1 1 0 1 0 0 0.014825 0 0 0 
0 0 2505 0 0 200 9.45014 -13 -1 1 0 1 0 0 0.0147199 0 0 0 
0 0 2510 0 0 200 9.469 -13 -1 1 0 1 0 0 0.0146156 0 0 0 
0 0 2515 0 0 200 9.48786 -13 -1 1 0 1 0 0 0.014512 0 0 0 
0 0 2520 0 0 200 9.50672 -13 -1 1 0 1 0 0 0.0144098 0 0 0 
0 0 2525 0 0 200 9.52559 -13 -1 1 0 1 0 0 0.0143083 0 0 0 
0 0 2530 0 0 200 9.54445 -13 -1 1 0 1 0 0 0.0142078 0 0 0 
0 0 2535 0 0 200 9.56331 -13 -1 1 0 1 0 0 0.0141083 0 0 0 
0 0 2540 0 0 200 9.58217 -13 -1 1 0 1 0 0 0.0140095 0 0 0 
0 0 2545 0 0 200 9.60104 -13 -1 1 0 1 0 0 0.0139118 0 0 0 
0 0 2550 0 0 200 9.6199 -13 -1 1 0 1 0 0 0.013815 0 0 0 
0 0 2555 0 0 200 9.63876 -13 -1 1 0 1 0 0 0.0137188 0 0 0 
0 0 2560 0 0 200 9.65762 -13 -1 1 0 1 0 0 0.0136239 0 0 0 
0 0 2565 0 0 200 9.67649 -13 -1 1 0 1 0 0 0.0135296 0 0 0 
0 0 2570 0 0 200 9.69535 -13 -1 1 0 1 0 0 0.0134361 0 0 0 
0 0 2575 0 0 200 9.71421 -13 -1 1 0 1 0 0 0.0133438 0 0 0 
0 0 2580 0 0 200 9.73307 -13 -1 1 0 1 0 0 0.013252 0 0 0 
0 0 2585 0 0 200 9.75194 -13 -1 1 0 1 0 0 0.0131611 0 0 0 
0 0 2590 0 0 200 9.7708 -13 -1 1 0 1 0 0 0.0130712 0 0 0 
0 0 2595 0 0 200 9.78966 -13 -1 1 0 1 0 0 0.0129818 0 0 0 
0 0 2600 0 0 200 9.80852 -13 -1 1 0 1 0 0 0.0128934 0 0 0 
0 0 2605 0 0 200 9.82739 -13 -1 1 0 1 0 0 0.0128058 0 0 0 
0 0 2610 0 0 200 9.84625 -13 -1 1 0 1 0 0 0.0127188 0 0 0 
0 0 2615 0 0 200 9.86511 -13 -1 1 0 1 0 0 0.0126328 0 0 0 
0 0 2620 0 0 200 9.88397 -13 -1 1 0 1 0 0 0.0125476 0 0 0 
0 0 2625 0 0 200 9.90284 -13 -1 1 0 1 0 0 0.0124628 0 0 0 
0 0 2630 0 0 200 9.9217 -13 -1 1 0 1 0 0 0.0123792 0 0 0 
0 0 2635 0 0 200 9.94056 -13 -1 1 0 1 0 0 0.0122961 0 0 0 
0 0 2640 0 0 200 9.95942 -13 -1 1 0 1 0 0 0.0122136 0 0 0 
0 0 2645 0 0 200 9.97829 -13 -1 1 0 1 0 0 0.0121322 0 0 0 
0 0 2650 0 0 200 9.99715 -13 -1 1 0 1 0 0 0.0120512 0 0 0 
0 0 2655 0 0 200 10.016 -13 -1 1 0 1 0 0 0.011971 0 0 0 
0 0 2660 0 0 200 10.0349 -13 -1 1 0 1 0 0 0.0118916 0 0 0 
0 0 2665 0 0 200 10.0537 -13 -1 1 0 1 0 0 0.0118127 0 0 0 
0 0 2670 0 0 200 10.0726 -13 -1 1 0 1 0 0 0.0117347 0 0 0 
0 0 2675 0 0 200 10.0915 -13 -1 1 0 1 0 0 0.0116573 0 0 0 
0 0 2680 0 0 200 10.1103 -13 -1 1 0 1 0 0 0.0115804 0 0 0 
0 0 2685 0 0 200 10.1292 -13 -1 1 0 1 0 0 0.0115045 0 0 0 
0 0 2690 0 0 200 10.148 -13 -1 1 0 1 0 0 0.011429 0 0 0 
0 0 2695 0 0 200 10.1669 -13 -1 1 0 1 0 0 0.0113541 0 0 0 
0 0 2700 0 0 200 10.1858 -13 -1 1 0 1 0 0 0.0112801 0 0 0 
0 0 2705 0 0 200 10.2046 -13 -1 1 0 1 0 0 0.0112066 0 0 0 
0 0 2710 0 0 200 10.2235 -13 -1 1 0 1 0 0 0.0111337 0 0 0 
0 0 2715 0 0 200 10.2424 -13 -1 1 0 1 0 0 0.0110616 0 0 0 
0 0 2720 0 0 200 10.2612 -13 -1 1 0 1 0 0 0.0109899 0 0 0 
0 0 2725 0 0 200 10.2801 -13 -1 1 0 1 0 0 0.0109189 0 0 0 
0 0 2730 0 0 200 10.299 -13 -1 1 0 1 0 0 0.0108485 0 0 0 
0 0 2735 0 0 200 10.3178 -13 -1 1 0 1 0 0 0.0107786 0 0 0 
0 0 2740 0 0 200 10.3367 -13 -1 1 0 1 0 0 0.0107095 0 0 0 
0 0 2745 0 0 200 10.3555 -13 -1 1 0 1 0 0 0.0106409 0 0 0 
0 0 2750 0 0 200 10.3744 -13 -1 1 0 1 0 0 0.0105726 0 0 0 
0 0 2755 0 0 200 10.3933 -13 -1 1 0 1 0 0 0.0105053 0 0 0 
0 0 2760 0 0 200 10.4121 -13 -1 1 0 1 0 0 0.0104384 0 0 0 
0 0 2765 0 0 200 10.431 -13 -1 1 0 1 0 0 0.010372 0 0 0 
0 0 2770 0 0 200 10.4499 -13 -1 1 0 1 0 0 0.0103063 0 0 0 
0 0 2775 0 0 200 10.4687 -13 -1 1 0 1 0 0 0.010241 0 0 0 
0 0 2780 0 0 200 10.4876 -13 -1 1 0 1 0 0 0.0101763 0 0 0 
0 0 2785 0 0 200 10.5064 -13 -1 1 0 1 0 0 0.0101122 0 0 0 
0 0 2790 0 0 200 10.5253 -13 -1 1 0 1 0 0 0.0100484 0 0 0 
0 0 2795 0 0 200 10.5442 -13 -1 1 0 1 0 0 0.0099854 0 0 0 
0 0 2800 0 0 200 10.563 -13 -1 1 0 1 0 0 0.00992285 0 0 0 
0 0 2805 0 0 200 10.5819 -13 -1 1 0 1 0 0 0.00986067 0 0 0 
0 0 2810 0 0 200 10.6008 -13 -1 1 0 1 0 0 0.00979923 0 0 0 
0 0 2815 0 0 200 10.6196 -13 -1 1 0 1 0 0 0.00973818 0 0 0 
0 0 2820 0 0 200 10.6385 -13 -1 1 0 1 0 0 0.00967753 0 0 0 
0 0 2825 0 0 200 10.6573 -13 -1 1 0 1 0 0 0.00961761 0 0 0 
0 0 2830 0 0 200 10.6762 -13 -1 1 0 1 0 0 0.00955802 0 0 0 
0 0 2835 0 0 200 10.6951 -13 -1 1 0 1 0 0 0.0094989 0 0 0 
0 0 2840 0 0 200 10.7139 -13 -1 1 0 1 0 0 0.0094404 0 0 0 
0 0 2845 0 0 200 10.7328 -13 -1 1 0 1 0 0 0.00938222 0 0 0 
0 0 2850 0 0 200 10.7517 -13 -1 1 0 1 0 0 0.0093246 0 0 0 
0 0 2855 0 0 200 10.7705 -13 -1 1 0 1 0 0 0.00926747 0 0 0 
0 0 2860 0 0 200 10.7894 -13 -1 1 0 1 0 0 0.00921066 0 0 0 
0 0 2865 0 0 200 10.8082 -13 -1 1 0 1 0 0 0.00915448 0 0 0 
0 0 2870 0 0 200 10.8271 -13 -1 1 0 1 0 0 0.0090987 0 0 0 
0 0 2875 0 0 200 10.846 -13 -1 1 0 1 0 0 0.00904322 0 0 0 
0 0 2880 0 0 200 10.8648 -13 -1 1 0 1 0 0 0.00898844 0 0 0 
0 0 2885 0 0 200 10.8837 -13 -1 1 0 1 0 0 0.00893395 0 0 0 
0 0 2890 0 0 200 10.9026 -13 -1 1 0 1 0 0 0.00887985 0 0 0 
0 0 2895 0 0 200 10.9214 -13 -1 1 0 1 0 0 0.00882634 0 0 0 
0 0 2900 0 0 200 10.9403 -13 -1 1 0 1 0 0 0.00877312 0 0 0 
0 0 2905 0 0 200 10.9591 -13 -1 1 0 1 0 0 0.00872036 0 0 0 
0 0 2910 0 0 200 10.978 -13 -1 1 0 1 0 0 0.00866808 0 0 0 
0 0 2915 0 0 200 10.9969 -13 -1 1 0 1 0 0 0.00861609 0 0 0 
0 0 2920 0 0 200 11.0157 -13 -1 1 0 1 0 0 0.00856462 0 0 0 
0 0 2925 0 0 200 11.0346 -13 -1 1 0 1 0 0 0.00851354 0 0 0 
0 0 2930 0 0 200 11.0535 -13 -1 1 0 1 0 0 0.00846274 0 0 0 
0 0 2935 0 0 200 11.0723 -13 -1 1 0 1 0 0 0.00841253 0 0 0 
0 0 2940 0 0 200 11.0912 -13 -1 1 0 1 0 0 0.00836262 0 0 0 
0 0 2945 0 0 200 11.11 -13 -1 1 0 1 0 0 0.00831302 0 0 0 
0 0 2950 0 0 200 11.1289 -13 -1 1 0 1 0 0 0.00826398 0 0 0 
0 0 2955 0 0 200 11.1478 -13 -1 1 0 1 0 0 0.00821521 0 0 0 
0 0 2960 0 0 200 11.1666 -13 -1 1 0 1 0 0 0.00816681 0 0 0 
0 0 2965 0 0 200 11.1855 -13 -1 1 0 1 0 0 0.00811888 0 0 0 
0 0 2970 0 0 200 11.2044 -13 -1 1 0 1 0 0 0.00807121 0 0 0 
0 0 2975 0 0 200 11.2232 -13 -1 1 0 1 0 0 0.00802397 0 0 0 
0 0 2980 0 0 200 11.2421 -13 -1 1 0 1 0 0 0.00797712 0 0 0 
0 0 2985 0 0 200 11.2609 -13 -1 1 0 1 0 0 0.00793052 0 0 0 
0 0 2990 0 0 200 11.2798 -13 -1 1 0 1 0 0 0.00788441 0 0 0 
0 0 2995 0 0 200 11.2987 -13 -1 1 0 1 0 0 0.00783861 0 0 0 
0 0 3000 0 0 200 11.3175 -13 -1 1 0 1 0 0 0.00779305 0 0 0 
0 0 3005 0 0 200 11.3364 -13 -1 1 0 1 0 0 0.00774804 0 0 0 
0 0 3010 0 0 200 11.3553 -13 -1 1 0 1 0 0 0.00770326 0 0 0 
0 0 3015 0 0 200 11.3741 -13 -1 1 0 1 0 0 0.00765878 0 0 0 
0 0 3020 0 0 200 11.393 -13 -1 1 0 1 0 0 0.00761476 0 0 0 
0 0 3025 0 0 200 11.4118 -13 -1 1 0 1 0 0 0.00757097 0 0 0 
0 0 3030 0 0 200 11.4307 -13 -1 1 0 1 0 0 0.00752754 0 0 0 
0 0 3035 0 0 200 11.4496 -13 -1 1 0 1 0 0 0.00748449 0 0 0 
0 0 3040 0 0 200 11.4684 -13 -1 1 0 1 0 0 0.00744167 0 0 0 
0 0 3045 0 0 200 11.4873 -13 -1 1 0 1 0 0 0.00739926 0 0 0 
0 0 3050 0 0 200 11.5062 -13 -1 1 0 1 0 0 0.00735715 0 0 0 
0 0 3055 0 0 200 11.525 -13 -1 1 0 1 0 0 0.00731527 0 0 0 
0 0 3060 0 0 200 11.5439 -13 -1 1 0 1 0 0 0.00727384 0 0 0 
0 0 3065 0 0 200 11.5627 -13 -1 1 0 1 0 0 0.00723266 0 0 0 
0 0 3070 0 0 200 11.5816 -13 -1 1 0 1 0 0 0.00719172 0 0 0 
0 0 3075 0 0 200 11.6005 -13 -1 1 0 1 0 0 0.00715122 0 0 0 
0 0 3080 0 0 200 11.6193 -13 -1 1 0 1 0 0 0.00711093 0 0 0 
0 0 3085 0 0 200 11.6382 -13 -1 1 0 1 0 0 0.00707094 0 0 0 
0 0 3090 0 0 200 11.6571 -13 -1 1 0 1 0 0 0.00703132 0 0 0 
0 0 3095 0 0 200 11.6759 -13 -1 1 0 1 0 0 0.0069919 0 0 0 
0 0 3100 0 0 200 11.6948 -13 -1 1 0 1 0 0 0.00695282 0 0 0 
0 0 3105 0 0 200 11.7136 -13 -1 1 0 1 0 0 0.00691406 0 0 0 
0 0 3110 0 0 200 11.7325 -13 -1 1 0 1 0 0 0.00687548 0 0 0 
0 0 3115 0 0 200 11.7514 -13 -1 1 0 1 0 0 0.0068373 0 0 0 
0 0 3120 0 0 200 11.7702 -13 -1 1 0 1 0 0 0.00679936 0 0 0 
0 0 3125 0 0 200 11.7891 -13 -1 1 0 1 0 0 0.00676162 0 0 0 
0 0 3130 0 0 200 11.808 -13 -1 1 0 1 0 0 0.0067243 0 0 0 
0 0 3135 0 0 200 11.8268 -13 -1 1 0 1 0 0 0.00668717 0 0 0 
0 0 3140 0 0 200 11.8457 -13 -1 1 0 1 0 0 0.00665028 0 0 0 
0 0 3145 0 0 200 11.8645 -13 -1 1 0 1 0 0 0.00661375 0 0 0 
0 0 3150 0 0 200 11.8834 -13 -1 1 0 1 0 0 0.00657741 0 0 0 
0 0 3155 0 0 200 11.9023 -13 -1 1 0 1 0 0 0.00654135 0 0 0 
0 0 3160 0 0 200 11.9211 -13 -1 1 0 1 0 0 0.0065056 0 0 0 
0 0 3165 0 0 200 11.94 -13 -1 1 0 1 0 0 0.00647002 0 0 0 
0 0 3170 0 0 200 11.9589 -13 -1 1 0 1 0 0 0.00643477 0 0 0 
0 0 3175 0 0 200 11.9777 -13 -1 1 0 1 0 0 0.00639976 0 0 0 
0 0 3180 0 0 200 11.9966 -13 -1 1 0 1 0 0 0.00636493 0 0 0 
0 0 3185 0 0 200 12.0154 -13 -1 1 0 1 0 0 0.00633047 0 0 0 
0 0 3190 0 0 200 12.0343 -13 -1 1 0 1 0 0 0.00629619 0 0 0 
0 0 3195 0 0 200 12.0532 -13 -1 1 0 1 0 0 0.00626211 0 0 0 
0 0 3200 0 0 200 12.072 -13 -1 1 0 1 0 0 0.00622839 0 0 0 
0 0 3205 0 0 200 12.0909 -13 -1 1 0 1 0 0 0.00619483 0 0 0 
0 0 3210 0 0 200 12.1098 -13 -1 1 0 1 0 0 0.0061615 0 0 0 
0 0 3215 0 0 200 12.1286 -13 -1 1 0 1 0 0 0.00612848 0 0 0 
0 0 3220 0 0 200 12.1475 -13 -1 1 0 1 0 0 0.00609561 0 0 0 
0 0 3225 0 0 200 12.1663 -13 -1 1 0 1 0 0 0.00606302 0 0 0 
0 0 3230 0 0 200 12.1852 -13 -1 1 0 1 0 0 0.00603067 0 0 0 
0 0 3235 0 0 200 12.2041 -13 -1 1 0 1 0 0 0.00599848 0 0 0 
0 0 3240 0 0 200 12.2229 -13 -1 1 0 1 0 0 0.0059666 0 0 0 
0 0 3245 0 0 200 12.2418 -13 -1 1 0 1 0 0 0.00593492 0 0 0 
0 0 3250 0 0 200 12.2607 -13 -1 1 0 1 0 0 0.00590339 0 0 0 
0 0 3255 0 0 200 12.2795 -13 -1 1 0 1 0 0 0.0058722 0 0 0 
0 0 3260 0 0 200 12.2984 -13 -1 1 0 1 0 0 0.00584116 0 0 0 
0 0 3265 0 0 200 12.3172 -13 -1 1 0 1 0 0 0.00581032 0 0 0 
0 0 3270 0 0 200 12.3361 -13 -1 1 0 1 0 0 0.00577977 0 0 0 
0 0 3275 0 0 200 12.355 -13 -1 1 0 1 0 0 0.00574936 0 0 0 
0 0 3280 0 0 200 12.3738 -13 -1 1 0 1 0 0 0.00571918 0 0 0 
0 0 3285 0 0 200 12.3927 -13 -1 1 0 1 0 0 0.00568924 0 0 0 
0 0 3290 0 0 200 12.4116 -13 -1 1 0 1 0 0 0.00565945 0 0 0 
0 0 3295 0 0 200 12.4304 -13 -1 1 0 1 0 0 0.00562992 0 0 0 
0 0 3300 0 0 200 12.4493 -13 -1 1 0 1 0 0 0.00560059 0 0 0 
0 0 3305 0 0 200 12.4681 -13 -1 1 0 1 0 0 0.0055714 0 0 0 
0 0 3310 0 0 200 12.487 -13 -1 1 0 1 0 0 0.0055425 0 0 0 
0 0 3315 0 0 200 12.5059 -13 -1 1 0 1 0 0 0.00551375 0 0 0 
0 0 3320 0 0 200 12.5247 -13 -1 1 0 1 0 0 0.00548516 0 0 0 
0 0 3325 0 0 200 12.5436 -13 -1 1 0 1 0 0 0.00545686 0 0 0 
0 0 3330 0 0 200 12.5625 -13 -1 1 0 1 0 0 0.00542869 0 0 0 
0 0 3335 0 0 200 12.5813 -13 -1 1 0 1 0 0 0.0054007 0 0 0 
0 0 3340 0 0 200 12.6002 -13 -1 1 0 1 0 0 0.00537296 0 0 0 
0 0 3345 0 0 200 12.619 -13 -1 1 0 1 0 0 0.00534535 0 0 0 
0 0 3350 0 0 200 12.6379 -13 -1 1 0 1 0 0 0.00531795 0 0 0 
0 0 3355 0 0 200 12.6568 -13 -1 1 0 1 0 0 0.00529076 0 0 0 
0 0 3360 0 0 200 12.6756 -13 -1 1 0 1 0 0 0.00526369 0 0 0 
0 0 3365 0 0 200 12.6945 -13 -1 1 0 1 0 0 0.00523687 0 0 0 
0 0 3370 0 0 200 12.7134 -13 -1 1 0 1 0 0 0.00521022 0 0 0 
0 0 3375 0 0 200 12.7322 -13 -1 1 0 1 0 0 0.00518368 0 0 0 
0 0 3380 0 0 200 12.7511 -13 -1 1 0 1 0 0 0.00515742 0 0 0 
0 0 3385 0 0 200 12.7699 -13 -1 1 0 1 0 0 0.00513128 0 0 0 
0 0 3390 0 0 200 12.7888 -13 -1 1 0 1 0 0 0.0051053 0 0 0 
0 0 3395 0 0 200 12.8077 -13 -1 1 0 1 0 0 0.00507956 0 0 0 
0 0 3400 0 0 200 12.8265 -13 -1 1 0 1 0 0 0.00505393 0 0 0 
0 0 3405 0 0 200 12.8454 -13 -1 1 0 1 0 0 0.00502848 0 0 0 
0 0 3410 0 0 200 12.8643 -13 -1 1 0 1 0 0 0.00500324 0 0 0 
0 0 3415 0 0 200 12.8831 -13 -1 1 0 1 0 0 0.00497811 0 0 0 
0 0 3420 0 0 200 12.902 -13 -1 1 0 1 0 0 0.00495319 0 0 0 
0 0 3425 0 0 200 12.9208 -13 -1 1 0 1 0 0 0.00492843 0 0 0 
0 0 3430 0 0 200 12.9397 -13 -1 1 0 1 0 0 0.00490378 0 0 0 
0 0 3435 0 0 200 12.9586 -13 -1 1 0 1 0 0 0.00487938 0 0 0 
0 0 3440 0 0 200 12.9774 -13 -1 1 0 1 0 0 0.0048551 0 0 0 
0 0 3445 0 0 200 12.9963 -13 -1 1 0 1 0 0 0.00483094 0 0 0 
0 0 3450 0 0 200 13.0152 -13 -1 1 0 1 0 0 0.00480701 0 0 0 
0 0 3455 0 0 200 13.034 -13 -1 1 0 1 0 0 0.0047832 0 0 0 
0 0 3460 0 0 200 13.0529 -13 -1 1 0 1 0 0 0.00475953 0 0 0 
0 0 3465 0 0 200 13.0717 -13 -1 1 0 1 0 0 0.00473606 0 0 0 
0 0 3470 0 0 200 13.0906 -13 -1 1 0 1 0 0 0.0047127 0 0 0 
0 0 3475 0 0 200 13.1095 -13 -1 1 0 1 0 0 0.00468952 0 0 0 
0 0 3480 0 0 200 13.1283 -13 -1 1 0 1 0 0 0.00466649 0 0 0 
0 0 3485 0 0 200 13.1472 -13 -1 1 0 1 0 0 0.00464357 0 0 0 
0 0 3490 0 0 200 13.1661 -13 -1 1 0 1 0 0 0.00462086 0 0 0 
0 0 3495 0 0 200 13.1849 -13 -1 1 0 1 0 0 0.00459827 0 0 0 
0 0 3500 0 0 200 13.2038 -13 -1 1 0 1 0 0 0.00457578 0 0 0 
0 0 3505 0 0 200 13.2226 -13 -1 1 0 1 0 0 0.00455352 0 0 0 
0 0 3510 0 0 200 13.2415 -13 -1 1 0 1 0 0 0.00453136 0 0 0 
0 0 3515 0 0 200 13.2604 -13 -1 1 0 1 0 0 0.00450932 0 0 0 
0 0 3520 0 0 200 13.2792 -13 -1 1 0 1 0 0 0.00448748 0 0 0 
0 0 3525 0 0 200 13.2981 -13 -1 1 0 1 0 0 0.00446573 0 0 0 
0 0 3530 0 0 200 13.317 -13 -1 1 0 1 0 0 0.00444413 0 0 0 
0 0 3535 0 0 200 13.3358 -13 -1 1 0 1 0 0 0.0044227 0 0 0 
0 0 3540 0 0 200 13.3547 -13 -1 1 0 1 0 0 0.00440135 0 0 0 
0 0 3545 0 0 200 13.3735 -13 -1 1 0 1 0 0 0.00438019 0 0 0 
0 0 3550 0 0 200 13.3924 -13 -1 1 0 1 0 0 0.00435915 0 0 0 
0 0 3555 0 0 200 13.4113 -13 -1 1 0 1 0 0 0.0043382 0 0 0 
0 0 3560 0 0 200 13.4301 -13 -1 1 0 1 0 0 0.00431745 0 0 0 
0 0 3565 0 0 200 13.449 -13 -1 1 0 1 0 0 0.0042968 0 0 0 
0 0 3570 0 0 200 13.4679 -13 -1 1 0 1 0 0 0.00427626 0 0 0 
0 0 3575 0 0 200 13.4867 -13 -1 1 0 1 0 0 0.0042559 0 0 0 
0 0 3580 0 0 200 13.5056 -13 -1 1 0 1 0 0 0.00423563 0 0 0 
0 0 3585 0 0 200 13.5244 -13 -1 1 0 1 0 0 0.00421549 0 0 0 
0 0 3590 0 0 200 13.5433 -13 -1 1 0 1 0 0 0.0041955 0 0 0 
0 0 3595 0 0 200 13.5622 -13 -1 1 0 1 0 0 0.00417561 0 0 0 
0 0 3600 0 0 200 13.581 -13 -1 1 0 1 0 0 0.00415586 0 0 0 
0 0 3605 0 0 200 13.5999 -13 -1 1 0 1 0 0 0.00413624 0 0 0 
0 0 3610 0 0 200 13.6188 -13 -1 1 0 1 0 0 0.00411671 0 0 0 
0 0 3615 0 0 200 13.6376 -13 -1 1 0 1 0 0 0.00409734 0 0 0 
0 0 3620 0 0 200 13.6565 -13 -1 1 0 1 0 0 0.00407808 0 0 0 
0 0 3625 0 0 200 13.6753 -13 -1 1 0 1 0 0 0.0040589 0 0 0 
0 0 3630 0 0 200 13.6942 -13 -1 1 0 1 0 0 0.00403991 0 0 0 
0 0 3635 0 0 200 13.7131 -13 -1 1 0 1 0 0 0.00402099 0 0 0 
0 0 3640 0 0 200 13.7319 -13 -1 1 0 1 0 0 0.00400218 0 0 0 
0 0 3645 0 0 200 13.7508 -13 -1 1 0 1 0 0 0.00398353 0 0 0 
0 0 3650 0 0 200 13.7697 -13 -1 1 0 1 0 0 0.00396496 0 0 0 
0 0 3655 0 0 200 13.7885 -13 -1 1 0 1 0 0 0.00394652 0 0 0 
0 0 3660 0 0 200 13.8074 -13 -1 1 0 1 0 0 0.0039282 0 0 0 
0 0 3665 0 0 200 13.8262 -13 -1 1 0 1 0 0 0.00390996 0 0 0 
0 0 3670 0 0 200 13.8451 -13 -1 1 0 1 0 0 0.00389187 0 0 0 
0 0 3675 0 0 200 13.864 -13 -1 1 0 1 0 0 0.00387388 0 0 0 
0 0 3680 0 0 200 13.8828 -13 -1 1 0 1 0 0 0.00385597 0 0 0 
0 0 3685 0 0 200 13.9017 -13 -1 1 0 1 0 0 0.00383821 0 0 0 
0 0 3690 0 0 200 13.9206 -13 -1 1 0 1 0 0 0.00382055 0 0 0 
0 0 3695 0 0 200 13.9394 -13 -1 1 0 1 0 0 0.00380296 0 0 0 
0 0 3700 0 0 200 13.9583 -13 -1 1 0 1 0 0 0.00378554 0 0 0 
0 0 3705 0 0 200 13.9771 -13 -1 1 0 1 0 0 0.00376818 0 0 0 
0 0 3710 0 0 200 13.996 -13 -1 1 0 1 0 0 0.00375093 0 0 0 
0 0 3715 0 0 200 14.0149 -13 -1 1 0 1 0 0 0.00373382 0 0 0 
0 0 3720 0 0 200 14.0337 -13 -1 1 0 1 0 0 0.00371677 0 0 0 
0 0 3725 0 0 200 14.0526 -13 -1 1 0 1 0 0 0.00369984 0 0 0 
0 0 3730 0 0 200 14.0715 -13 -1 1 0 1 0 0 0.00368302 0 0 0 
0 0 3735 0 0 200 14.0903 -13 -1 1 0 1 0 0 0.00366628 0 0 0 
0 0 3740 0 0 200 14.1092 -13 -1 1 0 1 0 0 0.00364967 0 0 0 
0 0 3745 0 0 200 14.128 -13 -1 1 0 1 0 0 0.00363314 0 0 0 
0 0 3750 0 0 200 14.1469 -13 -1 1 0 1 0 0 0.00361669 0 0 0 
0 0 3755 0 0 200 14.1658 -13 -1 1 0 1 0 0 0.00360039 0 0 0 
0 0 3760 0 0 200 14.1846 -13 -1 1 0 1 0 0 0.00358416 0 0 0 
0 0 3765 0 0 200 14.2035 -13 -1 1 0 1 0 0 0.00356801 0 0 0 
0 0 3770 0 0 200 14.2224 -13 -1 1 0 1 0 0 0.00355199 0 0 0 
0 0 3775 0 0 200 14.2412 -13 -1 1 0 1 0 0 0.00353604 0 0 0 
0 0 3780 0 0 200 14.2601 -13 -1 1 0 1 0 0 0.00352019 0 0 0 
0 0 3785 0 0 200 14.2789 -13 -1 1 0 1 0 0 0.00350445 0 0 0 
0 0 3790 0 0 200 14.2978 -13 -1 1 0 1 0 0 0.00348877 0 0 0 
0 0 3795 0 0 200 14.3167 -13 -1 1 0 1 0 0 0.00347321 0 0 0 
0 0 3800 0 0 200 14.3355 -13 -1 1 0 1 0 0 0.00345775 0 0 0 
0 0 3805 0 0 200 14.3544 -13 -1 1 0 1 0 0 0.00344234 0 0 0 
0 0 3810 0 0 200 14.3733 -13 -1 1 0 1 0 0 0.00342707 0 0 0 
0 0 3815 0 0 200 14.3921 -13 -1 1 0 1 0 0 0.00341186 0 0 0 
0 0 3820 0 0 200 14.411 -13 -1 1 0 1 0 0 0.00339673 0 0 0 
0 0 3825 0 0 200 14.4298 -13 -1 1 0 1 0 0 0.00338173 0 0 0 
0 0 3830 0 0 200 14.4487 -13 -1 1 0 1 0 0 0.00336679 0 0 0 
0 0 3835 0 0 200 14.4676 -13 -1 1 0 1 0 0 0.00335193 0 0 0 
0 0 3840 0 0 200 14.4864 -13 -1 1 0 1 0 0 0.00333718 0 0 0 
0 0 3845 0 0 200 14.5053 -13 -1 1 0 1 0 0 0.00332249 0 0 0 
0 0 3850 0 0 200 14.5242 -13 -1 1 0 1 0 0 0.00330791 0 0 0 
0 0 3855 0 0 200 14.543 -13 -1 1 0 1 0 0 0.00329341 0 0 0 
0 0 3860 0 0 200 14.5619 -13 -1 1 0 1 0 0 0.00327897 0 0 0 
0 0 3865 0 0 200 14.5807 -13 -1 1 0 1 0 0 0.00326465 0 0 0 
0 0 3870 0 0 200 14.5996 -13 -1 1 0 1 0 0 0.00325039 0 0 0 
0 0 3875 0 0 200 14.6185 -13 -1 1 0 1 0 0 0.0032362 0 0 0 
0 0 3880 0 0 200 14.6373 -13 -1 1 0 1 0 0 0.00322213 0 0 0 
0 0 3885 0 0 200 14.6562 -13 -1 1 0 1 0 0 0.00320812 0 0 0 
0 0 3890 0 0 200 14.6751 -13 -1 1 0 1 0 0 0.00319418 0 0 0 
0 0 3895 0 0 200 14.6939 -13 -1 1 0 1 0 0 0.00318035 0 0 0 
0 0 3900 0 0 200 14.7128 -13 -1 1 0 1 0 0 0.00316657 0 0 0 
0 0 3905 0 0 200 14.7316 -13 -1 1 0 1 0 0 0.00315288 0 0 0 
0 0 3910 0 0 200 14.7505 -13 -1 1 0 1 0 0 0.00313928 0 0 0 
0 0 3915 0 0 200 14.7694 -13 -1 1 0 1 0 0 0.00312573 0 0 0 
0 0 3920 0 0 200 14.7882 -13 -1 1 0 1 0 0 0.00311228 0 0 0 
0 0 3925 0 0 200 14.8071 -13 -1 1 0 1 0 0 0.00309891 0 0 0 
0 0 3930 0 0 200 14.826 -13 -1 1 0 1 0 0 0.00308559 0 0 0 
0 0 3935 0 0 200 14.8448 -13 -1 1 0 1 0 0 0.00307238 0 0 0 
0 0 3940 0 0 200 14.8637 -13 -1 1 0 1 0 0 0.00305923 0 0 0 
0 0 3945 0 0 200 14.8825 -13 -1 1 0 1 0 0 0.00304613 0 0 0 
0 0 3950 0 0 200 14.9014 -13 -1 1 0 1 0 0 0.00303315 0 0 0 
0 0 3955 0 0 200 14.9203 -13 -1 1 0 1 0 0 0.00302021 0 0 0 
0 0 3960 0 0 200 14.9391 -13 -1 1 0 1 0 0 0.00300735 0 0 0 
0 0 3965 0 0 200 14.958 -13 -1 1 0 1 0 0 0.00299458 0 0 0 
0 0 3970 0 0 200 14.9769 -13 -1 1 0 1 0 0 0.00298186 0 0 0 
0 0 3975 0 0 200 14.9957 -13 -1 1 0 1 0 0 0.00296922 0 0 0 
0 0 3980 0 0 200 15.0146 -13 -1 1 0 1 0 0 0.00295666 0 0 0 
0 0 3985 0 0 200 15.0334 -13 -1 1 0 1 0 0 0.00294414 0 0 0 
0 0 3990 0 0 200 15.0523 -13 -1 1 0 1 0 0 0.00293173 0 0 0 
0 0 3995 0 0 200 15.0712 -13 -1 1 0 1 0 0 0.00291937 0 0 0 
0 0 4000 0 0 200 15.09 -13 -1 1 0 1 0 0 0.00290706 0 0 0 
0 0 4005 0 0 200 15.1089 -13 -1 1 0 1 0 0 0.00289486 0 0 0 
0 0 4010 0 0 200 15.1278 -13 -1 1 0 1 0 0 0.0028827 0 0 0 
0 0 4015 0 0 200 15.1466 -13 -1 1 0 1 0 0 0.00287061 0 0 0 
0 0 4020 0 0 200 15.1655 -13 -1 1 0 1 0 0 0.0028586 0 0 0 
0 0 4025 0 0 200 15.1843 -13 -1 1 0 1 0 0 0.00284664 0 0 0 
0 0 4030 0 0 200 15.2032 -13 -1 1 0 1 0 0 0.00283476 0 0 0 
0 0 4035 0 0 200 15.2221 -13 -1 1 0 1 0 0 0.00282295 0 0 0 
0 0 4040 0 0 200 15.2409 -13 -1 1 0 1 0 0 0.00281118 0 0 0 
0 0 4045 0 0 200 15.2598 -13 -1 1 0 1 0 0 0.0027995 0 0 0 
0 0 4050 0 0 200 15.2787 -13 -1 1 0 1 0 0 0.00278788 0 0 0 
0 0 4055 0 0 200 15.2975 -13 -1 1 0 1 0 0 0.0027763 0 0 0 
0 0 4060 0 0 200 15.3164 -13 -1 1 0 1 0 0 0.00276482 0 0 0 
0 0 4065 0 0 200 15.3352 -13 -1 1 0 1 0 0 0.00275338 0 0 0 
0 0 4070 0 0 200 15.3541 -13 -1 1 0 1 0 0 0.002742 0 0 0 
0 0 4075 0 0 200 15.373 -13 -1 1 0 1 0 0 0.00273071 0 0 0 
0 0 4080 0 0 200 15.3918 -13 -1 1 0 1 0 0 0.00271945 0 0 0 
0 0 4085 0 0 200 15.4107 -13 -1 1 0 1 0 0 0.00270826 0 0 0 
0 0 4090 0 0 200 15.4296 -13 -1 1 0 1 0 0 0.00269715 0 0 0 
0 0 4095 0 0 200 15.4484 -13 -1 1 0 1 0 0 0.00268608 0 0 0 
0 0 4100 0 0 200 15.4673 -13 -1 1 0 1 0 0 0.00267507 0 0 0 
0 0 4105 0 0 200 15.4861 -13 -1 1 0 1 0 0 0.00266414 0 0 0 
0 0 4110 0 0 200 15.505 -13 -1 1 0 1 0 0 0.00265324 0 0 0 
0 0 4115 0 0 200 15.5239 -13 -1 1 0 1 0 0 0.00264242 0 0 0 
0 0 4120 0 0 200 15.5427 -13 -1 1 0 1 0 0 0.00263166 0 0 0 
0 0 4125 0 0 200 15.5616 -13 -1 1 0 1 0 0 0.00262093 0 0 0 
0 0 4130 0 0 200 15.5805 -13 -1 1 0 1 0 0 0.0026103 0 0 0 
0 0 4135 0 0 200 15.5993 -13 -1 1 0 1 0 0 0.0025997 0 0 0 
0 0 4140 0 0 200 15.6182 -13 -1 1 0 1 0 0 0.00258915 0 0 0 
0 0 4145 0 0 200 15.637 -13 -1 1 0 1 0 0 0.00257869 0 0 0 
0 0 4150 0 0 200 15.6559 -13 -1 1 0 1 0 0 0.00256826 0 0 0 
0 0 4155 0 0 200 15.6748 -13 -1 1 0 1 0 0 0.00255789 0 0 0 
0 0 4160 0 0 200 15.6936 -13 -1 1 0 1 0 0 0.00254758 0 0 0 
0 0 4165 0 0 200 15.7125 -13 -1 1 0 1 0 0 0.00253731 0 0 0 
0 0 4170 0 0 200 15.7314 -13 -1 1 0 1 0 0 0.00252712 0 0 0 
0 0 4175 0 0 200 15.7502 -13 -1 1 0 1 0 0 0.00251697 0 0 0 
0 0 4180 0 0 200 15.7691 -13 -1 1 0 1 0 0 0.00250687 0 0 0 
0 0 4185 0 0 200 15.788 -13 -1 1 0 1 0 0 0.00249684 0 0 0 
0 0 4190 0 0 200 15.8068 -13 -1 1 0 1 0 0 0.00248685 0 0 0 
0 0 4195 0 0 200 15.8257 -13 -1 1 0 1 0 0 0.0024769 0 0 0 
0 0 4200 0 0 200 15.8445 -13 -1 1 0 1 0 0 0.00246704 0 0 0 
0 0 4205 0 0 200 15.8634 -13 -1 1 0 1 0 0 0.0024572 0 0 0 
0 0 4210 0 0 200 15.8823 -13 -1 1 0 1 0 0 0.00244742 0 0 0 
0 0 4215 0 0 200 15.9011 -13 -1 1 0 1 0 0 0.00243771 0 0 0 
0 0 4220 0 0 200 15.92 -13 -1 1 0 1 0 0 0.00242802 0 0 0 
0 0 4225 0 0 200 15.9389 -13 -1 1 0 1 0 0 0.0024184 0 0 0 
0 0 4230 0 0 200 15.9577 -13 -1 1 0 1 0 0 0.00240883 0 0 0 
0 0 4235 0 0 200 15.9766 -13 -1 1 0 1 0 0 0.0023993 0 0 0 
0 0 4240 0 0 200 15.9954 -13 -1 1 0 1 0 0 0.00238984 0 0 0 
0 0 4245 0 0 200 16.0143 -13 -1 1 0 1 0 0 0.00238042 0 0 0 
0 0 4250 0 0 200 16.0332 -13 -1 1 0 1 0 0 0.00237103 0 0 0 
0 0 4255 0 0 200 16.052 -13 -1 1 0 1 0 0 0.00236172 0 0 0 
0 0 4260 0 0 200 16.0709 -13 -1 1 0 1 0 0 0.00235244 0 0 0 
0 0 4265 0 0 200 16.0898 -13 -1 1 0 1 0 0 0.0023432 0 0 0 
0 0 4270 0 0 200 16.1086 -13 -1 1 0 1 0 0 0.00233404 0 0 0 
0 0 4275 0 0 200 16.1275 -13 -1 1 0 1 0 0 0.0023249 0 0 0 
0 0 4280 0 0 200 16.1463 -13 -1 1 0 1 0 0 0.00231581 0 0 0 
0 0 4285 0 0 200 16.1652 -13 -1 1 0 1 0 0 0.00230678 0 0 0 
0 0 4290 0 0 200 16.1841 -13 -1 1 0 1 0 0 0.00229778 0 0 0 
0 0 4295 0 0 200 16.2029 -13 -1 1 0 1 0 0 0.00228884 0 0 0 
0 0 4300 0 0 200 16.2218 -13 -1 1 0 1 0 0 0.00227995 0 0 0 
0 0 4305 0 0 200 16.2407 -13 -1 1 0 1 0 0 0.00227109 0 0 0 
0 0 4310 0 0 200 16.2595 -13 -1 1 0 1 0 0 0.00226229 0 0 0 
0 0 4315 0 0 200 16.2784 -13 -1 1 0 1 0 0 0.00225353 0 0 0 
0 0 4320 0 0 200 16.2972 -13 -1 1 0 1 0 0 0.0022448 0 0 0 
0 0 4325 0 0 200 16.3161 -13 -1 1 0 1 0 0 0.00223614 0 0 0 
0 0 4330 0 0 200 16.335 -13 -1 1 0 1 0 0 0.00222751 0 0 0 
0 0 4335 0 0 200 16.3538 -13 -1 1 0 1 0 0 0.00221893 0 0 0 
0 0 4340 0 0 200 16.3727 -13 -1 1 0 1 0 0 0.00221039 0 0 0 
0 0 4345 0 0 200 16.3916 -13 -1 1 0 1 0 0 0.00220189 0 0 0 
0 0 4350 0 0 200 16.4104 -13 -1 1 0 1 0 0 0.00219344 0 0 0 
0 0 4355 0 0 200 16.4293 -13 -1 1 0 1 0 0 0.00218504 0 0 0 
0 0 4360 0 0 200 16.4481 -13 -1 1 0 1 0 0 0.00217666 0 0 0 
0 0 4365 0 0 200 16.467 -13 -1 1 0 1 0 0 0.00216835 0 0 0 
0 0 4370 0 0 200 16.4859 -13 -1 1 0 1 0 0 0.00216007 0 0 0 
0 0 4375 0 0 200 16.5047 -13 -1 1 0 1 0 0 0.00215182 0 0 0 
0 0 4380 0 0 200 16.5236 -13 -1 1 0 1 0 0 0.00214363 0 0 0 
0 0 4385 0 0 200 16.5425 -13 -1 1 0 1 0 0 0.00213547 0 0 0 
0 0 4390 0 0 200 16.5613 -13 -1 1 0 1 0 0 0.00212735 0 0 0 
0 0 4395 0 0 200 16.5802 -13 -1 1 0 1 0 0 0.00211929 0 0 0 
0 0 4400 0 0 200 16.599 -13 -1 1 0 1 0 0 0.00211125 0 0 0 
0 0 4405 0 0 200 16.6179 -13 -1 1 0 1 0 0 0.00210325 0 0 0 
0 0 4410 0 0 200 16.6368 -13 -1 1 0 1 0 0 0.00209531 0 0 0 
0 0 4415 0 0 200 16.6556 -13 -1 1 0 1 0 0 0.00208739 0 0 0 
0 0 4420 0 0 200 16.6745 -13 -1 1 0 1 0 0 0.00207952 0 0 0 
0 0 4425 0 0 200 16.6934 -13 -1 1 0 1 0 0 0.00207169 0 0 0 
0 0 4430 0 0 200 16.7122 -13 -1 1 0 1 0 0 0.00206388 0 0 0 
0 0 4435 0 0 200 16.7311 -13 -1 1 0 1 0 0 0.00205613 0 0 0 
0 0 4440 0 0 200 16.7499 -13 -1 1 0 1 0 0 0.00204842 0 0 0 
0 0 4445 0 0 200 16.7688 -13 -1 1 0 1 0 0 0.00204073 0 0 0 
0 0 4450 0 0 200 16.7877 -13 -1 1 0 1 0 0 0.0020331 0 0 0 
0 0 4455 0 0 200 16.8065 -13 -1 1 0 1 0 0 0.00202549 0 0 0 
0 0 4460 0 0 200 16.8254 -13 -1 1 0 1 0 0 0.00201793 0 0 0 
0 0 4465 0 0 200 16.8443 -13 -1 1 0 1 0 0 0.00201041 0 0 0 
0 0 4470 0 0 200 16.8631 -13 -1 1 0 1 0 0 0.00200291 0 0 0 
0 0 4475 0 0 200 16.882 -13 -1 1 0 1 0 0 0.00199546 0 0 0 
0 0 4480 0 0 200 16.9008 -13 -1 1 0 1 0 0 0.00198805 0 0 0 
0 0 4485 0 0 200 16.9197 -13 -1 1 0 1 0 0 0.00198066 0 0 0 
0 0 4490 0 0 200 16.9386 -13 -1 1 0 1 0 0 0.00197332 0 0 0 
0 0 4495 0 0 200 16.9574 -13 -1 1 0 1 0 0 0.00196602 0 0 0 
0 0 4500 0 0 200 16.9763 -13 -1 1 0 1 0 0 0.00195874 0 0 0 
0 0 4505 0 0 200 16.9952 -13 -1 1 0 1 0 0 0.00195151 0 0 0 
0 0 4510 0 0 200 17.014 -13 -1 1 0 1 0 0 0.00194431 0 0 0 
0 0 4515 0 0 200 17.0329 -13 -1 1 0 1 0 0 0.00193714 0 0 0 
0 0 4520 0 0 200 17.0517 -13 -1 1 0 1 0 0 0.00193002 0 0 0 
0 0 4525 0 0 200 17.0706 -13 -1 1 0 1 0 0 0.00192292 0 0 0 
0 0 4530 0 0 200 17.0895 -13 -1 1 0 1 0 0 0.00191586 0 0 0 
0 0 4535 0 0 200 17.1083 -13 -1 1 0 1 0 0 0.00190884 0 0 0 
0 0 4540 0 0 200 17.1272 -13 -1 1 0 1 0 0 0.00190184 0 0 0 
0 0 4545 0 0 200 17.1461 -13 -1 1 0 1 0 0 0.00189488 0 0 0 
0 0 4550 0 0 200 17.1649 -13 -1 1 0 1 0 0 0.00188796 0 0 0 
0 0 4555 0 0 200 17.1838 -13 -1 1 0 1 0 0 0.00188107 0 0 0 
0 0 4560 0 0 200 17.2026 -13 -1 1 0 1 0 0 0.00187422 0 0 0 
0 0 4565 0 0 200 17.2215 -13 -1 1 0 1 0 0 0.00186739 0 0 0 
0 0 4570 0 0 200 17.2404 -13 -1 1 0 1 0 0 0.00186059 0 0 0 
0 0 4575 0 0 200 17.2592 -13 -1 1 0 1 0 0 0.00185384 0 0 0 
0 0 4580 0 0 200 17.2781 -13 -1 1 0 1 0 0 0.00184712 0 0 0 
0 0 4585 0 0 200 17.297 -13 -1 1 0 1 0 0 0.00184042 0 0 0 
0 0 4590 0 0 200 17.3158 -13 -1 1 0 1 0 0 0.00183377 0 0 0 
0 0 4595 0 0 200 17.3347 -13 -1 1 0 1 0 0 0.00182713 0 0 0 
0 0 4600 0 0 200 17.3535 -13 -1 1 0 1 0 0 0.00182054 0 0 0 
0 0 4605 0 0 200 17.3724 -13 -1 1 0 1 0 0 0.00181398 0 0 0 
0 0 4610 0 0 200 17.3913 -13 -1 1 0 1 0 0 0.00180744 0 0 0 
0 0 4615 0 0 200 17.4101 -13 -1 1 0 1 0 0 0.00180094 0 0 0 
0 0 4620 0 0 200 17.429 -13 -1 1 0 1 0 0 0.00179447 0 0 0 
0 0 4625 0 0 200 17.4479 -13 -1 1 0 1 0 0 0.00178802 0 0 0 
0 0 4630 0 0 200 17.4667 -13 -1 1 0 1 0 0 0.00178162 0 0 0 
0 0 4635 0 0 200 17.4856 -13 -1 1 0 1 0 0 0.00177524 0 0 0 
0 0 4640 0 0 200 17.5044 -13 -1 1 0 1 0 0 0.00176888 0 0 0 
0 0 4645 0 0 200 17.5233 -13 -1 1 0 1 0 0 0.00176257 0 0 0 
0 0 4650 0 0 200 17.5422 -13 -1 1 0 1 0 0 0.00175628 0 0 0 
0 0 4655 0 0 200 17.561 -13 -1 1 0 1 0 0 0.00175002 0 0 0 
0 0 4660 0 0 200 17.5799 -13 -1 1 0 1 0 0 0.00174379 0 0 0 
0 0 4665 0 0 200 17.5988 -13 -1 1 0 1 0 0 0.00173759 0 0 0 
0 0 4670 0 0 200 17.6176 -13 -1 1 0 1 0 0 0.00173142 0 0 0 
0 0 4675 0 0 200 17.6365 -13 -1 1 0 1 0 0 0.00172528 0 0 0 
0 0 4680 0 0 200 17.6553 -13 -1 1 0 1 0 0 0.00171916 0 0 0 
0 0 4685 0 0 200 17.6742 -13 -1 1 0 1 0 0 0.00171308 0 0 0 
0 0 4690 0 0 200 17.6931 -13 -1 1 0 1 0 0 0.00170703 0 0 0 
0 0 4695 0 0 200 17.7119 -13 -1 1 0 1 0 0 0.00170099 0 0 0 
0 0 4700 0 0 200 17.7308 -13 -1 1 0 1 0 0 0.001695 0 0 0 
0 0 4705 0 0 200 17.7497 -13 -1 1 0 1 0 0 0.00168903 0 0 0 
0 0 4710 0 0 200 17.7685 -13 -1 1 0 1 0 0 0.00168308 0 0 0 
0 0 4715 0 0 200 17.7874 -13 -1 1 0 1 0 0 0.00167717 0 0 0 
0 0 4720 0 0 200 17.8062 -13 -1 1 0 1 0 0 0.00167128 0 0 0 
0 0 4725 0 0 200 17.8251 -13 -1 1 0 1 0 0 0.00166542 0 0 0 
0 0 4730 0 0 200 17.844 -13 -1 1 0 1 0 0 0.00165959 0 0 0 
0 0 4735 0 0 200 17.8628 -13 -1 1 0 1 0 0 0.00165378 0 0 0 
0 0 4740 0 0 200 17.8817 -13 -1 1 0 1 0 0 0.00164801 0 0 0 
0 0 4745 0 0 200 17.9006 -13 -1 1 0 1 0 0 0.00164226 0 0 0 
0 0 4750 0 0 200 17.9194 -13 -1 1 0 1 0 0 0.00163653 0 0 0 
0 0 4755 0 0 200 17.9383 -13 -1 1 0 1 0 0 0.00163084 0 0 0 
0 0 4760 0 0 200 17.9571 -13 -1 1 0 1 0 0 0.00162516 0 0 0 
0 0 4765 0 0 200 17.976 -13 -1 1 0 1 0 0 0.00161951 0 0 0 
0 0 4770 0 0 200 17.9949 -13 -1 1 0 1 0 0 0.0016139 0 0 0 
0 0 4775 0 0 200 18.0137 -13 -1 1 0 1 0 0 0.0016083 0 0 0 
0 0 4780 0 0 200 18.0326 -13 -1 1 0 1 0 0 0.00160273 0 0 0 
0 0 4785 0 0 200 18.0515 -13 -1 1 0 1 0 0 0.00159719 0 0 0 
0 0 4790 0 0 200 18.0703 -13 -1 1 0 1 0 0 0.00159167 0 0 0 
0 0 4795 0 0 200 18.0892 -13 -1 1 0 1 0 0 0.00158618 0 0 0 
0 0 4800 0 0 200 18.108 -13 -1 1 0 1 0 0 0.00158072 0 0 0 
0 0 4805 0 0 200 18.1269 -13 -1 1 0 1 0 0 0.00157527 0 0 0 
0 0 4810 0 0 200 18.1458 -13 -1 1 0 1 0 0 0.00156986 0 0 0 
0 0 4815 0 0 200 18.1646 -13 -1 1 0 1 0 0 0.00156447 0 0 0 
0 0 4820 0 0 200 18.1835 -13 -1 1 0 1 0 0 0.00155909 0 0 0 
0 0 4825 0 0 200 18.2024 -13 -1 1 0 1 0 0 0.00155376 0 0 0 
0 0 4830 0 0 200 18.2212 -13 -1 1 0 1 0 0 0.00154844 0 0 0 
0 0 4835 0 0 200 18.2401 -13 -1 1 0 1 0 0 0.00154314 0 0 0 
0 0 4840 0 0 200 18.2589 -13 -1 1 0 1 0 0 0.00153787 0 0 0 
0 0 4845 0 0 200 18.2778 -13 -1 1 0 1 0 0 0.00153262 0 0 0 
0 0 4850 0 0 200 18.2967 -13 -1 1 0 1 0 0 0.0015274 0 0 0 
0 0 4855 0 0 200 18.3155 -13 -1 1 0 1 0 0 0.0015222 0 0 0 
0 0 4860 0 0 200 18.3344 -13 -1 1 0 1 0 0 0.00151702 0 0 0 
0 0 4865 0 0 200 18.3533 -13 -1 1 0 1 0 0 0.00151187 0 0 0 
0 0 4870 0 0 200 18.3721 -13 -1 1 0 1 0 0 0.00150675 0 0 0 
0 0 4875 0 0 200 18.391 -13 -1 1 0 1 0 0 0.00150163 0 0 0 
0 0 4880 0 0 200 18.4098 -13 -1 1 0 1 0 0 0.00149656 0 0 0 
0 0 4885 0 0 200 18.4287 -13 -1 1 0 1 0 0 0.0014915 0 0 0 
0 0 4890 0 0 200 18.4476 -13 -1 1 0 1 0 0 0.00148646 0 0 0 
0 0 4895 0 0 200 18.4664 -13 -1 1 0 1 0 0 0.00148145 0 0 0 
0 0 4900 0 0 200 18.4853 -13 -1 1 0 1 0 0 0.00147645 0 0 0 
0 0 4905 0 0 200 18.5042 -13 -1 1 0 1 0 0 0.00147148 0 0 0 
0 0 4910 0 0 200 18.523 -13 -1 1 0 1 0 0 0.00146654 0 0 0 
0 0 4915 0 0 200 18.5419 -13 -1 1 0 1 0 0 0.00146161 0 0 0 
0 0 4920 0 0 200 18.5607 -13 -1 1 0 1 0 0 0.00145671 0 0 0 
0 0 4925 0 0 200 18.5796 -13 -1 1 0 1 0 0 0.00145183 0 0 0 
0 0 4930 0 0 200 18.5985 -13 -1 1 0 1 0 0 0.00144696 0 0 0 
0 0 4935 0 0 200 18.6173 -13 -1 1 0 1 0 0 0.00144213 0 0 0 
0 0 4940 0 0 200 18.6362 -13 -1 1 0 1 0 0 0.00143731 0 0 0 
0 0 4945 0 0 200 18.6551 -13 -1 1 0 1 0 0 0.00143251 0 0 0 
0 0 4950 0 0 200 18.6739 -13 -1 1 0 1 0 0 0.00142774 0 0 0 
0 0 4955 0 0 200 18.6928 -13 -1 1 0 1 0 0 0.00142299 0 0 0 
0 0 4960 0 0 200 18.7116 -13 -1 1 0 1 0 0 0.00141825 0 0 0 
0 0 4965 0 0 200 18.7305 -13 -1 1 0 1 0 0 0.00141354 0 0 0 
0 0 4970 0 0 200 18.7494 -13 -1 1 0 1 0 0 0.00140885 0 0 0 
0 0 4975 0 0 200 18.7682 -13 -1 1 0 1 0 0 0.00140418 0 0 0 
0 0 4980 0 0 200 18.7871 -13 -1 1 0 1 0 0 0.00139953 0 0 0 
0 0 4985 0 0 200 18.806 -13 -1 1 0 1 0 0 0.0013949 0 0 0 
0 0 4990 0 0 200 18.8248 -13 -1 1 0 1 0 0 0.0013903 0 0 0 
0 0 4995 0 0 200 18.8437 -13 -1 1 0 1 0 0 0.00138571 0 0 0 
0 0 5000 0 0 200 18.8625 -13 -1 1 0 1 0 0 0.00138113 0 0 0 
0 0 5005 0 0 200 18.8814 -13 -1 1 0 1 0 0 0.00137659 0 0 0 
0 0 5010 0 0 200 18.9003 -13 -1 1 0 1 0 0 0.00137206 0 0 0 
0 0 5015 0 0 200 18.9191 -13 -1 1 0 1 0 0 0.00136755 0 0 0 
0 0 5020 0 0 200 18.938 -13 -1 1 0 1 0 0 0.00136307 0 0 0 
0 0 5025 0 0 200 18.9569 -13 -1 1 0 1 0 0 0.0013586 0 0 0 
0 0 5030 0 0 200 18.9757 -13 -1 1 0 1 0 0 0.00135415 0 0 0 
0 0 5035 0 0 200 18.9946 -13 -1 1 0 1 0 0 0.00134972 0 0 0 
0 0 5040 0 0 200 19.0134 -13 -1 1 0 1 0 0 0.0013453 0 0 0 
0 0 5045 0 0 200 19.0323 -13 -1 1 0 1 0 0 0.00134091 0 0 0 
0 0 5050 0 0 200 19.0512 -13 -1 1 0 1 0 0 0.00133654 0 0 0 
0 0 5055 0 0 200 19.07 -13 -1 1 0 1 0 0 0.00133218 0 0 0 
0 0 5060 0 0 200 19.0889 -13 -1 1 0 1 0 0 0.00132785 0 0 0 
0 0 5065 0 0 200 19.1078 -13 -1 1 0 1 0 0 0.00132354 0 0 0 
0 0 5070 0 0 200 19.1266 -13 -1 1 0 1 0 0 0.00131923 0 0 0 
0 0 5075 0 0 200 19.1455 -13 -1 1 0 1 0 0 0.00131496 0 0 0 
0 0 5080 0 0 200 19.1643 -13 -1 1 0 1 0 0 0.0013107 0 0 0 
0 0 5085 0 0 200 19.1832 -13 -1 1 0 1 0 0 0.00130645 0 0 0 
0 0 5090 0 0 200 19.2021 -13 -1 1 0 1 0 0 0.00130223 0 0 0 
0 0 5095 0 0 200 19.2209 -13 -1 1 0 1 0 0 0.00129803 0 0 0 
0 0 5100 0 0 200 19.2398 -13 -1 1 0 1 0 0 0.00129384 0 0 0 
0 0 5105 0 0 200 19.2587 -13 -1 1 0 1 0 0 0.00128967 0 0 0 
0 0 5110 0 0 200 19.2775 -13 -1 1 0 1 0 0 0.00128551 0 0 0 
0 0 5115 0 0 200 19.2964 -13 -1 1 0 1 0 0 0.00128138 0 0 0 
0 0 5120 0 0 200 19.3152 -13 -1 1 0 1 0 0 0.00127727 0 0 0 
0 0 5125 0 0 200 19.3341 -13 -1 1 0 1 0 0 0.00127316 0 0 0 
0 0 5130 0 0 200 19.353 -13 -1 1 0 1 0 0 0.00126909 0 0 0 
0 0 5135 0 0 200 19.3718 -13 -1 1 0 1 0 0 0.00126502 0 0 0 
0 0 5140 0 0 200 19.3907 -13 -1 1 0 1 0 0 0.00126097 0 0 0 
0 0 5145 0 0 200 19.4096 -13 -1 1 0 1 0 0 0.00125695 0 0 0 
0 0 5150 0 0 200 19.4284 -13 -1 1 0 1 0 0 0.00125293 0 0 0 
0 0 5155 0 0 200 19.4473 -13 -1 1 0 1 0 0 0.00124893 0 0 0 
0 0 5160 0 0 200 19.4661 -13 -1 1 0 1 0 0 0.00124496 0 0 0 
0 0 5165 0 0 200 19.485 -13 -1 1 0 1 0 0 0.00124099 0 0 0 
0 0 5170 0 0 200 19.5039 -13 -1 1 0 1 0 0 0.00123705 0 0 0 
0 0 5175 0 0 200 19.5227 -13 -1 1 0 1 0 0 0.00123312 0 0 0 
0 0 5180 0 0 200 19.5416 -13 -1 1 0 1 0 0 0.00122921 0 0 0 
0 0 5185 0 0 200 19.5605 -13 -1 1 0 1 0 0 0.00122532 0 0 0 
0 0 5190 0 0 200 19.5793 -13 -1 1 0 1 0 0 0.00122144 0 0 0 
0 0 5195 0 0 200 19.5982 -13 -1 1 0 1 0 0 0.00121757 0 0 0 
0 0 5200 0 0 200 19.617 -13 -1 1 0 1 0 0 0.00121373 0 0 0 
0 0 5205 0 0 200 19.6359 -13 -1 1 0 1 0 0 0.0012099 0 0 0 
0 0 5210 0 0 200 19.6548 -13 -1 1 0 1 0 0 0.00120608 0 0 0 
0 0 5215 0 0 200 19.6736 -13 -1 1 0 1 0 0 0.00120229 0 0 0 
0 0 5220 0 0 200 19.6925 -13 -1 1 0 1 0 0 0.0011985 0 0 0 
0 0 5225 0 0 200 19.7114 -13 -1 1 0 1 0 0 0.00119473 0 0 0 
0 0 5230 0 0 200 19.7302 -13 -1 1 0 1 0 0 0.00119099 0 0 0 
0 0 5235 0 0 200 19.7491 -13 -1 1 0 1 0 0 0.00118725 0 0 0 
0 0 5240 0 0 200 19.7679 -13 -1 1 0 1 0 0 0.00118353 0 0 0 
0 0 5245 0 0 200 19.7868 -13 -1 1 0 1 0 0 0.00117983 0 0 0 
0 0 5250 0 0 200 19.8057 -13 -1 1 0 1 0 0 0.00117613 0 0 0 
0 0 5255 0 0 200 19.8245 -13 -1 1 0 1 0 0 0.00117246 0 0 0 
0 0 5260 0 0 200 19.8434 -13 -1 1 0 1 0 0 0.00116881 0 0 0 
0 0 5265 0 0 200 19.8623 -13 -1 1 0 1 0 0 0.00116516 0 0 0 
0 0 5270 0 0 200 19.8811 -13 -1 1 0 1 0 0 0.00116154 0 0 0 
0 0 5275 0 0 200 19.9 -13 -1 1 0 1 0 0 0.00115792 0 0 0 
0 0 5280 0 0 200 19.9188 -13 -1 1 0 1 0 0 0.00115432 0 0 0 
0 0 5285 0 0 200 19.9377 -13 -1 1 0 1 0 0 0.00115074 0 0 0 
0 0 5290 0 0 200 19.9566 -13 -1 1 0 1 0 0 0.00114717 0 0 0 
0 0 5295 0 0 200 19.9754 -13 -1 1 0 1 0 0 0.00114362 0 0 0 
0 0 5300 0 0 200 19.9943 -13 -1 1 0 1 0 0 0.00114008 0 0 0 
0 0 5305 0 0 200 20.0132 -13 -1 1 0 1 0 0 0.00113655 0 0 0 
0 0 5310 0 0 200 20.032 -13 -1 1 0 1 0 0 0.00113305 0 0 0 
0 0 5315 0 0 200 20.0509 -13 -1 1 0 1 0 0 0.00112955 0 0 0 
0 0 5320 0 0 200 20.0697 -13 -1 1 0 1 0 0 0.00112607 0 0 0 
0 0 5325 0 0 200 20.0886 -13 -1 1 0 1 0 0 0.0011226 0 0 0 
0 0 5330 0 0 200 20.1075 -13 -1 1 0 1 0 0 0.00111915 0 0 0 
0 0 5335 0 0 200 20.1263 -13 -1 1 0 1 0 0 0.00111571 0 0 0 
0 0 5340 0 0 200 20.1452 -13 -1 1 0 1 0 0 0.00111229 0 0 0 
0 0 5345 0 0 200 20.1641 -13 -1 1 0 1 0 0 0.00110888 0 0 0 
0 0 5350 0 0 200 20.1829 -13 -1 1 0 1 0 0 0.00110548 0 0 0 
0 0 5355 0 0 200 20.2018 -13 -1 1 0 1 0 0 0.0011021 0 0 0 
0 0 5360 0 0 200 20.2206 -13 -1 1 0 1 0 0 0.00109873 0 0 0 
0 0 5365 0 0 200 20.2395 -13 -1 1 0 1 0 0 0.00109537 0 0 0 
0 0 5370 0 0 200 20.2584 -13 -1 1 0 1 0 0 0.00109203 0 0 0 
0 0 5375 0 0 200 20.2772 -13 -1 1 0 1 0 0 0.0010887 0 0 0 
0 0 5380 0 0 200 20.2961 -13 -1 1 0 1 0 0 0.00108539 0 0 0 
0 0 5385 0 0 200 20.315 -13 -1 1 0 1 0 0 0.00108209 0 0 0 
0 0 5390 0 0 200 20.3338 -13 -1 1 0 1 0 0 0.0010788 0 0 0 
0 0 5395 0 0 200 20.3527 -13 -1 1 0 1 0 0 0.00107553 0 0 0 
0 0 5400 0 0 200 20.3715 -13 -1 1 0 1 0 0 0.00107226 0 0 0 
0 0 5405 0 0 200 20.3904 -13 -1 1 0 1 0 0 0.00106901 0 0 0 
0 0 5410 0 0 200 20.4093 -13 -1 1 0 1 0 0 0.00106578 0 0 0 
0 0 5415 0 0 200 20.4281 -13 -1 1 0 1 0 0 0.00106256 0 0 0 
0 0 5420 0 0 200 20.447 -13 -1 1 0 1 0 0 0.00105935 0 0 0 
0 0 5425 0 0 200 20.4659 -13 -1 1 0 1 0 0 0.00105615 0 0 0 
0 0 5430 0 0 200 20.4847 -13 -1 1 0 1 0 0 0.00105297 0 0 0 
0 0 5435 0 0 200 20.5036 -13 -1 1 0 1 0 0 0.0010498 0 0 0 
0 0 5440 0 0 200 20.5224 -13 -1 1 0 1 0 0 0.00104664 0 0 0 
0 0 5445 0 0 200 20.5413 -13 -1 1 0 1 0 0 0.00104349 0 0 0 
0 0 5450 0 0 200 20.5602 -13 -1 1 0 1 0 0 0.00104036 0 0 0 
0 0 5455 0 0 200 20.579 -13 -1 1 0 1 0 0 0.00103724 0 0 0 
0 0 5460 0 0 200 20.5979 -13 -1 1 0 1 0 0 0.00103413 0 0 0 
0 0 5465 0 0 200 20.6168 -13 -1 1 0 1 0 0 0.00103104 0 0 0 
0 0 5470 0 0 200 20.6356 -13 -1 1 0 1 0 0 0.00102795 0 0 0 
0 0 5475 0 0 200 20.6545 -13 -1 1 0 1 0 0 0.00102488 0 0 0 
0 0 5480 0 0 200 20.6733 -13 -1 1 0 1 0 0 0.00102182 0 0 0 
0 0 5485 0 0 200 20.6922 -13 -1 1 0 1 0 0 0.00101878 0 0 0 
0 0 5490 0 0 200 20.7111 -13 -1 1 0 1 0 0 0.00101574 0 0 0 
0 0 5495 0 0 200 20.7299 -13 -1 1 0 1 0 0 0.00101272 0 0 0 
0 0 5500 0 0 200 20.7488 -13 -1 1 0 1 0 0 0.00100971 0 0 0 
0 0 5505 0 0 200 20.7677 -13 -1 1 0 1 0 0 0.00100671 0 0 0 
0 0 5510 0 0 200 20.7865 -13 -1 1 0 1 0 0 0.00100372 0 0 0 
0 0 5515 0 0 200 20.8054 -13 -1 1 0 1 0 0 0.00100075 0 0 0 
0 0 5520 0 0 200 20.8242 -13 -1 1 0 1 0 0 0.000997786 0 0 0 
0 0 5525 0 0 200 20.8431 -13 -1 1 0 1 0 0 0.000994833 0 0 0 
0 0 5530 0 0 200 20.862 -13 -1 1 0 1 0 0 0.000991892 0 0 0 
0 0 5535 0 0 200 20.8808 -13 -1 1 0 1 0 0 0.000988965 0 0 0 
0 0 5540 0 0 200 20.8997 -13 -1 1 0 1 0 0 0.000986046 0 0 0 
0 0 5545 0 0 200 20.9186 -13 -1 1 0 1 0 0 0.000983142 0 0 0 
0 0 5550 0 0 200 20.9374 -13 -1 1 0 1 0 0 0.000980248 0 0 0 
0 0 5555 0 0 200 20.9563 -13 -1 1 0 1 0 0 0.000977362 0 0 0 
0 0 5560 0 0 200 20.9751 -13 -1 1 0 1 0 0 0.000974493 0 0 0 
0 0 5565 0 0 200 20.994 -13 -1 1 0 1 0 0 0.000971633 0 0 0 
0 0 5570 0 0 200 21.0129 -13 -1 1 0 1 0 0 0.000968781 0 0 0 
0 0 5575 0 0 200 21.0317 -13 -1 1 0 1 0 0 0.000965945 0 0 0 
0 0 5580 0 0 200 21.0506 -13 -1 1 0 1 0 0 0.000963118 0 0 0 
0 0 5585 0 0 200 21.0695 -13 -1 1 0 1 0 0 0.0009603 0 0 0 
0 0 5590 0 0 200 21.0883 -13 -1 1 0 1 0 0 0.000957497 0 0 0 
0 0 5595 0 0 200 21.1072 -13 -1 1 0 1 0 0 0.000954701 0 0 0 
0 0 5600 0 0 200 21.126 -13 -1 1 0 1 0 0 0.000951918 0 0 0 
0 0 5605 0 0 200 21.1449 -13 -1 1 0 1 0 0 0.000949147 0 0 0 
0 0 5610 0 0 200 21.1638 -13 -1 1 0 1 0 0 0.000946382 0 0 0 
0 0 5615 0 0 200 21.1826 -13 -1 1 0 1 0 0 0.000943633 0 0 0 
0 0 5620 0 0 200 21.2015 -13 -1 1 0 1 0 0 0.000940893 0 0 0 
0 0 5625 0 0 200 21.2204 -13 -1 1 0 1 0 0 0.00093816 0 0 0 
0 0 5630 0 0 200 21.2392 -13 -1 1 0 1 0 0 0.000935443 0 0 0 
0 0 5635 0 0 200 21.2581 -13 -1 1 0 1 0 0 0.000932734 0 0 0 
0 0 5640 0 0 200 21.277 -13 -1 1 0 1 0 0 0.000930033 0 0 0 
0 0 5645 0 0 200 21.2958 -13 -1 1 0 1 0 0 0.000927348 0 0 0 
0 0 5650 0 0 200 21.3147 -13 -1 1 0 1 0 0 0.000924669 0 0 0 
0 0 5655 0 0 200 21.3335 -13 -1 1 0 1 0 0 0.000922001 0 0 0 
0 0 5660 0 0 200 21.3524 -13 -1 1 0 1 0 0 0.000919345 0 0 0 
0 0 5665 0 0 200 21.3713 -13 -1 1 0 1 0 0 0.000916696 0 0 0 
0 0 5670 0 0 200 21.3901 -13 -1 1 0 1 0 0 0.00091406 0 0 0 
0 0 5675 0 0 200 21.409 -13 -1 1 0 1 0 0 0.000911433 0 0 0 
0 0 5680 0 0 200 21.4279 -13 -1 1 0 1 0 0 0.000908814 0 0 0 
0 0 5685 0 0 200 21.4467 -13 -1 1 0 1 0 0 0.000906209 0 0 0 
0 0 5690 0 0 200 21.4656 -13 -1 1 0 1 0 0 0.000903612 0 0 0 
0 0 5695 0 0 200 21.4844 -13 -1 1 0 1 0 0 0.000901023 0 0 0 
0 0 5700 0 0 200 21.5033 -13 -1 1 0 1 0 0 0.000898448 0 0 0 
0 0 5705 0 0 200 21.5222 -13 -1 1 0 1 0 0 0.00089588 0 0 0 
0 0 5710 0 0 200 21.541 -13 -1 1 0 1 0 0 0.000893321 0 0 0 
0 0 5715 0 0 200 21.5599 -13 -1 1 0 1 0 0 0.000890775 0 0 0 
0 0 5720 0 0 200 21.5788 -13 -1 1 0 1 0 0 0.000888235 0 0 0 
0 0 5725 0 0 200 21.5976 -13 -1 1 0 1 0 0 0.000885707 0 0 0 
0 0 5730 0 0 200 21.6165 -13 -1 1 0 1 0 0 0.000883189 0 0 0 
0 0 5735 0 0 200 21.6353 -13 -1 1 0 1 0 0 0.000880677 0 0 0 
0 0 5740 0 0 200 21.6542 -13 -1 1 0 1 0 0 0.000878179 0 0 0 
0 0 5745 0 0 200 21.6731 -13 -1 1 0 1 0 0 0.000875688 0 0 0 
0 0 5750 0 0 200 21.6919 -13 -1 1 0 1 0 0 0.000873204 0 0 0 
0 0 5755 0 0 200 21.7108 -13 -1 1 0 1 0 0 0.000870735 0 0 0 
0 0 5760 0 0 200 21.7297 -13 -1 1 0 1 0 0 0.000868272 0 0 0 
0 0 5765 0 0 200 21.7485 -13 -1 1 0 1 0 0 0.000865817 0 0 0 
0 0 5770 0 0 200 21.7674 -13 -1 1 0 1 0 0 0.000863375 0 0 0 
0 0 5775 0 0 200 21.7862 -13 -1 1 0 1 0 0 0.000860939 0 0 0 
0 0 5780 0 0 200 21.8051 -13 -1 1 0 1 0 0 0.000858513 0 0 0 
0 0 5785 0 0 200 21.824 -13 -1 1 0 1 0 0 0.000856097 0 0 0 
0 0 5790 0 0 200 21.8428 -13 -1 1 0 1 0 0 0.000853688 0 0 0 
0 0 5795 0 0 200 21.8617 -13 -1 1 0 1 0 0 0.00085129 0 0 0 
0 0 5800 0 0 200 21.8806 -13 -1 1 0 1 0 0 0.000848901 0 0 0 
0 0 5805 0 0 200 21.8994 -13 -1 1 0 1 0 0 0.000846518 0 0 0 
0 0 5810 0 0 200 21.9183 -13 -1 1 0 1 0 0 0.000844148 0 0 0 
0 0 5815 0 0 200 21.9371 -13 -1 1 0 1 0 0 0.000841785 0 0 0 
0 0 5820 0 0 200 21.956 -13 -1 1 0 1 0 0 0.000839429 0 0 0 
0 0 5825 0 0 200 21.9749 -13 -1 1 0 1 0 0 0.000837085 0 0 0 
0 0 5830 0 0 200 21.9937 -13 -1 1 0 1 0 0 0.000834748 0 0 0 
0 0 5835 0 0 200 22.0126 -13 -1 1 0 1 0 0 0.000832419 0 0 0 
0 0 5840 0 0 200 22.0315 -13 -1 1 0 1 0 0 0.000830101 0 0 0 
0 0 5845 0 0 200 22.0503 -13 -1 1 0 1 0 0 0.000827789 0 0 0 
0 0 5850 0 0 200 22.0692 -13 -1 1 0 1 0 0 0.000825487 0 0 0 
0 0 5855 0 0 200 22.088 -13 -1 1 0 1 0 0 0.000823194 0 0 0 
0 0 5860 0 0 200 22.1069 -13 -1 1 0 1 0 0 0.000820906 0 0 0 
0 0 5865 0 0 200 22.1258 -13 -1 1 0 1 0 0 0.000818631 0 0 0 
0 0 5870 0 0 200 22.1446 -13 -1 1 0 1 0 0 0.000816363 0 0 0 
0 0 5875 0 0 200 22.1635 -13 -1 1 0 1 0 0 0.0008141 0 0 0 
0 0 5880 0 0 200 22.1824 -13 -1 1 0 1 0 0 0.00081185 0 0 0 
0 0 5885 0 0 200 22.2012 -13 -1 1 0 1 0 0 0.000809607 0 0 0 
0 0 5890 0 0 200 22.2201 -13 -1 1 0 1 0 0 0.00080737 0 0 0 
0 0 5895 0 0 200 22.2389 -13 -1 1 0 1 0 0 0.000805144 0 0 0 
0 0 5900 0 0 200 22.2578 -13 -1 1 0 1 0 0 0.000802925 0 0 0 
0 0 5905 0 0 200 22.2767 -13 -1 1 0 1 0 0 0.000800714 0 0 0 
0 0 5910 0 0 200 22.2955 -13 -1 1 0 1 0 0 0.000798512 0 0 0 
0 0 5915 0 0 200 22.3144 -13 -1 1 0 1 0 0 0.000796316 0 0 0 
0 0 5920 0 0 200 22.3333 -13 -1 1 0 1 0 0 0.00079413 0 0 0 
0 0 5925 0 0 200 22.3521 -13 -1 1 0 1 0 0 0.000791952 0 0 0 
0 0 5930 0 0 200 22.371 -13 -1 1 0 1 0 0 0.000789779 0 0 0 
0 0 5935 0 0 200 22.3898 -13 -1 1 0 1 0 0 0.000787618 0 0 0 
0 0 5940 0 0 200 22.4087 -13 -1 1 0 1 0 0 0.000785463 0 0 0 
0 0 5945 0 0 200 22.4276 -13 -1 1 0 1 0 0 0.000783314 0 0 0 
0 0 5950 0 0 200 22.4464 -13 -1 1 0 1 0 0 0.000781177 0 0 0 
0 0 5955 0 0 200 22.4653 -13 -1 1 0 1 0 0 0.000779045 0 0 0 
0 0 5960 0 0 200 22.4842 -13 -1 1 0 1 0 0 0.00077692 0 0 0 
0 0 5965 0 0 200 22.503 -13 -1 1 0 1 0 0 0.000774805 0 0 0 
0 0 5970 0 0 200 22.5219 -13 -1 1 0 1 0 0 0.000772696 0 0 0 
0 0 5975 0 0 200 22.5407 -13 -1 1 0 1 0 0 0.000770595 0 0 0 
0 0 5980 0 0 200 22.5596 -13 -1 1 0 1 0 0 0.000768503 0 0 0 
0 0 5985 0 0 200 22.5785 -13 -1 1 0 1 0 0 0.000766416 0 0 0 
0 0 5990 0 0 200 22.5973 -13 -1 1 0 1 0 0 0.000764339 0 0 0 
0 0 5995 0 0 200 22.6162 -13 -1 1 0 1 0 0 0.000762268 0 0 0 
0 0 6000 0 0 200 22.6351 -13 -1 1 0 1 0 0 0.000760203 0 0 0 
0 0 6005 0 0 200 22.6539 -13 -1 1 0 1 0 0 0.00075815 0 0 0 
0 0 6010 0 0 200 22.6728 -13 -1 1 0 1 0 0 0.000756101 0 0 0 
0 0 6015 0 0 200 22.6916 -13 -1 1 0 1 0 0 0.000754059 0 0 0 
0 0 6020 0 0 200 22.7105 -13 -1 1 0 1 0 0 0.000752027 0 0 0 
0 0 6025 0 0 200 22.7294 -13 -1 1 0 1 0 0 0.00075 0 0 0 
0 0 6030 0 0 200 22.7482 -13 -1 1 0 1 0 0 0.00074798 0 0 0 
0 0 6035 0 0 200 22.7671 -13 -1 1 0 1 0 0 0.000745969 0 0 0 
0 0 6040 0 0 200 22.786 -13 -1 1 0 1 0 0 0.000743963 0 0 0 
0 0 6045 0 0 200 22.8048 -13 -1 1 0 1 0 0 0.000741967 0 0 0 
0 0 6050 0 0 200 22.8237 -13 -1 1 0 1 0 0 0.000739977 0 0 0 
0 0 6055 0 0 200 22.8425 -13 -1 1 0 1 0 0 0.000737992 0 0 0 
0 0 6060 0 0 200 22.8614 -13 -1 1 0 1 0 0 0.000736017 0 0 0 
0 0 6065 0 0 200 22.8803 -13 -1 1 0 1 0 0 0.000734048 0 0 0 
0 0 6070 0 0 200 22.8991 -13 -1 1 0 1 0 0 0.000732084 0 0 0 
0 0 6075 0 0 200 22.918 -13 -1 1 0 1 0 0 0.000730131 0 0 0 
0 0 6080 0 0 200 22.9369 -13 -1 1 0 1 0 0 0.000728182 0 0 0 
0 0 6085 0 0 200 22.9557 -13 -1 1 0 1 0 0 0.00072624 0 0 0 
0 0 6090 0 0 200 22.9746 -13 -1 1 0 1 0 0 0.000724307 0 0 0 
0 0 6095 0 0 200 22.9934 -13 -1 1 0 1 0 0 0.000722378 0 0 0 
0 0 6100 0 0 200 23.0123 -13 -1 1 0 1 0 0 0.000720458 0 0 0 
0 0 6105 0 0 200 23.0312 -13 -1 1 0 1 0 0 0.000718544 0 0 0 
0 0 6110 0 0 200 23.05 -13 -1 1 0 1 0 0 0.000716636 0 0 0 
0 0 6110.68 0 0 200 23.0526 -13 -1 1 0 1 0 0 0.000716378 0 0 0 

# Event 1 Track 1
1.5 0 -3000 0 0 200 0 -13 1 1 0 1 -1.83829e-06 0 0.00290705 0 0 0 
1.5 -3.45088e-08 -2995 -3.0181e-11 -2.76329e-06 200 0.0188625 -13 1 1 0 1 -1.84864e-06 4.25295e-14 0.00291936 0 0 0 
1.5 -1.38294e-07 -2990 -1.21377e-10 -5.5421e-06 200 0.0377251 -13 1 1 0 1 -1.85904e-06 1.71395e-13 0.00293172 0 0 0 
1.5 -3.11744e-07 -2985 -2.74577e-10 -8.33657e-06 200 0.0565876 -13 1 1 0 1 -1.8695e-06 3.88537e-13 0.00294414 0 0 0 
1.5 -5.55253e-07 -2980 -4.90785e-10 -1.11468e-05 200 0.0754502 -13 1 1 0 1 -1.88006e-06 6.95938e-13 0.00295665 0 0 0 
1.5 -8.69215e-07 -2975 -7.71018e-10 -1.39728e-05 200 0.0943127 -13 1 1 0 1 -1.89067e-06 1.0956e-12 0.00296921 0 0 0 
1.5 -1.25403e-06 -2970 -1.11631e-09 -1.68149e-05 200 0.113175 -13 1 1 0 1 -1.90136e-06 1.58957e-12 0.00298185 0 0 0 
1.5 -1.71009e-06 -2965 -1.52771e-09 -1.9673e-05 200 0.132038 -13 1 1 0 1 -1.91214e-06 2.17996e-12 0.00299457 0 0 0 
1.5 -2.23781e-06 -2960 -2.00627e-09 -2.25473e-05 200 0.1509 -13 1 1 0 1 -1.92297e-06 2.86883e-12 0.00300734 0 0 0 
1.5 -2.8376e-06 -2955 -2.55308e-09 -2.5438e-05 200 0.169763 -13 1 1 0 1 -1.9339e-06 3.65842e-12 0.00302021 0 0 0 
1.5 -3.50985e-06 -2950 -3.16923e-09 -2.83451e-05 200 0.188625 -13 1 1 0 1 -1.9449e-06 4.55088e-12 0.00303314 0 0 0 
1.5 -4.25499e-06 -2945 -3.85582e-09 -3.12687e-05 200 0.207488 -13 1 1 0 1 -1.95596e-06 5.5484e-12 0.00304613 0 0 0 
1.5 -5.07342e-06 -2940 -4.61398e-09 -3.4209e-05 200 0.226351 -13 1 1 0 1 -1.96714e-06 6.65341e-12 0.00305922 0 0 0 
1.5 -5.96558e-06 -2935 -5.44485e-09 -3.7166e-05 200 0.245213 -13 1 1 0 1 -1.97837e-06 7.86808e-12 0.00307237 0 0 0 
1.5 -6.93187e-06 -2930 -6.34959e-09 -4.014e-05 200 0.264076 -13 1 1 0 1 -1.98967e-06 9.19474e-12 0.00308558 0 0 0 
1.5 -7.97272e-06 -2925 -7.32937e-09 -4.3131e-05 200 0.282938 -13 1 1 0 1 -2.00108e-06 1.06361e-11 0.0030989 0 0 0 
1.5 -9.08856e-06 -2920 -8.38537e-09 -4.61391e-05 200 0.301801 -13 1 1 0 1 -2.01255e-06 1.21942e-11 0.00311228 0 0 0 
1.5 -1.02798e-05 -2915 -9.5188e-09 -4.91645e-05 200 0.320663 -13 1 1 0 1 -2.02411e-06 1.38716e-11 0.00312572 0 0 0 
1.5 -1.15469e-05 -2910 -1.07309e-08 -5.22073e-05 200 0.339526 -13 1 1 0 1 -2.03576e-06 1.56712e-11 0.00313927 0 0 0 
1.5 -1.28903e-05 -2905 -1.20229e-08 -5.52676e-05 200 0.358388 -13 1 1 0 1 -2.04748e-06 1.75951e-11 0.00315287 0 0 0 
1.5 -1.43105e-05 -2900 -1.3396e-08 -5.83455e-05 200 0.377251 -13 1 1 0 1 -2.05929e-06 1.96462e-11 0.00316656 0 0 0 
1.5 -1.58078e-05 -2895 -1.48516e-08 -6.14412e-05 200 0.396113 -13 1 1 0 1 -2.07119e-06 2.18273e-11 0.00318034 0 0 0 
1.5 -1.73827e-05 -2890 -1.63909e-08 -6.45548e-05 200 0.414976 -13 1 1 0 1 -2.08315e-06 2.41405e-11 0.00319417 0 0 0 
1.5 -1.90356e-05 -2885 -1.80153e-08 -6.76864e-05 200 0.433838 -13 1 1 0 1 -2.09523e-06 2.65894e-11 0.00320811 0 0 0 
1.5 -2.07671e-05 -2880 -1.9726e-08 -7.08362e-05 200 0.452701 -13 1 1 0 1 -2.10739e-06 2.91763e-11 0.00322212 0 0 0 
1.5 -2.25776e-05 -2875 -2.15245e-08 -7.40043e-05 200 0.471564 -13 1 1 0 1 -2.11961e-06 3.19038e-11 0.00323619 0 0 0 
1.5 -2.44675e-05 -2870 -2.3412e-08 -7.71907e-05 200 0.490426 -13 1 1 0 1 -2.13196e-06 3.47758e-11 0.00325039 0 0 0 
1.5 -2.64373e-05 -2865 -2.53901e-08 -8.03957e-05 200 0.509289 -13 1 1 0 1 -2.14438e-06 3.77944e-11 0.00326464 0 0 0 
1.5 -2.84875e-05 -2860 -2.746e-08 -8.36194e-05 200 0.528151 -13 1 1 0 1 -2.15687e-06 4.09625e-11 0.00327896 0 0 0 
1.5 -3.06184e-05 -2855 -2.96233e-08 -8.6862e-05 200 0.547014 -13 1 1 0 1 -2.16949e-06 4.42843e-11 0.0032934 0 0 0 
1.5 -3.28307e-05 -2850 -3.18814e-08 -9.01234e-05 200 0.565876 -13 1 1 0 1 -2.18217e-06 4.77615e-11 0.0033079 0 0 0 
1.5 -3.51248e-05 -2845 -3.42357e-08 -9.3404e-05 200 0.584739 -13 1 1 0 1 -2.19496e-06 5.13982e-11 0.00332248 0 0 0 
1.5 -3.75011e-05 -2840 -3.66877e-08 -9.67038e-05 200 0.603601 -13 1 1 0 1 -2.20785e-06 5.51977e-11 0.00333717 0 0 0 
1.5 -3.99601e-05 -2835 -3.92391e-08 -0.000100023 200 0.622464 -13 1 1 0 1 -2.2208e-06 5.91623e-11 0.00335192 0 0 0 
1.5 -4.25024e-05 -2830 -4.18912e-08 -0.000103362 200 0.641326 -13 1 1 0 1 -2.23388e-06 6.32967e-11 0.00336678 0 0 0 
1.5 -4.51284e-05 -2825 -4.46457e-08 -0.00010672 200 0.660189 -13 1 1 0 1 -2.24705e-06 6.76037e-11 0.00338172 0 0 0 
1.5 -4.78385e-05 -2820 -4.75041e-08 -0.000110098 200 0.679052 -13 1 1 0 1 -2.26028e-06 7.20857e-11 0.00339672 0 0 0 
1.5 -5.06334e-05 -2815 -5.0468e-08 -0.000113496 200 0.697914 -13 1 1 0 1 -2.27366e-06 7.67488e-11 0.00341186 0 0 0 
1.5 -5.35135e-05 -2810 -5.35392e-08 -0.000116914 200 0.716777 -13 1 1 0 1 -2.28712e-06 8.15944e-11 0.00342706 0 0 0 
1.5 -5.64793e-05 -2805 -5.67191e-08 -0.000120353 200 0.735639 -13 1 1 0 1 -2.30065e-06 8.6626e-11 0.00344233 0 0 0 
1.5 -5.95313e-05 -2800 -6.00096e-08 -0.000123812 200 0.754502 -13 1 1 0 1 -2.31433e-06 9.185e-11 0.00345774 0 0 0 
1.5 -6.26701e-05 -2795 -6.34122e-08 -0.000127291 200 0.773364 -13 1 1 0 1 -2.32808e-06 9.72671e-11 0.0034732 0 0 0 
1.5 -6.58961e-05 -2790 -6.69288e-08 -0.000130791 200 0.792227 -13 1 1 0 1 -2.34192e-06 1.02882e-10 0.00348876 0 0 0 
1.5 -6.92098e-05 -2785 -7.0561e-08 -0.000134312 200 0.811089 -13 1 1 0 1 -2.3559e-06 1.08701e-10 0.00350444 0 0 0 
1.5 -7.26118e-05 -2780 -7.43107e-08 -0.000137854 200 0.829952 -13 1 1 0 1 -2.36995e-06 1.14724e-10 0.00352018 0 0 0 
1.5 -7.61027e-05 -2775 -7.81796e-08 -0.000141417 200 0.848814 -13 1 1 0 1 -2.38412e-06 1.20959e-10 0.00353603 0 0 0 
1.5 -7.96829e-05 -2770 -8.21695e-08 -0.000145001 200 0.867677 -13 1 1 0 1 -2.39841e-06 1.27408e-10 0.00355198 0 0 0 
1.5 -8.33529e-05 -2765 -8.62824e-08 -0.000148607 200 0.88654 -13 1 1 0 1 -2.41277e-06 1.34074e-10 0.003568 0 0 0 
1.5 -8.71134e-05 -2760 -9.05201e-08 -0.000152235 200 0.905402 -13 1 1 0 1 -2.42727e-06 1.40965e-10 0.00358415 0 0 0 
1.5 -9.09649e-05 -2755 -9.48845e-08 -0.000155884 200 0.924265 -13 1 1 0 1 -2.44187e-06 1.48083e-10 0.00360038 0 0 0 
1.5 -9.49078e-05 -2750 -9.93775e-08 -0.000159555 200 0.943127 -13 1 1 0 1 -2.45654e-06 1.5543e-10 0.00361668 0 0 0 
1.5 -9.89428e-05 -2745 -1.04001e-07 -0.000163249 200 0.96199 -13 1 1 0 1 -2.47139e-06 1.63018e-10 0.00363313 0 0 0 
1.5 -0.00010307 -2740 -1.08757e-07 -0.000166964 200 0.980852 -13 1 1 0 1 -2.48631e-06 1.70844e-10 0.00364966 0 0 0 
1.5 -0.000107291 -2735 -1.13648e-07 -0.000170703 200 0.999715 -13 1 1 0 1 -2.50134e-06 1.78914e-10 0.00366627 0 0 0 
1.5 -0.000111606 -2730 -1.18675e-07 -0.000174463 200 1.01858 -13 1 1 0 1 -2.51651e-06 1.87238e-10 0.00368301 0 0 0 
1.5 -0.000116015 -2725 -1.23842e-07 -0.000178247 200 1.03744 -13 1 1 0 1 -2.53177e-06 1.95815e-10 0.00369983 0 0 0 
1.5 -0.000120518 -2720 -1.29149e-07 -0.000182053 200 1.0563 -13 1 1 0 1 -2.54715e-06 2.04652e-10 0.00371676 0 0 0 
1.5 -0.000125117 -2715 -1.34599e-07 -0.000185883 200 1.07516 -13 1 1 0 1 -2.56266e-06 2.13756e-10 0.00373381 0 0 0 
1.5 -0.000129813 -2710 -1.40194e-07 -0.000189736 200 1.09403 -13 1 1 0 1 -2.57826e-06 2.23127e-10 0.00375092 0 0 0 
1.5 -0.000134604 -2705 -1.45936e-07 -0.000193613 200 1.11289 -13 1 1 0 1 -2.594e-06 2.32776e-10 0.00376817 0 0 0 
1.5 -0.000139493 -2700 -1.51828e-07 -0.000197513 200 1.13175 -13 1 1 0 1 -2.60987e-06 2.42706e-10 0.00378553 0 0 0 
1.5 -0.00014448 -2695 -1.57872e-07 -0.000201437 200 1.15062 -13 1 1 0 1 -2.62581e-06 2.52919e-10 0.00380295 0 0 0 
1.5 -0.000149566 -2690 -1.6407e-07 -0.000205385 200 1.16948 -13 1 1 0 1 -2.64194e-06 2.63428e-10 0.00382054 0 0 0 
1.5 -0.00015475 -2685 -1.70425e-07 -0.000209357 200 1.18834 -13 1 1 0 1 -2.65816e-06 2.74233e-10 0.0038382 0 0 0 
1.5 -0.000160034 -2680 -1.76938e-07 -0.000213354 200 1.2072 -13 1 1 0 1 -2.67447e-06 2.85337e-10 0.00385596 0 0 0 
1.5 -0.000165418 -2675 -1.83613e-07 -0.000217375 200 1.22607 -13 1 1 0 1 -2.69097e-06 2.96756e-10 0.00387387 0 0 0 
1.5 -0.000170903 -2670 -1.90451e-07 -0.000221421 200 1.24493 -13 1 1 0 1 -2.70756e-06 3.08486e-10 0.00389186 0 0 0 
1.5 -0.000176489 -2665 -1.97455e-07 -0.000225492 200 1.26379 -13 1 1 0 1 -2.72427e-06 3.20536e-10 0.00390995 0 0 0 
1.5 -0.000182177 -2660 -2.04629e-07 -0.000229588 200 1.28265 -13 1 1 0 1 -2.74114e-06 3.32916e-10 0.00392819 0 0 0 
1.5 -0.000187969 -2655 -2.11973e-07 -0.00023371 200 1.30152 -13 1 1 0 1 -2.75811e-06 3.45625e-10 0.0039465 0 0 0 
1.5 -0.000193863 -2650 -2.19491e-07 -0.000237857 200 1.32038 -13 1 1 0 1 -2.77522e-06 3.58675e-10 0.00396495 0 0 0 
1.5 -0.000199862 -2645 -2.27186e-07 -0.00024203 200 1.33924 -13 1 1 0 1 -2.79248e-06 3.72073e-10 0.00398352 0 0 0 
1.5 -0.000205965 -2640 -2.35059e-07 -0.000246229 200 1.3581 -13 1 1 0 1 -2.80983e-06 3.85818e-10 0.00400217 0 0 0 
1.5 -0.000212173 -2635 -2.43115e-07 -0.000250454 200 1.37697 -13 1 1 0 1 -2.82736e-06 3.99927e-10 0.00402098 0 0 0 
1.5 -0.000218488 -2630 -2.51355e-07 -0.000254705 200 1.39583 -13 1 1 0 1 -2.84502e-06 4.14401e-10 0.00403989 0 0 0 
1.5 -0.000224909 -2625 -2.59782e-07 -0.000258983 200 1.41469 -13 1 1 0 1 -2.86276e-06 4.29241e-10 0.00405889 0 0 0 
1.5 -0.000231437 -2620 -2.684e-07 -0.000263288 200 1.43355 -13 1 1 0 1 -2.88073e-06 4.44472e-10 0.00407807 0 0 0 
1.5 -0.000238073 -2615 -2.7721e-07 -0.000267619 200 1.45242 -13 1 1 0 1 -2.89879e-06 4.60083e-10 0.00409733 0 0 0 
1.5 -0.000244818 -2610 -2.86216e-07 -0.000271978 200 1.47128 -13 1 1 0 1 -2.91697e-06 4.76085e-10 0.00411669 0 0 0 
1.5 -0.000251672 -2605 -2.95421e-07 -0.000276364 200 1.49014 -13 1 1 0 1 -2.93535e-06 4.92497e-10 0.00413623 0 0 0 
1.5 -0.000258637 -2600 -3.04828e-07 -0.000280778 200 1.509 -13 1 1 0 1 -2.95382e-06 5.09311e-10 0.00415584 0 0 0 
1.5 -0.000265712 -2595 -3.1444e-07 -0.00028522 200 1.52787 -13 1 1 0 1 -2.97245e-06 5.26544e-10 0.0041756 0 0 0 
1.5 -0.000272898 -2590 -3.2426e-07 -0.000289689 200 1.54673 -13 1 1 0 1 -2.99126e-06 5.44205e-10 0.00419549 0 0 0 
1.5 -0.000280196 -2585 -3.34291e-07 -0.000294187 200 1.56559 -13 1 1 0 1 -3.01016e-06 5.62291e-10 0.00421547 0 0 0 
1.5 -0.000287607 -2580 -3.44536e-07 -0.000298713 200 1.58445 -13 1 1 0 1 -3.02926e-06 5.80824e-10 0.00423562 0 0 0 
1.5 -0.000295132 -2575 -3.54999e-07 -0.000303269 200 1.60332 -13 1 1 0 1 -3.0485e-06 5.99806e-10 0.00425589 0 0 0 
1.5 -0.000302771 -2570 -3.65682e-07 -0.000307853 200 1.62218 -13 1 1 0 1 -3.06784e-06 6.19236e-10 0.00427624 0 0 0 
1.5 -0.000310525 -2565 -3.7659e-07 -0.000312466 200 1.64104 -13 1 1 0 1 -3.08741e-06 6.39146e-10 0.00429679 0 0 0 
1.5 -0.000318395 -2560 -3.87724e-07 -0.000317109 200 1.6599 -13 1 1 0 1 -3.1071e-06 6.59523e-10 0.00431744 0 0 0 
1.5 -0.000326381 -2555 -3.9909e-07 -0.000321781 200 1.67877 -13 1 1 0 1 -3.12691e-06 6.80376e-10 0.00433819 0 0 0 
1.5 -0.000334484 -2550 -4.1069e-07 -0.000326483 200 1.69763 -13 1 1 0 1 -3.14696e-06 7.01738e-10 0.00435913 0 0 0 
1.5 -0.000342705 -2545 -4.22528e-07 -0.000331215 200 1.71649 -13 1 1 0 1 -3.16711e-06 7.2359e-10 0.00438017 0 0 0 
1.5 -0.000351045 -2540 -4.34607e-07 -0.000335978 200 1.73535 -13 1 1 0 1 -3.18742e-06 7.45952e-10 0.00440134 0 0 0 
1.5 -0.000359504 -2535 -4.46931e-07 -0.000340771 200 1.75422 -13 1 1 0 1 -3.20793e-06 7.68844e-10 0.00442268 0 0 0 
1.5 -0.000368084 -2530 -4.59504e-07 -0.000345595 200 1.77308 -13 1 1 0 1 -3.22856e-06 7.92254e-10 0.00444412 0 0 0 
1.5 -0.000376784 -2525 -4.7233e-07 -0.00035045 200 1.79194 -13 1 1 0 1 -3.24938e-06 8.16211e-10 0.00446572 0 0 0 
1.5 -0.000385607 -2520 -4.85412e-07 -0.000355336 200 1.8108 -13 1 1 0 1 -3.27039e-06 8.40721e-10 0.00448746 0 0 0 
1.5 -0.000394551 -2515 -4.98753e-07 -0.000360254 200 1.82967 -13 1 1 0 1 -3.2915e-06 8.65778e-10 0.00450931 0 0 0 
1.5 -0.00040362 -2510 -5.12359e-07 -0.000365204 200 1.84853 -13 1 1 0 1 -3.31285e-06 8.91421e-10 0.00453134 0 0 0 
1.5 -0.000412812 -2505 -5.26233e-07 -0.000370186 200 1.86739 -13 1 1 0 1 -3.33435e-06 9.1764e-10 0.00455351 0 0 0 
1.5 -0.000422129 -2500 -5.40379e-07 -0.0003752 200 1.88625 -13 1 1 0 1 -3.35597e-06 9.44435e-10 0.00457577 0 0 0 
1.5 -0.000431572 -2495 -5.548e-07 -0.000380247 200 1.90512 -13 1 1 0 1 -3.37786e-06 9.71861e-10 0.00459825 0 0 0 
1.5 -0.000441142 -2490 -5.69502e-07 -0.000385327 200 1.92398 -13 1 1 0 1 -3.39988e-06 9.99886e-10 0.00462084 0 0 0 
1.5 -0.000450839 -2485 -5.84489e-07 -0.00039044 200 1.94284 -13 1 1 0 1 -3.42205e-06 1.02853e-09 0.00464356 0 0 0 
1.5 -0.000460664 -2480 -5.99764e-07 -0.000395586 200 1.9617 -13 1 1 0 1 -3.44447e-06 1.05783e-09 0.00466648 0 0 0 
1.5 -0.000470618 -2475 -6.15332e-07 -0.000400766 200 1.98057 -13 1 1 0 1 -3.46701e-06 1.08776e-09 0.0046895 0 0 0 
1.5 -0.000480703 -2470 -6.31198e-07 -0.00040598 200 1.99943 -13 1 1 0 1 -3.48975e-06 1.11835e-09 0.00471269 0 0 0 
1.5 -0.000490918 -2465 -6.47365e-07 -0.000411228 200 2.01829 -13 1 1 0 1 -3.51271e-06 1.14963e-09 0.00473605 0 0 0 
1.5 -0.000501264 -2460 -6.6384e-07 -0.000416511 200 2.03715 -13 1 1 0 1 -3.53579e-06 1.18158e-09 0.00475952 0 0 0 
1.5 -0.000511743 -2455 -6.80625e-07 -0.000421828 200 2.05602 -13 1 1 0 1 -3.55912e-06 1.21424e-09 0.00478318 0 0 0 
1.5 -0.000522356 -2450 -6.97726e-07 -0.000427181 200 2.07488 -13 1 1 0 1 -3.58263e-06 1.24761e-09 0.004807 0 0 0 
1.5 -0.000533103 -2445 -7.15147e-07 -0.000432569 200 2.09374 -13 1 1 0 1 -3.60627e-06 1.28168e-09 0.00483092 0 0 0 
1.5 -0.000543985 -2440 -7.32894e-07 -0.000437992 200 2.1126 -13 1 1 0 1 -3.6302e-06 1.31652e-09 0.00485508 0 0 0 
1.5 -0.000555003 -2435 -7.50971e-07 -0.000443452 200 2.13147 -13 1 1 0 1 -3.65429e-06 1.35209e-09 0.00487936 0 0 0 
1.5 -0.000566158 -2430 -7.69383e-07 -0.000448947 200 2.15033 -13 1 1 0 1 -3.67853e-06 1.38842e-09 0.00490377 0 0 0 
1.5 -0.00057745 -2425 -7.88135e-07 -0.00045448 200 2.16919 -13 1 1 0 1 -3.70306e-06 1.42556e-09 0.00492841 0 0 0 
1.5 -0.000588882 -2420 -8.07233e-07 -0.000460049 200 2.18805 -13 1 1 0 1 -3.72774e-06 1.46346e-09 0.00495317 0 0 0 
1.5 -0.000600453 -2415 -8.26681e-07 -0.000465655 200 2.20692 -13 1 1 0 1 -3.75261e-06 1.50218e-09 0.00497809 0 0 0 
1.5 -0.000612165 -2410 -8.46485e-07 -0.000471299 200 2.22578 -13 1 1 0 1 -3.77774e-06 1.54174e-09 0.00500322 0 0 0 
1.5 -0.000624018 -2405 -8.6665e-07 -0.000476981 200 2.24464 -13 1 1 0 1 -3.80302e-06 1.5821e-09 0.00502847 0 0 0 
1.5 -0.000636014 -2400 -8.87182e-07 -0.0004827 200 2.26351 -13 1 1 0 1 -3.82855e-06 1.62334e-09 0.00505391 0 0 0 
1.5 -0.000648154 -2395 -9.08086e-07 -0.000488458 200 2.28237 -13 1 1 0 1 -3.8543e-06 1.66545e-09 0.00507954 0 0 0 
1.5 -0.000660438 -2390 -9.29368e-07 -0.000494255 200 2.30123 -13 1 1 0 1 -3.8802e-06 1.70842e-09 0.00510528 0 0 0 
1.5 -0.000672867 -2385 -9.51034e-07 -0.000500091 200 2.32009 -13 1 1 0 1 -3.9064e-06 1.75233e-09 0.00513127 0 0 0 
1.5 -0.000685442 -2380 -9.73088e-07 -0.000505966 200 2.33896 -13 1 1 0 1 -3.93279e-06 1.79714e-09 0.0051574 0 0 0 
1.5 -0.000698165 -2375 -9.95538e-07 -0.000511881 200 2.35782 -13 1 1 0 1 -3.95933e-06 1.84285e-09 0.00518366 0 0 0 
1.5 -0.000711037 -2370 -1.01839e-06 -0.000517836 200 2.37668 -13 1 1 0 1 -3.98623e-06 1.88957e-09 0.0052102 0 0 0 
1.5 -0.000724058 -2365 -1.04165e-06 -0.000523832 200 2.39554 -13 1 1 0 1 -4.01327e-06 1.93723e-09 0.00523686 0 0 0 
1.5 -0.000737229 -2360 -1.06532e-06 -0.000529868 200 2.41441 -13 1 1 0 1 -4.04052e-06 1.98586e-09 0.00526367 0 0 0 
1.5 -0.000750551 -2355 -1.08941e-06 -0.000535945 200 2.43327 -13 1 1 0 1 -4.06808e-06 2.03554e-09 0.00529074 0 0 0 
1.5 -0.000764026 -2350 -1.11393e-06 -0.000542063 200 2.45213 -13 1 1 0 1 -4.09581e-06 2.0862e-09 0.00531793 0 0 0 
1.5 -0.000777655 -2345 -1.13888e-06 -0.000548224 200 2.47099 -13 1 1 0 1 -4.12378e-06 2.13792e-09 0.00534533 0 0 0 
1.5 -0.000791438 -2340 -1.16426e-06 -0.000554426 200 2.48986 -13 1 1 0 1 -4.15204e-06 2.19072e-09 0.00537294 0 0 0 
1.5 -0.000805376 -2335 -1.1901e-06 -0.000560671 200 2.50872 -13 1 1 0 1 -4.18046e-06 2.24456e-09 0.00540068 0 0 0 
1.5 -0.000819472 -2330 -1.21638e-06 -0.000566959 200 2.52758 -13 1 1 0 1 -4.20918e-06 2.29954e-09 0.00542867 0 0 0 
1.5 -0.000833725 -2325 -1.24313e-06 -0.00057329 200 2.54644 -13 1 1 0 1 -4.23815e-06 2.35564e-09 0.00545684 0 0 0 
1.5 -0.000848137 -2320 -1.27034e-06 -0.000579665 200 2.56531 -13 1 1 0 1 -4.26728e-06 2.41283e-09 0.00548514 0 0 0 
1.5 -0.000862708 -2315 -1.29803e-06 -0.000586083 200 2.58417 -13 1 1 0 1 -4.29679e-06 2.47125e-09 0.00551373 0 0 0 
1.5 -0.000877441 -2310 -1.32619e-06 -0.000592546 200 2.60303 -13 1 1 0 1 -4.32649e-06 2.53083e-09 0.00554248 0 0 0 
1.5 -0.000892336 -2305 -1.35484e-06 -0.000599054 200 2.62189 -13 1 1 0 1 -4.35639e-06 2.59158e-09 0.00557137 0 0 0 
1.5 -0.000907394 -2300 -1.38399e-06 -0.000605606 200 2.64076 -13 1 1 0 1 -4.38666e-06 2.65362e-09 0.00560057 0 0 0 
1.5 -0.000922617 -2295 -1.41364e-06 -0.000612205 200 2.65962 -13 1 1 0 1 -4.41712e-06 2.71687e-09 0.0056299 0 0 0 
1.5 -0.000938005 -2290 -1.4438e-06 -0.000618849 200 2.67848 -13 1 1 0 1 -4.44783e-06 2.78139e-09 0.00565943 0 0 0 
1.5 -0.00095356 -2285 -1.47448e-06 -0.000625539 200 2.69734 -13 1 1 0 1 -4.47888e-06 2.84726e-09 0.00568922 0 0 0 
1.5 -0.000969282 -2280 -1.50569e-06 -0.000632276 200 2.71621 -13 1 1 0 1 -4.51011e-06 2.91439e-09 0.00571916 0 0 0 
1.5 -0.000985174 -2275 -1.53743e-06 -0.00063906 200 2.73507 -13 1 1 0 1 -4.54167e-06 2.98289e-09 0.00574934 0 0 0 
1.5 -0.00100124 -2270 -1.56971e-06 -0.000645891 200 2.75393 -13 1 1 0 1 -4.57351e-06 3.05278e-09 0.00577974 0 0 0 
1.5 -0.00101747 -2265 -1.60254e-06 -0.000652771 200 2.77279 -13 1 1 0 1 -4.60555e-06 3.124e-09 0.0058103 0 0 0 
1.5 -0.00103387 -2260 -1.63593e-06 -0.000659699 200 2.79166 -13 1 1 0 1 -4.63797e-06 3.19672e-09 0.00584114 0 0 0 
1.5 -0.00105045 -2255 -1.66989e-06 -0.000666675 200 2.81052 -13 1 1 0 1 -4.67064e-06 3.27086e-09 0.00587218 0 0 0 
1.5 -0.00106721 -2250 -1.70442e-06 -0.000673701 200 2.82938 -13 1 1 0 1 -4.7035e-06 3.34641e-09 0.00590336 0 0 0 
1.5 -0.00108414 -2245 -1.73954e-06 -0.000680776 200 2.84824 -13 1 1 0 1 -4.73681e-06 3.42358e-09 0.00593489 0 0 0 
1.5 -0.00110125 -2240 -1.77525e-06 -0.000687901 200 2.86711 -13 1 1 0 1 -4.77033e-06 3.50221e-09 0.00596658 0 0 0 
1.5 -0.00111854 -2235 -1.81156e-06 -0.000695077 200 2.88597 -13 1 1 0 1 -4.8041e-06 3.58237e-09 0.00599846 0 0 0 
1.5 -0.001136 -2230 -1.84849e-06 -0.000702304 200 2.90483 -13 1 1 0 1 -4.83828e-06 3.6642e-09 0.00603065 0 0 0 
1.5 -0.00115365 -2225 -1.88604e-06 -0.000709582 200 2.92369 -13 1 1 0 1 -4.87267e-06 3.74758e-09 0.00606299 0 0 0 
1.5 -0.00117148 -2220 -1.92422e-06 -0.000716912 200 2.94256 -13 1 1 0 1 -4.90738e-06 3.83261e-09 0.00609558 0 0 0 
1.5 -0.0011895 -2215 -1.96303e-06 -0.000724294 200 2.96142 -13 1 1 0 1 -4.94246e-06 3.91937e-09 0.00612845 0 0 0 
1.5 -0.0012077 -2210 -2.0025e-06 -0.000731729 200 2.98028 -13 1 1 0 1 -4.97775e-06 4.00775e-09 0.00616148 0 0 0 
1.5 -0.00122608 -2205 -2.04263e-06 -0.000739217 200 2.99914 -13 1 1 0 1 -5.01343e-06 4.09793e-09 0.0061948 0 0 0 
1.5 -0.00124466 -2200 -2.08344e-06 -0.000746758 200 3.01801 -13 1 1 0 1 -5.04943e-06 4.18988e-09 0.00622836 0 0 0 
1.5 -0.00126342 -2195 -2.12492e-06 -0.000754354 200 3.03687 -13 1 1 0 1 -5.08565e-06 4.28355e-09 0.00626209 0 0 0 
1.5 -0.00128238 -2190 -2.16709e-06 -0.000762005 200 3.05573 -13 1 1 0 1 -5.12234e-06 4.37918e-09 0.00629617 0 0 0 
1.5 -0.00130152 -2185 -2.20996e-06 -0.000769711 200 3.07459 -13 1 1 0 1 -5.15929e-06 4.47662e-09 0.00633044 0 0 0 
1.5 -0.00132086 -2180 -2.25355e-06 -0.000777472 200 3.09346 -13 1 1 0 1 -5.19649e-06 4.57591e-09 0.00636491 0 0 0 
1.5 -0.0013404 -2175 -2.29786e-06 -0.000785289 200 3.11232 -13 1 1 0 1 -5.23419e-06 4.67727e-09 0.00639974 0 0 0 
1.5 -0.00136013 -2170 -2.34291e-06 -0.000793164 200 3.13118 -13 1 1 0 1 -5.27211e-06 4.78051e-09 0.00643474 0 0 0 
1.5 -0.00138006 -2165 -2.3887e-06 -0.000801095 200 3.15004 -13 1 1 0 1 -5.31038e-06 4.88575e-09 0.00646999 0 0 0 
1.5 -0.00140018 -2160 -2.43525e-06 -0.000809084 200 3.16891 -13 1 1 0 1 -5.34908e-06 4.99313e-09 0.00650557 0 0 0 
1.5 -0.00142051 -2155 -2.48257e-06 -0.000817131 200 3.18777 -13 1 1 0 1 -5.38802e-06 5.1025e-09 0.00654132 0 0 0 
1.5 -0.00144104 -2150 -2.53068e-06 -0.000825237 200 3.20663 -13 1 1 0 1 -5.42737e-06 5.21405e-09 0.00657738 0 0 0 
1.5 -0.00146177 -2145 -2.57957e-06 -0.000833402 200 3.22549 -13 1 1 0 1 -5.46711e-06 5.32779e-09 0.00661373 0 0 0 
1.5 -0.00148271 -2140 -2.62927e-06 -0.000841626 200 3.24436 -13 1 1 0 1 -5.50709e-06 5.44362e-09 0.00665025 0 0 0 
1.5 -0.00150385 -2135 -2.67979e-06 -0.000849911 200 3.26322 -13 1 1 0 1 -5.54757e-06 5.56184e-09 0.00668714 0 0 0 
1.5 -0.00152521 -2130 -2.73114e-06 -0.000858257 200 3.28208 -13 1 1 0 1 -5.58838e-06 5.6823e-09 0.00672427 0 0 0 
1.5 -0.00154677 -2125 -2.78334e-06 -0.000866665 200 3.30095 -13 1 1 0 1 -5.62944e-06 5.80497e-09 0.00676159 0 0 0 
1.5 -0.00156854 -2120 -2.83639e-06 -0.000875134 200 3.31981 -13 1 1 0 1 -5.67109e-06 5.93024e-09 0.00679933 0 0 0 
1.5 -0.00159052 -2115 -2.89032e-06 -0.000883666 200 3.33867 -13 1 1 0 1 -5.713e-06 6.0578e-09 0.00683727 0 0 0 
1.5 -0.00161272 -2110 -2.94512e-06 -0.000892261 200 3.35753 -13 1 1 0 1 -5.75525e-06 6.18777e-09 0.00687546 0 0 0 
1.5 -0.00163514 -2105 -3.00083e-06 -0.00090092 200 3.3764 -13 1 1 0 1 -5.79803e-06 6.32041e-09 0.00691403 0 0 0 
1.5 -0.00165777 -2100 -3.05745e-06 -0.000909643 200 3.39526 -13 1 1 0 1 -5.84109e-06 6.45547e-09 0.00695279 0 0 0 
1.5 -0.00168062 -2095 -3.11499e-06 -0.000918431 200 3.41412 -13 1 1 0 1 -5.88456e-06 6.59316e-09 0.00699187 0 0 0 
1.5 -0.00170369 -2090 -3.17347e-06 -0.000927284 200 3.43298 -13 1 1 0 1 -5.92851e-06 6.73359e-09 0.00703129 0 0 0 
1.5 -0.00172699 -2085 -3.23291e-06 -0.000936204 200 3.45185 -13 1 1 0 1 -5.97274e-06 6.87658e-09 0.00707091 0 0 0 
1.5 -0.0017505 -2080 -3.29332e-06 -0.00094519 200 3.47071 -13 1 1 0 1 -6.01749e-06 7.02244e-09 0.0071109 0 0 0 
1.5 -0.00177425 -2075 -3.35472e-06 -0.000954244 200 3.48957 -13 1 1 0 1 -6.06265e-06 7.17111e-09 0.00715119 0 0 0 
1.5 -0.00179822 -2070 -3.41711e-06 -0.000963365 200 3.50843 -13 1 1 0 1 -6.10809e-06 7.32246e-09 0.00719169 0 0 0 
1.5 -0.00182241 -2065 -3.48053e-06 -0.000972555 200 3.5273 -13 1 1 0 1 -6.15416e-06 7.47697e-09 0.00723263 0 0 0 
1.5 -0.00184684 -2060 -3.54497e-06 -0.000981815 200 3.54616 -13 1 1 0 1 -6.20056e-06 7.63434e-09 0.00727381 0 0 0 
1.5 -0.00187151 -2055 -3.61047e-06 -0.000991144 200 3.56502 -13 1 1 0 1 -6.2473e-06 7.7946e-09 0.00731524 0 0 0 
1.5 -0.0018964 -2050 -3.67703e-06 -0.00100054 200 3.58388 -13 1 1 0 1 -6.29469e-06 7.9582e-09 0.00735712 0 0 0 
1.5 -0.00192153 -2045 -3.74467e-06 -0.00101001 200 3.60275 -13 1 1 0 1 -6.34238e-06 8.12475e-09 0.00739922 0 0 0 
1.5 -0.0019469 -2040 -3.81341e-06 -0.00101956 200 3.62161 -13 1 1 0 1 -6.39051e-06 8.29449e-09 0.00744164 0 0 0 
1.5 -0.00197251 -2035 -3.88327e-06 -0.00102917 200 3.64047 -13 1 1 0 1 -6.43921e-06 8.46764e-09 0.00748446 0 0 0 
1.5 -0.00199836 -2030 -3.95427e-06 -0.00103886 200 3.65933 -13 1 1 0 1 -6.48823e-06 8.64392e-09 0.00752751 0 0 0 
1.5 -0.00202446 -2025 -4.02641e-06 -0.00104862 200 3.6782 -13 1 1 0 1 -6.5378e-06 8.82368e-09 0.00757094 0 0 0 
1.5 -0.00205079 -2020 -4.09973e-06 -0.00105846 200 3.69706 -13 1 1 0 1 -6.58787e-06 9.00693e-09 0.00761472 0 0 0 
1.5 -0.00207738 -2015 -4.17424e-06 -0.00106837 200 3.71592 -13 1 1 0 1 -6.63826e-06 9.19349e-09 0.00765874 0 0 0 
1.49999 -0.00210421 -2010 -4.24995e-06 -0.00107836 200 3.73478 -13 1 1 0 1 -6.68931e-06 9.38386e-09 0.00770322 0 0 0 
1.49999 -0.0021313 -2005 -4.32689e-06 -0.00108843 200 3.75365 -13 1 1 0 1 -6.74079e-06 9.57779e-09 0.007748 0 0 0 
1.49999 -0.00215864 -2000 -4.40508e-06 -0.00109857 200 3.77251 -13 1 1 0 1 -6.7926e-06 9.7752e-09 0.00779301 0 0 0 
1.49999 -0.00218623 -1995 -4.48453e-06 -0.00110879 200 3.79137 -13 1 1 0 1 -6.84519e-06 9.9768e-09 0.00783857 0 0 0 
1.49999 -0.00221408 -1990 -4.56527e-06 -0.00111909 200 3.81023 -13 1 1 0 1 -6.89813e-06 1.0182e-08 0.00788437 0 0 0 
1.49999 -0.00224218 -1985 -4.64732e-06 -0.00112947 200 3.8291 -13 1 1 0 1 -6.95151e-06 1.03911e-08 0.00793048 0 0 0 
1.49999 -0.00227055 -1980 -4.7307e-06 -0.00113993 200 3.84796 -13 1 1 0 1 -7.0056e-06 1.06044e-08 0.00797708 0 0 0 
1.49999 -0.00229918 -1975 -4.81543e-06 -0.00115047 200 3.86682 -13 1 1 0 1 -7.06004e-06 1.08216e-08 0.00802393 0 0 0 
1.49999 -0.00232807 -1970 -4.90152e-06 -0.0011611 200 3.88568 -13 1 1 0 1 -7.11505e-06 1.10429e-08 0.00807117 0 0 0 
1.49999 -0.00235724 -1965 -4.98901e-06 -0.0011718 200 3.90455 -13 1 1 0 1 -7.17068e-06 1.12687e-08 0.00811884 0 0 0 
1.49999 -0.00238667 -1960 -5.07792e-06 -0.00118259 200 3.92341 -13 1 1 0 1 -7.22668e-06 1.14985e-08 0.00816677 0 0 0 
1.49999 -0.00241637 -1955 -5.16826e-06 -0.00119347 200 3.94227 -13 1 1 0 1 -7.28337e-06 1.17329e-08 0.00821517 0 0 0 
1.49999 -0.00244634 -1950 -5.26007e-06 -0.00120443 200 3.96113 -13 1 1 0 1 -7.3406e-06 1.19718e-08 0.00826394 0 0 0 
1.49999 -0.00247659 -1945 -5.35336e-06 -0.00121547 200 3.98 -13 1 1 0 1 -7.39821e-06 1.22149e-08 0.00831298 0 0 0 
1.49999 -0.00250711 -1940 -5.44815e-06 -0.00122661 200 3.99886 -13 1 1 0 1 -7.45664e-06 1.24632e-08 0.00836258 0 0 0 
1.49999 -0.00253792 -1935 -5.54448e-06 -0.00123783 200 4.01772 -13 1 1 0 1 -7.51552e-06 1.27159e-08 0.00841249 0 0 0 
1.49999 -0.00256901 -1930 -5.64237e-06 -0.00124914 200 4.03658 -13 1 1 0 1 -7.57486e-06 1.29733e-08 0.0084627 0 0 0 
1.49999 -0.00260038 -1925 -5.74184e-06 -0.00126054 200 4.05545 -13 1 1 0 1 -7.63504e-06 1.32361e-08 0.0085135 0 0 0 
1.49999 -0.00263203 -1920 -5.84292e-06 -0.00127203 200 4.07431 -13 1 1 0 1 -7.69564e-06 1.35035e-08 0.00856458 0 0 0 
1.49999 -0.00266398 -1915 -5.94564e-06 -0.00128361 200 4.09317 -13 1 1 0 1 -7.75681e-06 1.37761e-08 0.00861605 0 0 0 
1.49999 -0.00269621 -1910 -6.05001e-06 -0.00129528 200 4.11203 -13 1 1 0 1 -7.81875e-06 1.40541e-08 0.00866804 0 0 0 
1.49999 -0.00272874 -1905 -6.15607e-06 -0.00130705 200 4.1309 -13 1 1 0 1 -7.88112e-06 1.43371e-08 0.00872031 0 0 0 
1.49999 -0.00276157 -1900 -6.26385e-06 -0.00131891 200 4.14976 -13 1 1 0 1 -7.9442e-06 1.46257e-08 0.00877308 0 0 0 
1.49999 -0.00279469 -1895 -6.37337e-06 -0.00133086 200 4.16862 -13 1 1 0 1 -8.00797e-06 1.49199e-08 0.0088263 0 0 0 
1.49999 -0.00282811 -1890 -6.48467e-06 -0.00134291 200 4.18748 -13 1 1 0 1 -8.07216e-06 1.52194e-08 0.00887981 0 0 0 
1.49999 -0.00286184 -1885 -6.59776e-06 -0.00135506 200 4.20635 -13 1 1 0 1 -8.13723e-06 1.5525e-08 0.00893391 0 0 0 
1.49999 -0.00289587 -1880 -6.71268e-06 -0.00136731 200 4.22521 -13 1 1 0 1 -8.20287e-06 1.58364e-08 0.00898839 0 0 0 
1.49999 -0.0029302 -1875 -6.82947e-06 -0.00137965 200 4.24407 -13 1 1 0 1 -8.26896e-06 1.61532e-08 0.00904317 0 0 0 
1.49999 -0.00296485 -1870 -6.94814e-06 -0.0013921 200 4.26293 -13 1 1 0 1 -8.33608e-06 1.64769e-08 0.00909865 0 0 0 
1.49999 -0.00299981 -1865 -7.06873e-06 -0.00140464 200 4.2818 -13 1 1 0 1 -8.40367e-06 1.68064e-08 0.00915443 0 0 0 
1.49999 -0.00303508 -1860 -7.19128e-06 -0.00141729 200 4.30066 -13 1 1 0 1 -8.47185e-06 1.71419e-08 0.00921062 0 0 0 
1.49999 -0.00307067 -1855 -7.31581e-06 -0.00143004 200 4.31952 -13 1 1 0 1 -8.54098e-06 1.74845e-08 0.00926742 0 0 0 
1.49999 -0.00310658 -1850 -7.44236e-06 -0.00144289 200 4.33838 -13 1 1 0 1 -8.61058e-06 1.78331e-08 0.00932455 0 0 0 
1.49999 -0.00314282 -1845 -7.57096e-06 -0.00145585 200 4.35725 -13 1 1 0 1 -8.68094e-06 1.81885e-08 0.00938217 0 0 0 
1.49999 -0.00317938 -1840 -7.70165e-06 -0.00146892 200 4.37611 -13 1 1 0 1 -8.75214e-06 1.8551e-08 0.00944035 0 0 0 
1.49999 -0.00321627 -1835 -7.83445e-06 -0.00148209 200 4.39497 -13 1 1 0 1 -8.82383e-06 1.892e-08 0.00949885 0 0 0 
1.49999 -0.00325348 -1830 -7.96941e-06 -0.00149537 200 4.41384 -13 1 1 0 1 -8.89644e-06 1.92964e-08 0.00955797 0 0 0 
1.49999 -0.00329103 -1825 -8.10655e-06 -0.00150876 200 4.4327 -13 1 1 0 1 -8.96978e-06 1.96801e-08 0.00961756 0 0 0 
1.49999 -0.00332892 -1820 -8.24592e-06 -0.00152226 200 4.45156 -13 1 1 0 1 -9.04364e-06 2.00705e-08 0.00967748 0 0 0 
1.49999 -0.00336715 -1815 -8.38756e-06 -0.00153587 200 4.47042 -13 1 1 0 1 -9.1186e-06 2.04693e-08 0.00973813 0 0 0 
1.49999 -0.00340572 -1810 -8.53149e-06 -0.0015496 200 4.48929 -13 1 1 0 1 -9.19416e-06 2.08753e-08 0.00979918 0 0 0 
1.49999 -0.00344463 -1805 -8.67777e-06 -0.00156343 200 4.50815 -13 1 1 0 1 -9.27033e-06 2.12887e-08 0.00986061 0 0 0 
1.49999 -0.00348389 -1800 -8.82642e-06 -0.00157739 200 4.52701 -13 1 1 0 1 -9.34765e-06 2.17109e-08 0.0099228 0 0 0 
1.49999 -0.0035235 -1795 -8.97749e-06 -0.00159146 200 4.54587 -13 1 1 0 1 -9.42551e-06 2.21407e-08 0.00998534 0 0 0 
1.49999 -0.00356346 -1790 -9.13101e-06 -0.00160564 200 4.56474 -13 1 1 0 1 -9.50416e-06 2.25787e-08 0.0100484 0 0 0 
1.49999 -0.00360378 -1785 -9.28703e-06 -0.00161995 200 4.5836 -13 1 1 0 1 -9.58385e-06 2.30256e-08 0.0101121 0 0 0 
1.49999 -0.00364446 -1780 -9.4456e-06 -0.00163437 200 4.60246 -13 1 1 0 1 -9.6641e-06 2.34805e-08 0.0101762 0 0 0 
1.49999 -0.0036855 -1775 -9.60675e-06 -0.00164892 200 4.62132 -13 1 1 0 1 -9.74533e-06 2.39445e-08 0.0102409 0 0 0 
1.49999 -0.00372691 -1770 -9.77052e-06 -0.00166359 200 4.64019 -13 1 1 0 1 -9.82746e-06 2.44176e-08 0.0103062 0 0 0 
1.49999 -0.00376868 -1765 -9.93696e-06 -0.00167838 200 4.65905 -13 1 1 0 1 -9.91019e-06 2.48991e-08 0.0103719 0 0 0 
1.49999 -0.00381083 -1760 -1.01061e-05 -0.0016933 200 4.67791 -13 1 1 0 1 -9.99409e-06 2.53907e-08 0.0104383 0 0 0 
1.49999 -0.00385335 -1755 -1.0278e-05 -0.00170834 200 4.69677 -13 1 1 0 1 -1.00788e-05 2.58916e-08 0.0105053 0 0 0 
1.49999 -0.00389625 -1750 -1.04528e-05 -0.00172351 200 4.71564 -13 1 1 0 1 -1.01641e-05 2.64014e-08 0.0105726 0 0 0 
1.49999 -0.00393953 -1745 -1.06304e-05 -0.00173881 200 4.7345 -13 1 1 0 1 -1.02508e-05 2.69223e-08 0.0106408 0 0 0 
1.49999 -0.00398319 -1740 -1.08108e-05 -0.00175424 200 4.75336 -13 1 1 0 1 -1.03381e-05 2.74526e-08 0.0107094 0 0 0 
1.49999 -0.00402724 -1735 -1.09943e-05 -0.0017698 200 4.77222 -13 1 1 0 1 -1.04262e-05 2.79928e-08 0.0107785 0 0 0 
1.49998 -0.00407168 -1730 -1.11807e-05 -0.0017855 200 4.79109 -13 1 1 0 1 -1.05156e-05 2.85444e-08 0.0108485 0 0 0 
1.49998 -0.00411651 -1725 -1.13702e-05 -0.00180133 200 4.80995 -13 1 1 0 1 -1.06057e-05 2.91058e-08 0.0109188 0 0 0 
1.49998 -0.00416175 -1720 -1.15628e-05 -0.00181729 200 4.82881 -13 1 1 0 1 -1.06967e-05 2.96784e-08 0.0109898 0 0 0 
1.49998 -0.00420738 -1715 -1.17586e-05 -0.00183339 200 4.84767 -13 1 1 0 1 -1.07889e-05 3.02625e-08 0.0110615 0 0 0 
1.49998 -0.00425342 -1710 -1.19575e-05 -0.00184963 200 4.86654 -13 1 1 0 1 -1.08818e-05 3.0857e-08 0.0111336 0 0 0 
1.49998 -0.00429986 -1705 -1.21598e-05 -0.00186601 200 4.8854 -13 1 1 0 1 -1.0976e-05 3.14638e-08 0.0112065 0 0 0 
1.49998 -0.00434672 -1700 -1.23653e-05 -0.00188254 200 4.90426 -13 1 1 0 1 -1.10711e-05 3.20824e-08 0.0112801 0 0 0 
1.49998 -0.00439399 -1695 -1.25743e-05 -0.0018992 200 4.92312 -13 1 1 0 1 -1.11669e-05 3.2712e-08 0.0113541 0 0 0 
1.49998 -0.00444168 -1690 -1.27867e-05 -0.00191601 200 4.94199 -13 1 1 0 1 -1.12643e-05 3.33553e-08 0.011429 0 0 0 
1.49998 -0.00448979 -1685 -1.30025e-05 -0.00193297 200 4.96085 -13 1 1 0 1 -1.13625e-05 3.40105e-08 0.0115044 0 0 0 
1.49998 -0.00453833 -1680 -1.3222e-05 -0.00195008 200 4.97971 -13 1 1 0 1 -1.14614e-05 3.46776e-08 0.0115803 0 0 0 
1.49998 -0.0045873 -1675 -1.3445e-05 -0.00196733 200 4.99857 -13 1 1 0 1 -1.1562e-05 3.53594e-08 0.0116572 0 0 0 
1.49998 -0.0046367 -1670 -1.36718e-05 -0.00198474 200 5.01744 -13 1 1 0 1 -1.16633e-05 3.60533e-08 0.0117346 0 0 0 
1.49998 -0.00468654 -1665 -1.39022e-05 -0.00200229 200 5.0363 -13 1 1 0 1 -1.17657e-05 3.67607e-08 0.0118126 0 0 0 
1.49998 -0.00473681 -1660 -1.41365e-05 -0.00202001 200 5.05516 -13 1 1 0 1 -1.18695e-05 3.74829e-08 0.0118915 0 0 0 
1.49998 -0.00478754 -1655 -1.43747e-05 -0.00203787 200 5.07402 -13 1 1 0 1 -1.19741e-05 3.8218e-08 0.0119709 0 0 0 
1.49998 -0.00483871 -1650 -1.46168e-05 -0.0020559 200 5.09289 -13 1 1 0 1 -1.208e-05 3.89682e-08 0.0120511 0 0 0 
1.49998 -0.00489033 -1645 -1.48629e-05 -0.00207409 200 5.11175 -13 1 1 0 1 -1.21871e-05 3.97333e-08 0.0121321 0 0 0 
1.49998 -0.00494242 -1640 -1.51131e-05 -0.00209244 200 5.13061 -13 1 1 0 1 -1.22951e-05 4.05122e-08 0.0122136 0 0 0 
1.49998 -0.00499496 -1635 -1.53675e-05 -0.00211095 200 5.14947 -13 1 1 0 1 -1.24047e-05 4.13078e-08 0.012296 0 0 0 
1.49998 -0.00504796 -1630 -1.56261e-05 -0.00212962 200 5.16834 -13 1 1 0 1 -1.25153e-05 4.21185e-08 0.0123791 0 0 0 
1.49998 -0.00510144 -1625 -1.58889e-05 -0.00214846 200 5.1872 -13 1 1 0 1 -1.26268e-05 4.29438e-08 0.0124627 0 0 0 
1.49998 -0.00515539 -1620 -1.61562e-05 -0.00216747 200 5.20606 -13 1 1 0 1 -1.27402e-05 4.37878e-08 0.0125475 0 0 0 
1.49998 -0.00520981 -1615 -1.64279e-05 -0.00218665 200 5.22492 -13 1 1 0 1 -1.28545e-05 4.46469e-08 0.0126328 0 0 0 
1.49998 -0.00526472 -1610 -1.67041e-05 -0.00220601 200 5.24379 -13 1 1 0 1 -1.29698e-05 4.55225e-08 0.0127187 0 0 0 
1.49998 -0.00532012 -1605 -1.6985e-05 -0.00222554 200 5.26265 -13 1 1 0 1 -1.3087e-05 4.64169e-08 0.0128058 0 0 0 
1.49998 -0.005376 -1600 -1.72705e-05 -0.00224524 200 5.28151 -13 1 1 0 1 -1.3205e-05 4.73276e-08 0.0128933 0 0 0 
1.49998 -0.00543238 -1595 -1.75608e-05 -0.00226512 200 5.30037 -13 1 1 0 1 -1.33245e-05 4.82565e-08 0.0129817 0 0 0 
1.49997 -0.00548926 -1590 -1.7856e-05 -0.00228518 200 5.31924 -13 1 1 0 1 -1.34455e-05 4.92047e-08 0.0130711 0 0 0 
1.49997 -0.00554664 -1585 -1.81561e-05 -0.00230543 200 5.3381 -13 1 1 0 1 -1.35674e-05 5.017e-08 0.013161 0 0 0 
1.49997 -0.00560453 -1580 -1.84612e-05 -0.00232585 200 5.35696 -13 1 1 0 1 -1.36911e-05 5.11558e-08 0.0132519 0 0 0 
1.49997 -0.00566294 -1575 -1.87715e-05 -0.00234647 200 5.37582 -13 1 1 0 1 -1.38162e-05 5.2161e-08 0.0133437 0 0 0 
1.49997 -0.00572186 -1570 -1.9087e-05 -0.00236727 200 5.39469 -13 1 1 0 1 -1.39422e-05 5.31845e-08 0.013436 0 0 0 
1.49997 -0.0057813 -1565 -1.94077e-05 -0.00238826 200 5.41355 -13 1 1 0 1 -1.40703e-05 5.42308e-08 0.0135296 0 0 0 
1.49997 -0.00584127 -1560 -1.97339e-05 -0.00240945 200 5.43241 -13 1 1 0 1 -1.41996e-05 5.52967e-08 0.0136238 0 0 0 
1.49997 -0.00590177 -1555 -2.00656e-05 -0.00243083 200 5.45127 -13 1 1 0 1 -1.43299e-05 5.63824e-08 0.0137187 0 0 0 
1.49997 -0.00596281 -1550 -2.04029e-05 -0.00245241 200 5.47014 -13 1 1 0 1 -1.44625e-05 5.74926e-08 0.0138149 0 0 0 
1.49997 -0.0060244 -1545 -2.07458e-05 -0.00247418 200 5.489 -13 1 1 0 1 -1.45961e-05 5.8623e-08 0.0139117 0 0 0 
1.49997 -0.00608652 -1540 -2.10946e-05 -0.00249616 200 5.50786 -13 1 1 0 1 -1.47312e-05 5.97758e-08 0.0140094 0 0 0 
1.49997 -0.00614921 -1535 -2.14493e-05 -0.00251834 200 5.52673 -13 1 1 0 1 -1.48683e-05 6.09533e-08 0.0141082 0 0 0 
1.49997 -0.00621244 -1530 -2.18099e-05 -0.00254073 200 5.54559 -13 1 1 0 1 -1.50064e-05 6.21523e-08 0.0142077 0 0 0 
1.49997 -0.00627624 -1525 -2.21767e-05 -0.00256333 200 5.56445 -13 1 1 0 1 -1.51464e-05 6.33764e-08 0.0143082 0 0 0 
1.49997 -0.00634061 -1520 -2.25497e-05 -0.00258613 200 5.58331 -13 1 1 0 1 -1.52881e-05 6.46255e-08 0.0144097 0 0 0 
1.49997 -0.00640555 -1515 -2.29291e-05 -0.00260915 200 5.60218 -13 1 1 0 1 -1.5431e-05 6.58975e-08 0.0145119 0 0 0 
1.49997 -0.00647107 -1510 -2.33149e-05 -0.00263239 200 5.62104 -13 1 1 0 1 -1.55761e-05 6.71976e-08 0.0146155 0 0 0 
1.49997 -0.00653717 -1505 -2.37073e-05 -0.00265585 200 5.6399 -13 1 1 0 1 -1.57227e-05 6.8523e-08 0.0147198 0 0 0 
1.49997 -0.00660387 -1500 -2.41064e-05 -0.00267952 200 5.65876 -13 1 1 0 1 -1.58705e-05 6.98726e-08 0.0148249 0 0 0 
1.49996 -0.00667115 -1495 -2.45122e-05 -0.00270342 200 5.67763 -13 1 1 0 1 -1.60209e-05 7.12537e-08 0.0149315 0 0 0 
1.49996 -0.00673904 -1490 -2.49251e-05 -0.00272755 200 5.69649 -13 1 1 0 1 -1.61726e-05 7.26603e-08 0.0150387 0 0 0 
1.49996 -0.00680753 -1485 -2.5345e-05 -0.0027519 200 5.71535 -13 1 1 0 1 -1.63258e-05 7.40942e-08 0.0151469 0 0 0 
1.49996 -0.00687664 -1480 -2.57721e-05 -0.00277649 200 5.73421 -13 1 1 0 1 -1.64815e-05 7.55601e-08 0.0152565 0 0 0 
1.49996 -0.00694636 -1475 -2.62065e-05 -0.0028013 200 5.75308 -13 1 1 0 1 -1.66384e-05 7.7053e-08 0.0153668 0 0 0 
1.49996 -0.0070167 -1470 -2.66484e-05 -0.00282636 200 5.77194 -13 1 1 0 1 -1.67974e-05 7.85767e-08 0.0154782 0 0 0 
1.49996 -0.00708768 -1465 -2.70979e-05 -0.00285166 200 5.7908 -13 1 1 0 1 -1.69585e-05 8.01329e-08 0.0155909 0 0 0 
1.49996 -0.00715929 -1460 -2.75551e-05 -0.0028772 200 5.80966 -13 1 1 0 1 -1.71209e-05 8.17178e-08 0.0157043 0 0 0 
1.49996 -0.00723154 -1455 -2.80202e-05 -0.00290298 200 5.82853 -13 1 1 0 1 -1.72858e-05 8.33374e-08 0.0158191 0 0 0 
1.49996 -0.00730444 -1450 -2.84933e-05 -0.00292901 200 5.84739 -13 1 1 0 1 -1.74526e-05 8.49897e-08 0.015935 0 0 0 
1.49996 -0.00737799 -1445 -2.89746e-05 -0.00295529 200 5.86625 -13 1 1 0 1 -1.76207e-05 8.66727e-08 0.0160516 0 0 0 
1.49996 -0.00745221 -1440 -2.94643e-05 -0.00298183 200 5.88511 -13 1 1 0 1 -1.77918e-05 8.83945e-08 0.0161699 0 0 0 
1.49996 -0.00752709 -1435 -2.99624e-05 -0.00300863 200 5.90398 -13 1 1 0 1 -1.79645e-05 9.01493e-08 0.0162891 0 0 0 
1.49996 -0.00760264 -1430 -3.04692e-05 -0.00303568 200 5.92284 -13 1 1 0 1 -1.81388e-05 9.19377e-08 0.0164092 0 0 0 
1.49996 -0.00767887 -1425 -3.09848e-05 -0.003063 200 5.9417 -13 1 1 0 1 -1.83161e-05 9.37676e-08 0.016531 0 0 0 
1.49995 -0.00775579 -1420 -3.15094e-05 -0.00309058 200 5.96056 -13 1 1 0 1 -1.8495e-05 9.56317e-08 0.0166536 0 0 0 
1.49995 -0.0078334 -1415 -3.20431e-05 -0.00311844 200 5.97943 -13 1 1 0 1 -1.86759e-05 9.75336e-08 0.0167774 0 0 0 
1.49995 -0.00791172 -1410 -3.25861e-05 -0.00314657 200 5.99829 -13 1 1 0 1 -1.88596e-05 9.94778e-08 0.0169028 0 0 0 
1.49995 -0.00799073 -1405 -3.31386e-05 -0.00317497 200 6.01715 -13 1 1 0 1 -1.90449e-05 1.01458e-07 0.0170289 0 0 0 
1.49995 -0.00807047 -1400 -3.37007e-05 -0.00320365 200 6.03601 -13 1 1 0 1 -1.92327e-05 1.03481e-07 0.0171566 0 0 0 
1.49995 -0.00815092 -1395 -3.42727e-05 -0.00323262 200 6.05488 -13 1 1 0 1 -1.94231e-05 1.05547e-07 0.0172856 0 0 0 
1.49995 -0.0082321 -1390 -3.48548e-05 -0.00326188 200 6.07374 -13 1 1 0 1 -1.9615e-05 1.07652e-07 0.0174154 0 0 0 
1.49995 -0.00831401 -1385 -3.54471e-05 -0.00329142 200 6.0926 -13 1 1 0 1 -1.98101e-05 1.09805e-07 0.017547 0 0 0 
1.49995 -0.00839667 -1380 -3.60498e-05 -0.00332126 200 6.11146 -13 1 1 0 1 -2.00074e-05 1.12001e-07 0.0176798 0 0 0 
1.49995 -0.00848008 -1375 -3.66631e-05 -0.00335139 200 6.13033 -13 1 1 0 1 -2.02063e-05 1.14238e-07 0.0178135 0 0 0 
1.49995 -0.00856424 -1370 -3.72872e-05 -0.00338183 200 6.14919 -13 1 1 0 1 -2.0409e-05 1.16529e-07 0.0179493 0 0 0 
1.49994 -0.00864917 -1365 -3.79224e-05 -0.00341257 200 6.16805 -13 1 1 0 1 -2.06134e-05 1.18864e-07 0.018086 0 0 0 
1.49994 -0.00873488 -1360 -3.85688e-05 -0.00344361 200 6.18691 -13 1 1 0 1 -2.08201e-05 1.21245e-07 0.0182239 0 0 0 
1.49994 -0.00882136 -1355 -3.92266e-05 -0.00347497 200 6.20578 -13 1 1 0 1 -2.10302e-05 1.23681e-07 0.0183637 0 0 0 
1.49994 -0.00890863 -1350 -3.98962e-05 -0.00350665 200 6.22464 -13 1 1 0 1 -2.12422e-05 1.26164e-07 0.0185044 0 0 0 
1.49994 -0.00899669 -1345 -4.05776e-05 -0.00353865 200 6.2435 -13 1 1 0 1 -2.14569e-05 1.28699e-07 0.0186467 0 0 0 
1.49994 -0.00908556 -1340 -4.12712e-05 -0.00357097 200 6.26236 -13 1 1 0 1 -2.16749e-05 1.31291e-07 0.0187907 0 0 0 
1.49994 -0.00917524 -1335 -4.19771e-05 -0.00360362 200 6.28123 -13 1 1 0 1 -2.18947e-05 1.33931e-07 0.0189357 0 0 0 
1.49994 -0.00926575 -1330 -4.26956e-05 -0.0036366 200 6.30009 -13 1 1 0 1 -2.21179e-05 1.36632e-07 0.0190826 0 0 0 
1.49994 -0.00935708 -1325 -4.3427e-05 -0.00366991 200 6.31895 -13 1 1 0 1 -2.23439e-05 1.39389e-07 0.0192309 0 0 0 
1.49994 -0.00944924 -1320 -4.41715e-05 -0.00370357 200 6.33781 -13 1 1 0 1 -2.25719e-05 1.42198e-07 0.0193802 0 0 0 
1.49993 -0.00954226 -1315 -4.49293e-05 -0.00373757 200 6.35668 -13 1 1 0 1 -2.28041e-05 1.45075e-07 0.0195318 0 0 0 
1.49993 -0.00963613 -1310 -4.57007e-05 -0.00377192 200 6.37554 -13 1 1 0 1 -2.30386e-05 1.48008e-07 0.0196847 0 0 0 
1.49993 -0.00973086 -1305 -4.6486e-05 -0.00380663 200 6.3944 -13 1 1 0 1 -2.32754e-05 1.51e-07 0.0198387 0 0 0 
1.49993 -0.00982646 -1300 -4.72855e-05 -0.00384169 200 6.41326 -13 1 1 0 1 -2.35166e-05 1.54063e-07 0.0199951 0 0 0 
1.49993 -0.00992294 -1295 -4.80994e-05 -0.00387711 200 6.43213 -13 1 1 0 1 -2.37599e-05 1.57186e-07 0.0201526 0 0 0 
1.49993 -0.0100203 -1290 -4.8928e-05 -0.00391291 200 6.45099 -13 1 1 0 1 -2.40062e-05 1.60374e-07 0.0203116 0 0 0 
1.49993 -0.0101186 -1285 -4.97717e-05 -0.00394907 200 6.46985 -13 1 1 0 1 -2.42566e-05 1.63636e-07 0.0204728 0 0 0 
1.49993 -0.0102178 -1280 -5.06306e-05 -0.00398561 200 6.48871 -13 1 1 0 1 -2.45091e-05 1.66961e-07 0.0206351 0 0 0 
1.49992 -0.0103179 -1275 -5.15051e-05 -0.00402253 200 6.50758 -13 1 1 0 1 -2.47654e-05 1.7036e-07 0.0207994 0 0 0 
1.49992 -0.0104189 -1270 -5.23955e-05 -0.00405984 200 6.52644 -13 1 1 0 1 -2.50253e-05 1.73833e-07 0.0209656 0 0 0 
1.49992 -0.0105209 -1265 -5.33022e-05 -0.00409754 200 6.5453 -13 1 1 0 1 -2.52875e-05 1.77374e-07 0.021133 0 0 0 
1.49992 -0.0106238 -1260 -5.42254e-05 -0.00413564 200 6.56416 -13 1 1 0 1 -2.55543e-05 1.80999e-07 0.0213027 0 0 0 
1.49992 -0.0107277 -1255 -5.51655e-05 -0.00417414 200 6.58303 -13 1 1 0 1 -2.58242e-05 1.84699e-07 0.0214741 0 0 0 
1.49992 -0.0108325 -1250 -5.61228e-05 -0.00421304 200 6.60189 -13 1 1 0 1 -2.60964e-05 1.8847e-07 0.0216466 0 0 0 
1.49992 -0.0109383 -1245 -5.70977e-05 -0.00425236 200 6.62075 -13 1 1 0 1 -2.63742e-05 1.92337e-07 0.0218221 0 0 0 
1.49992 -0.0110451 -1240 -5.80905e-05 -0.00429209 200 6.63962 -13 1 1 0 1 -2.66545e-05 1.96279e-07 0.0219988 0 0 0 
1.49991 -0.0111529 -1235 -5.91016e-05 -0.00433225 200 6.65848 -13 1 1 0 1 -2.6938e-05 2.00303e-07 0.0221771 0 0 0 
1.49991 -0.0112617 -1230 -6.01313e-05 -0.00437283 200 6.67734 -13 1 1 0 1 -2.72267e-05 2.04425e-07 0.0223581 0 0 0 
1.49991 -0.0113716 -1225 -6.11801e-05 -0.00441385 200 6.6962 -13 1 1 0 1 -2.75179e-05 2.08626e-07 0.0225404 0 0 0 
1.49991 -0.0114824 -1220 -6.22482e-05 -0.00445531 200 6.71507 -13 1 1 0 1 -2.78132e-05 2.12921e-07 0.0227248 0 0 0 
1.49991 -0.0115943 -1215 -6.33362e-05 -0.00449721 200 6.73393 -13 1 1 0 1 -2.81131e-05 2.17315e-07 0.0229115 0 0 0 
1.49991 -0.0117073 -1210 -6.44443e-05 -0.00453957 200 6.75279 -13 1 1 0 1 -2.84157e-05 2.21794e-07 0.0230996 0 0 0 
1.4999 -0.0118213 -1205 -6.55731e-05 -0.00458238 200 6.77165 -13 1 1 0 1 -2.87234e-05 2.2638e-07 0.0232902 0 0 0 
1.4999 -0.0119364 -1200 -6.67229e-05 -0.00462566 200 6.79052 -13 1 1 0 1 -2.90351e-05 2.31065e-07 0.0234829 0 0 0 
1.4999 -0.0120526 -1195 -6.78941e-05 -0.0046694 200 6.80938 -13 1 1 0 1 -2.93496e-05 2.35842e-07 0.023677 0 0 0 
1.4999 -0.0121699 -1190 -6.90873e-05 -0.00471363 200 6.82824 -13 1 1 0 1 -2.96704e-05 2.40739e-07 0.0238743 0 0 0 
1.4999 -0.0122883 -1185 -7.03029e-05 -0.00475833 200 6.8471 -13 1 1 0 1 -2.99944e-05 2.45737e-07 0.0240732 0 0 0 
1.4999 -0.0124078 -1180 -7.15412e-05 -0.00480352 200 6.86597 -13 1 1 0 1 -3.03219e-05 2.50836e-07 0.0242738 0 0 0 
1.49989 -0.0125285 -1175 -7.28028e-05 -0.00484921 200 6.88483 -13 1 1 0 1 -3.06558e-05 2.56065e-07 0.0244776 0 0 0 
1.49989 -0.0126503 -1170 -7.40882e-05 -0.0048954 200 6.90369 -13 1 1 0 1 -3.09929e-05 2.61398e-07 0.0246829 0 0 0 
1.49989 -0.0127732 -1165 -7.53979e-05 -0.0049421 200 6.92255 -13 1 1 0 1 -3.13343e-05 2.66847e-07 0.0248905 0 0 0 
1.49989 -0.0128974 -1160 -7.67323e-05 -0.00498932 200 6.94142 -13 1 1 0 1 -3.16817e-05 2.72427e-07 0.025101 0 0 0 
1.49989 -0.0130227 -1155 -7.8092e-05 -0.00503705 200 6.96028 -13 1 1 0 1 -3.20323e-05 2.78119e-07 0.025313 0 0 0 
1.49988 -0.0131492 -1150 -7.94775e-05 -0.00508532 200 6.97914 -13 1 1 0 1 -3.23884e-05 2.83944e-07 0.0255279 0 0 0 
1.49988 -0.013277 -1145 -8.08893e-05 -0.00513412 200 6.998 -13 1 1 0 1 -3.27498e-05 2.89902e-07 0.0257453 0 0 0 
1.49988 -0.013406 -1140 -8.23281e-05 -0.00518347 200 7.01687 -13 1 1 0 1 -3.31146e-05 2.95979e-07 0.0259643 0 0 0 
1.49988 -0.0135362 -1135 -8.37943e-05 -0.00523337 200 7.03573 -13 1 1 0 1 -3.34862e-05 3.02208e-07 0.0261867 0 0 0 
1.49988 -0.0136676 -1130 -8.52885e-05 -0.00528383 200 7.05459 -13 1 1 0 1 -3.38623e-05 3.08571e-07 0.0264113 0 0 0 
1.49987 -0.0138004 -1125 -8.68113e-05 -0.00533485 200 7.07345 -13 1 1 0 1 -3.4242e-05 3.15061e-07 0.0266377 0 0 0 
1.49987 -0.0139344 -1120 -8.83634e-05 -0.00538645 200 7.09232 -13 1 1 0 1 -3.46299e-05 3.21724e-07 0.026868 0 0 0 
1.49987 -0.0140697 -1115 -8.99454e-05 -0.00543864 200 7.11118 -13 1 1 0 1 -3.50214e-05 3.28522e-07 0.0271001 0 0 0 
1.49987 -0.0142063 -1110 -9.15578e-05 -0.00549141 200 7.13004 -13 1 1 0 1 -3.54177e-05 3.35466e-07 0.0273345 0 0 0 
1.49987 -0.0143443 -1105 -9.32014e-05 -0.00554478 200 7.1489 -13 1 1 0 1 -3.58216e-05 3.42587e-07 0.0275726 0 0 0 
1.49986 -0.0144836 -1100 -9.48767e-05 -0.00559876 200 7.16777 -13 1 1 0 1 -3.62293e-05 3.49851e-07 0.0278125 0 0 0 
1.49986 -0.0146242 -1095 -9.65845e-05 -0.00565336 200 7.18663 -13 1 1 0 1 -3.66431e-05 3.57284e-07 0.0280553 0 0 0 
1.49986 -0.0147662 -1090 -9.83255e-05 -0.00570858 200 7.20549 -13 1 1 0 1 -3.70638e-05 3.64896e-07 0.0283014 0 0 0 
1.49986 -0.0149096 -1085 -0.0001001 -0.00576443 200 7.22435 -13 1 1 0 1 -3.74885e-05 3.72662e-07 0.0285495 0 0 0 
1.49985 -0.0150545 -1080 -0.00010191 -0.00582093 200 7.24322 -13 1 1 0 1 -3.79208e-05 3.80622e-07 0.0288011 0 0 0 
1.49985 -0.0152007 -1075 -0.000103755 -0.00587808 200 7.26208 -13 1 1 0 1 -3.8359e-05 3.88761e-07 0.0290556 0 0 0 
1.49985 -0.0153484 -1070 -0.000105636 -0.00593588 200 7.28094 -13 1 1 0 1 -3.88015e-05 3.97067e-07 0.0293121 0 0 0 
1.49985 -0.0154975 -1065 -0.000107554 -0.00599436 200 7.2998 -13 1 1 0 1 -3.92532e-05 4.05592e-07 0.029573 0 0 0 
1.49984 -0.0156481 -1060 -0.000109509 -0.00605352 200 7.31867 -13 1 1 0 1 -3.97099e-05 4.143e-07 0.0298362 0 0 0 
1.49984 -0.0158002 -1055 -0.000111503 -0.00611336 200 7.33753 -13 1 1 0 1 -4.01717e-05 4.23192e-07 0.0301019 0 0 0 
1.49984 -0.0159538 -1050 -0.000113537 -0.0061739 200 7.35639 -13 1 1 0 1 -4.06432e-05 4.32321e-07 0.0303721 0 0 0 
1.49983 -0.0161089 -1045 -0.00011561 -0.00623516 200 7.37525 -13 1 1 0 1 -4.11193e-05 4.41639e-07 0.0306444 0 0 0 
1.49983 -0.0162655 -1040 -0.000117725 -0.00629713 200 7.39412 -13 1 1 0 1 -4.1602e-05 4.5117e-07 0.0309199 0 0 0 
1.49983 -0.0164237 -1035 -0.000119882 -0.00635983 200 7.41298 -13 1 1 0 1 -4.20937e-05 4.60943e-07 0.0311995 0 0 0 
1.49983 -0.0165835 -1030 -0.000122081 -0.00642326 200 7.43184 -13 1 1 0 1 -4.25901e-05 4.70918e-07 0.0314813 0 0 0 
1.49982 -0.0167449 -1025 -0.000124325 -0.00648745 200 7.4507 -13 1 1 0 1 -4.3095e-05 4.81138e-07 0.0317671 0 0 0 
1.49982 -0.0169079 -1020 -0.000126613 -0.0065524 200 7.46957 -13 1 1 0 1 -4.36077e-05 4.91603e-07 0.0320565 0 0 0 
1.49982 -0.0170725 -1015 -0.000128948 -0.00661813 200 7.48843 -13 1 1 0 1 -4.41256e-05 5.02285e-07 0.0323482 0 0 0 
1.49981 -0.0172388 -1010 -0.000131329 -0.00668463 200 7.50729 -13 1 1 0 1 -4.46537e-05 5.13249e-07 0.0326448 0 0 0 
1.49981 -0.0174068 -1005 -0.000133758 -0.00675193 200 7.52615 -13 1 1 0 1 -4.51887e-05 5.2446e-07 0.0329444 0 0 0 
1.49981 -0.0175764 -1000 -0.000136235 -0.00682004 200 7.54502 -13 1 1 0 1 -4.5729e-05 5.35904e-07 0.0332465 0 0 0 
1.4998 -0.0177478 -995 -0.000138763 -0.00688897 200 7.56388 -13 1 1 0 1 -4.62817e-05 5.4767e-07 0.0335543 0 0 0 
1.4998 -0.0179209 -990 -0.000141343 -0.00695872 200 7.58274 -13 1 1 0 1 -4.684e-05 5.59684e-07 0.0338646 0 0 0 
1.4998 -0.0180957 -985 -0.000143974 -0.00702932 200 7.6016 -13 1 1 0 1 -4.74055e-05 5.71969e-07 0.0341782 0 0 0 
1.49979 -0.0182723 -980 -0.000146659 -0.00710078 200 7.62047 -13 1 1 0 1 -4.79825e-05 5.84583e-07 0.034497 0 0 0 
1.49979 -0.0184508 -975 -0.000149399 -0.0071731 200 7.63933 -13 1 1 0 1 -4.85653e-05 5.97462e-07 0.0348185 0 0 0 
1.49978 -0.018631 -970 -0.000152194 -0.0072463 200 7.65819 -13 1 1 0 1 -4.91574e-05 6.10656e-07 0.0351442 0 0 0 
1.49978 -0.0188131 -965 -0.000155047 -0.00732039 200 7.67705 -13 1 1 0 1 -4.97599e-05 6.24183e-07 0.0354745 0 0 0 
1.49978 -0.018997 -960 -0.000157959 -0.00739539 200 7.69592 -13 1 1 0 1 -5.03685e-05 6.37997e-07 0.0358076 0 0 0 
1.49977 -0.0191829 -955 -0.00016093 -0.00747131 200 7.71478 -13 1 1 0 1 -5.09887e-05 6.52172e-07 0.0361459 0 0 0 
1.49977 -0.0193706 -950 -0.000163962 -0.00754817 200 7.73364 -13 1 1 0 1 -5.1618e-05 6.66685e-07 0.0364883 0 0 0 
1.49976 -0.0195603 -945 -0.000167057 -0.00762597 200 7.75251 -13 1 1 0 1 -5.22537e-05 6.81506e-07 0.0368335 0 0 0 
1.49976 -0.0197519 -940 -0.000170216 -0.00770474 200 7.77137 -13 1 1 0 1 -5.29036e-05 6.96743e-07 0.0371851 0 0 0 
1.49976 -0.0199455 -935 -0.000173441 -0.00778448 200 7.79023 -13 1 1 0 1 -5.35611e-05 7.12319e-07 0.03754 0 0 0 
1.49975 -0.0201411 -930 -0.000176733 -0.00786522 200 7.80909 -13 1 1 0 1 -5.42264e-05 7.28242e-07 0.0378984 0 0 0 
1.49975 -0.0203388 -925 -0.000180093 -0.00794696 200 7.82796 -13 1 1 0 1 -5.49065e-05 7.44614e-07 0.0382634 0 0 0 
1.49974 -0.0205385 -920 -0.000183524 -0.00802972 200 7.84682 -13 1 1 0 1 -5.55938e-05 7.61339e-07 0.0386314 0 0 0 
1.49974 -0.0207403 -915 -0.000187026 -0.00811352 200 7.86568 -13 1 1 0 1 -5.62912e-05 7.78467e-07 0.039004 0 0 0 
1.49973 -0.0209442 -910 -0.000190602 -0.00819838 200 7.88454 -13 1 1 0 1 -5.70023e-05 7.96053e-07 0.0393826 0 0 0 
1.49973 -0.0211502 -905 -0.000194253 -0.0082843 200 7.90341 -13 1 1 0 1 -5.77208e-05 8.14019e-07 0.0397644 0 0 0 
1.49972 -0.0213584 -900 -0.00019798 -0.00837131 200 7.92227 -13 1 1 0 1 -5.84523e-05 8.32452e-07 0.0401519 0 0 0 
1.49972 -0.0215688 -895 -0.000201787 -0.00845942 200 7.94113 -13 1 1 0 1 -5.91959e-05 8.51349e-07 0.0405446 0 0 0 
1.49971 -0.0217814 -890 -0.000205674 -0.00854865 200 7.95999 -13 1 1 0 1 -5.99473e-05 8.70657e-07 0.0409408 0 0 0 
1.49971 -0.0219962 -885 -0.000209644 -0.00863902 200 7.97886 -13 1 1 0 1 -6.07147e-05 8.90504e-07 0.0413439 0 0 0 
1.4997 -0.0222134 -880 -0.000213699 -0.00873055 200 7.99772 -13 1 1 0 1 -6.14926e-05 9.10819e-07 0.0417515 0 0 0 
1.4997 -0.0224328 -875 -0.000217839 -0.00882324 200 8.01658 -13 1 1 0 1 -6.22788e-05 9.31578e-07 0.0421627 0 0 0 
1.49969 -0.0226545 -870 -0.000222069 -0.00891713 200 8.03544 -13 1 1 0 1 -6.30842e-05 9.52957e-07 0.0425822 0 0 0 
1.49969 -0.0228786 -865 -0.000226389 -0.00901223 200 8.05431 -13 1 1 0 1 -6.38983e-05 9.74807e-07 0.0430054 0 0 0 
1.49968 -0.0231051 -860 -0.000230801 -0.00910855 200 8.07317 -13 1 1 0 1 -6.47235e-05 9.97176e-07 0.0434333 0 0 0 
1.49967 -0.0233341 -855 -0.000235309 -0.00920612 200 8.09203 -13 1 1 0 1 -6.55665e-05 1.02018e-06 0.0438689 0 0 0 
1.49967 -0.0235655 -850 -0.000239914 -0.00930496 200 8.11089 -13 1 1 0 1 -6.64187e-05 1.04369e-06 0.0443084 0 0 0 
1.49966 -0.0237993 -845 -0.000244619 -0.00940509 200 8.12976 -13 1 1 0 1 -6.72853e-05 1.0678e-06 0.044754 0 0 0 
1.49966 -0.0240357 -840 -0.000249426 -0.00950652 200 8.14862 -13 1 1 0 1 -6.81681e-05 1.09256e-06 0.0452064 0 0 0 
1.49965 -0.0242747 -835 -0.000254337 -0.00960929 200 8.16748 -13 1 1 0 1 -6.90604e-05 1.11787e-06 0.0456629 0 0 0 
1.49964 -0.0245162 -830 -0.000259355 -0.0097134 200 8.18634 -13 1 1 0 1 -6.99708e-05 1.14388e-06 0.046127 0 0 0 
1.49964 -0.0247604 -825 -0.000264483 -0.00981888 200 8.20521 -13 1 1 0 1 -7.08954e-05 1.17055e-06 0.0465972 0 0 0 
1.49963 -0.0250072 -820 -0.000269723 -0.00992576 200 8.22407 -13 1 1 0 1 -7.18301e-05 1.19781e-06 0.0470715 0 0 0 
1.49962 -0.0252567 -815 -0.000275079 -0.010034 200 8.24293 -13 1 1 0 1 -7.27869e-05 1.22588e-06 0.0475551 0 0 0 
1.49962 -0.0255089 -810 -0.000280552 -0.0101438 200 8.26179 -13 1 1 0 1 -7.37557e-05 1.2546e-06 0.0480437 0 0 0 
1.49961 -0.0257639 -805 -0.000286146 -0.010255 200 8.28066 -13 1 1 0 1 -7.47367e-05 1.284e-06 0.0485374 0 0 0 
1.4996 -0.0260216 -800 -0.000291864 -0.0103676 200 8.29952 -13 1 1 0 1 -7.5741e-05 1.31428e-06 0.0490407 0 0 0 
1.4996 -0.0262823 -795 -0.000297708 -0.0104818 200 8.31838 -13 1 1 0 1 -7.67565e-05 1.34525e-06 0.0495487 0 0 0 
1.49959 -0.0265457 -790 -0.000303683 -0.0105975 200 8.33724 -13 1 1 0 1 -7.7788e-05 1.377e-06 0.0500634 0 0 0 
1.49958 -0.0268121 -785 -0.00030979 -0.0107148 200 8.35611 -13 1 1 0 1 -7.88409e-05 1.40966e-06 0.0505869 0 0 0 
1.49957 -0.0270815 -780 -0.000316034 -0.0108337 200 8.37497 -13 1 1 0 1 -7.99057e-05 1.44305e-06 0.0511152 0 0 0 
1.49956 -0.0273538 -775 -0.000322418 -0.0109541 200 8.39383 -13 1 1 0 1 -8.09908e-05 1.47737e-06 0.0516519 0 0 0 
1.49956 -0.0276292 -770 -0.000328946 -0.0110762 200 8.41269 -13 1 1 0 1 -8.20951e-05 1.5126e-06 0.0521965 0 0 0 
1.49955 -0.0279077 -765 -0.00033562 -0.0112 200 8.43156 -13 1 1 0 1 -8.32118e-05 1.54863e-06 0.0527461 0 0 0 
1.49954 -0.0281892 -760 -0.000342445 -0.0113254 200 8.45042 -13 1 1 0 1 -8.43538e-05 1.58573e-06 0.053306 0 0 0 
1.49953 -0.0284739 -755 -0.000349424 -0.0114526 200 8.46928 -13 1 1 0 1 -8.55124e-05 1.62376e-06 0.0538727 0 0 0 
1.49952 -0.0287619 -750 -0.000356562 -0.0115815 200 8.48814 -13 1 1 0 1 -8.6684e-05 1.66266e-06 0.0544447 0 0 0 
1.49951 -0.029053 -745 -0.000363863 -0.0117122 200 8.50701 -13 1 1 0 1 -8.78862e-05 1.70279e-06 0.055029 0 0 0 
1.4995 -0.0293475 -740 -0.000371329 -0.0118447 200 8.52587 -13 1 1 0 1 -8.91022e-05 1.74386e-06 0.0556189 0 0 0 
1.49949 -0.0296453 -735 -0.000378967 -0.011979 200 8.54473 -13 1 1 0 1 -9.0336e-05 1.78596e-06 0.0562159 0 0 0 
1.49948 -0.0299465 -730 -0.00038678 -0.0121152 200 8.56359 -13 1 1 0 1 -9.15981e-05 1.82932e-06 0.0568244 0 0 0 
1.49947 -0.0302511 -725 -0.000394772 -0.0122533 200 8.58246 -13 1 1 0 1 -9.28747e-05 1.8737e-06 0.0574386 0 0 0 
1.49946 -0.0305591 -720 -0.000402948 -0.0123933 200 8.60132 -13 1 1 0 1 -9.41743e-05 1.91928e-06 0.0580621 0 0 0 
1.49945 -0.0308707 -715 -0.000411314 -0.0125353 200 8.62018 -13 1 1 0 1 -9.54998e-05 1.96615e-06 0.0586958 0 0 0 
1.49944 -0.0311859 -710 -0.000419873 -0.0126793 200 8.63904 -13 1 1 0 1 -9.68405e-05 2.01412e-06 0.0593356 0 0 0 
1.49943 -0.0315047 -705 -0.000428631 -0.0128253 200 8.65791 -13 1 1 0 1 -9.82101e-05 2.0635e-06 0.0599869 0 0 0 
1.49942 -0.0318272 -700 -0.000437593 -0.0129733 200 8.67677 -13 1 1 0 1 -9.96026e-05 2.1142e-06 0.0606472 0 0 0 
1.49941 -0.0321534 -695 -0.000446764 -0.0131235 200 8.69563 -13 1 1 0 1 -0.000101011 2.16608e-06 0.0613139 0 0 0 
1.4994 -0.0324834 -690 -0.000456151 -0.0132758 200 8.71449 -13 1 1 0 1 -0.000102455 2.21961e-06 0.0619945 0 0 0 
1.49939 -0.0328172 -685 -0.000465757 -0.0134302 200 8.73336 -13 1 1 0 1 -0.000103918 2.27447e-06 0.0626827 0 0 0 
1.49938 -0.0331549 -680 -0.00047559 -0.0135869 200 8.75222 -13 1 1 0 1 -0.000105401 2.33068e-06 0.0633785 0 0 0 
1.49937 -0.0334966 -675 -0.000485655 -0.0137458 200 8.77108 -13 1 1 0 1 -0.000106922 2.38868e-06 0.0640891 0 0 0 
1.49935 -0.0338422 -670 -0.000495958 -0.0139069 200 8.78995 -13 1 1 0 1 -0.00010846 2.44807e-06 0.0648066 0 0 0 
1.49934 -0.0341919 -665 -0.000506506 -0.0140704 200 8.80881 -13 1 1 0 1 -0.000110024 2.50906e-06 0.0655343 0 0 0 
1.49933 -0.0345458 -660 -0.000517304 -0.0142363 200 8.82767 -13 1 1 0 1 -0.000111623 2.57189e-06 0.0662753 0 0 0 
1.49931 -0.0349038 -655 -0.00052836 -0.0144046 200 8.84653 -13 1 1 0 1 -0.000113241 2.63622e-06 0.0670237 0 0 0 
1.4993 -0.035266 -650 -0.000539682 -0.0145753 200 8.8654 -13 1 1 0 1 -0.000114891 2.70244e-06 0.0677848 0 0 0 
1.49929 -0.0356326 -645 -0.000551274 -0.0147485 200 8.88426 -13 1 1 0 1 -0.000116573 2.77052e-06 0.068558 0 0 0 
1.49927 -0.0360035 -640 -0.000563146 -0.0149242 200 8.90312 -13 1 1 0 1 -0.000118275 2.84025e-06 0.0693388 0 0 0 
1.49926 -0.0363788 -635 -0.000575304 -0.0151025 200 8.92198 -13 1 1 0 1 -0.000120018 2.91218e-06 0.0701353 0 0 0 
1.49924 -0.0367586 -630 -0.000587756 -0.0152834 200 8.94085 -13 1 1 0 1 -0.000121788 2.986e-06 0.0709422 0 0 0 
1.49923 -0.037143 -625 -0.00060051 -0.015467 200 8.95971 -13 1 1 0 1 -0.000123579 3.06163e-06 0.0717571 0 0 0 
1.49921 -0.037532 -620 -0.000613575 -0.0156533 200 8.97857 -13 1 1 0 1 -0.000125419 3.1398e-06 0.072591 0 0 0 
1.4992 -0.0379257 -615 -0.000626958 -0.0158423 200 8.99743 -13 1 1 0 1 -0.000127283 3.2199e-06 0.0734334 0 0 0 
1.49918 -0.0383241 -610 -0.000640669 -0.0160342 200 9.0163 -13 1 1 0 1 -0.000129174 3.30213e-06 0.0742867 0 0 0 
1.49917 -0.0387274 -605 -0.000654716 -0.0162289 200 9.03516 -13 1 1 0 1 -0.000131113 3.38698e-06 0.0751576 0 0 0 
1.49915 -0.0391356 -600 -0.000669108 -0.0164265 200 9.05402 -13 1 1 0 1 -0.000133075 3.47394e-06 0.0760374 0 0 0 
1.49913 -0.0395488 -595 -0.000683856 -0.0166271 200 9.07288 -13 1 1 0 1 -0.000135074 3.5634e-06 0.0769313 0 0 0 
1.49912 -0.039967 -590 -0.000698969 -0.0168307 200 9.09175 -13 1 1 0 1 -0.000137116 3.65555e-06 0.0778411 0 0 0 
1.4991 -0.0403903 -585 -0.000714456 -0.0170374 200 9.11061 -13 1 1 0 1 -0.000139182 3.75e-06 0.0787602 0 0 0 
1.49908 -0.0408189 -580 -0.000730329 -0.0172471 200 9.12947 -13 1 1 0 1 -0.000141296 3.84739e-06 0.079697 0 0 0 
1.49906 -0.0412527 -575 -0.000746598 -0.0174601 200 9.14833 -13 1 1 0 1 -0.000143447 3.94753e-06 0.0806478 0 0 0 
1.49904 -0.0416919 -570 -0.000763274 -0.0176763 200 9.1672 -13 1 1 0 1 -0.000145625 4.05017e-06 0.0816084 0 0 0 
1.49902 -0.0421365 -565 -0.000780368 -0.0178958 200 9.18606 -13 1 1 0 1 -0.000147861 4.15626e-06 0.0825906 0 0 0 
1.499 -0.0425867 -560 -0.000797892 -0.0181186 200 9.20492 -13 1 1 0 1 -0.000150128 4.26515e-06 0.0835846 0 0 0 
1.49898 -0.0430425 -555 -0.000815859 -0.0183449 200 9.22378 -13 1 1 0 1 -0.000152428 4.37688e-06 0.0845904 0 0 0 
1.49896 -0.043504 -550 -0.00083428 -0.0185746 200 9.24265 -13 1 1 0 1 -0.000154789 4.4924e-06 0.0856191 0 0 0 
1.49894 -0.0439713 -545 -0.000853169 -0.0188078 200 9.26151 -13 1 1 0 1 -0.00015718 4.61086e-06 0.0866586 0 0 0 
1.49892 -0.0444444 -540 -0.000872539 -0.0190447 200 9.28037 -13 1 1 0 1 -0.000159614 4.7327e-06 0.0877138 0 0 0 
1.4989 -0.0449235 -535 -0.000892403 -0.0192852 200 9.29923 -13 1 1 0 1 -0.000162104 4.85843e-06 0.08879 0 0 0 
1.49888 -0.0454087 -530 -0.000912775 -0.0195295 200 9.3181 -13 1 1 0 1 -0.000164626 4.98738e-06 0.0898776 0 0 0 
1.49885 -0.0459 -525 -0.00093367 -0.0197776 200 9.33696 -13 1 1 0 1 -0.000167202 5.12031e-06 0.090985 0 0 0 
1.49883 -0.0463976 -520 -0.000955104 -0.0200295 200 9.35582 -13 1 1 0 1 -0.00016983 5.25725e-06 0.0921113 0 0 0 
1.49881 -0.0469015 -515 -0.00097709 -0.0202854 200 9.37468 -13 1 1 0 1 -0.000172491 5.3977e-06 0.0932495 0 0 0 
1.49878 -0.0474119 -510 -0.000999647 -0.0205453 200 9.39355 -13 1 1 0 1 -0.00017522 5.54284e-06 0.0944123 0 0 0 
1.49876 -0.0479288 -505 -0.00102279 -0.0208093 200 9.41241 -13 1 1 0 1 -0.000177993 5.69205e-06 0.0955914 0 0 0 
1.49873 -0.0484524 -500 -0.00104653 -0.0210775 200 9.43127 -13 1 1 0 1 -0.000180801 5.84512e-06 0.0967831 0 0 0 
1.4987 -0.0489828 -495 -0.0010709 -0.0213499 200 9.45013 -13 1 1 0 1 -0.000183692 6.00368e-06 0.0980045 0 0 0 
1.49868 -0.04952 -490 -0.0010959 -0.0216266 200 9.469 -13 1 1 0 1 -0.00018662 6.16637e-06 0.0992394 0 0 0 
1.49865 -0.0500641 -485 -0.00112156 -0.0219077 200 9.48786 -13 1 1 0 1 -0.000189595 6.33366e-06 0.100491 0 0 0 
1.49862 -0.0506154 -480 -0.0011479 -0.0221934 200 9.50672 -13 1 1 0 1 -0.000192648 6.50662e-06 0.101771 0 0 0 
1.49859 -0.0511738 -475 -0.00117493 -0.0224835 200 9.52558 -13 1 1 0 1 -0.00019574 6.68413e-06 0.103065 0 0 0 
1.49856 -0.0517396 -470 -0.00120268 -0.0227784 200 9.54445 -13 1 1 0 1 -0.000198894 6.86707e-06 0.104381 0 0 0 
1.49853 -0.0523128 -465 -0.00123116 -0.023078 200 9.56331 -13 1 1 0 1 -0.000202119 7.05585e-06 0.105722 0 0 0 
1.4985 -0.0528935 -460 -0.00126041 -0.0233824 200 9.58217 -13 1 1 0 1 -0.000205385 7.24962e-06 0.107078 0 0 0 
1.49847 -0.0534819 -455 -0.00129044 -0.0236917 200 9.60103 -13 1 1 0 1 -0.00020873 7.44981e-06 0.108462 0 0 0 
1.49844 -0.0540782 -450 -0.00132127 -0.0240061 200 9.6199 -13 1 1 0 1 -0.000212138 7.65599e-06 0.109868 0 0 0 
1.4984 -0.0546823 -445 -0.00135293 -0.0243255 200 9.63876 -13 1 1 0 1 -0.000215589 7.86764e-06 0.111289 0 0 0 
1.49837 -0.0552945 -440 -0.00138545 -0.0246502 200 9.65762 -13 1 1 0 1 -0.000219137 8.08684e-06 0.112745 0 0 0 
1.49833 -0.0559148 -435 -0.00141884 -0.0249802 200 9.67648 -13 1 1 0 1 -0.000222738 8.31215e-06 0.11422 0 0 0 
1.4983 -0.0565435 -430 -0.00145314 -0.0253155 200 9.69535 -13 1 1 0 1 -0.000226393 8.54373e-06 0.115713 0 0 0 
1.49826 -0.0571807 -425 -0.00148838 -0.0256564 200 9.71421 -13 1 1 0 1 -0.00023015 8.78363e-06 0.117243 0 0 0 
1.49822 -0.0578264 -420 -0.00152457 -0.0260029 200 9.73307 -13 1 1 0 1 -0.000233958 9.02999e-06 0.11879 0 0 0 
1.49818 -0.0584809 -415 -0.00156176 -0.0263551 200 9.75193 -13 1 1 0 1 -0.000237836 9.28381e-06 0.120362 0 0 0 
1.49814 -0.0591442 -410 -0.00159996 -0.0267132 200 9.7708 -13 1 1 0 1 -0.00024181 9.54624e-06 0.121968 0 0 0 
1.4981 -0.0598166 -405 -0.00163922 -0.0270771 200 9.78966 -13 1 1 0 1 -0.000245836 9.81578e-06 0.123592 0 0 0 
1.49806 -0.0604981 -400 -0.00167957 -0.0274472 200 9.80852 -13 1 1 0 1 -0.000249953 1.00942e-05 0.125247 0 0 0 
1.49802 -0.061189 -395 -0.00172102 -0.0278234 200 9.82738 -13 1 1 0 1 -0.000254156 1.03814e-05 0.126933 0 0 0 
1.49798 -0.0618893 -390 -0.00176364 -0.0282058 200 9.84625 -13 1 1 0 1 -0.000258414 1.06765e-05 0.128638 0 0 0 
1.49793 -0.0625993 -385 -0.00180743 -0.0285947 200 9.86511 -13 1 1 0 1 -0.000262786 1.0982e-05 0.130382 0 0 0 
1.49789 -0.0633191 -380 -0.00185246 -0.0289902 200 9.88397 -13 1 1 0 1 -0.000267233 1.12965e-05 0.132152 0 0 0 
1.49784 -0.0640489 -375 -0.00189874 -0.0293922 200 9.90284 -13 1 1 0 1 -0.000271737 1.16197e-05 0.133943 0 0 0 
1.49779 -0.0647888 -370 -0.00194632 -0.0298011 200 9.9217 -13 1 1 0 1 -0.00027638 1.19552e-05 0.135781 0 0 0 
1.49774 -0.065539 -365 -0.00199525 -0.0302169 200 9.94056 -13 1 1 0 1 -0.000281086 1.22999e-05 0.137641 0 0 0 
1.49769 -0.0662997 -360 -0.00204555 -0.0306397 200 9.95942 -13 1 1 0 1 -0.000285871 1.26549e-05 0.139529 0 0 0 
1.49764 -0.067071 -355 -0.00209728 -0.0310697 200 9.97829 -13 1 1 0 1 -0.000290785 1.30226e-05 0.141461 0 0 0 
1.49759 -0.0678532 -350 -0.00215049 -0.031507 200 9.99715 -13 1 1 0 1 -0.000295764 1.34006e-05 0.143416 0 0 0 
1.49753 -0.0686465 -345 -0.00220521 -0.0319518 200 10.016 -13 1 1 0 1 -0.000300848 1.37908e-05 0.145407 0 0 0 
1.49748 -0.0694509 -340 -0.00226149 -0.0324042 200 10.0349 -13 1 1 0 1 -0.00030605 1.41942e-05 0.147438 0 0 0 
1.49742 -0.0702667 -335 -0.00231939 -0.0328643 200 10.0537 -13 1 1 0 1 -0.00031132 1.46088e-05 0.149494 0 0 0 
1.49736 -0.0710942 -330 -0.00237895 -0.0333324 200 10.0726 -13 1 1 0 1 -0.000316722 1.50379e-05 0.151594 0 0 0 
1.4973 -0.0719334 -325 -0.00244023 -0.0338085 200 10.0915 -13 1 1 0 1 -0.000322229 1.54806e-05 0.153731 0 0 0 
1.49724 -0.0727847 -320 -0.00250328 -0.0342928 200 10.1103 -13 1 1 0 1 -0.000327808 1.59356e-05 0.155892 0 0 0 
1.49717 -0.0736481 -315 -0.00256816 -0.0347855 200 10.1292 -13 1 1 0 1 -0.00033355 1.64078e-05 0.158109 0 0 0 
1.49711 -0.074524 -310 -0.00263493 -0.0352867 200 10.148 -13 1 1 0 1 -0.00033938 1.68938e-05 0.160357 0 0 0 
1.49704 -0.0754125 -305 -0.00270365 -0.0357966 200 10.1669 -13 1 1 0 1 -0.000345298 1.73942e-05 0.162635 0 0 0 
1.49697 -0.0763139 -300 -0.00277437 -0.0363154 200 10.1858 -13 1 1 0 1 -0.000351389 1.79134e-05 0.164972 0 0 0 
1.4969 -0.0772284 -295 -0.00284717 -0.0368432 200 10.2046 -13 1 1 0 1 -0.000357561 1.84473e-05 0.167337 0 0 0 
1.49683 -0.0781562 -290 -0.00292211 -0.0373802 200 10.2235 -13 1 1 0 1 -0.000363852 1.89983e-05 0.169743 0 0 0 
1.49676 -0.0790975 -285 -0.00299926 -0.0379267 200 10.2424 -13 1 1 0 1 -0.000370301 1.95689e-05 0.172203 0 0 0 
1.49668 -0.0800526 -280 -0.00307869 -0.0384826 200 10.2612 -13 1 1 0 1 -0.000376837 2.01558e-05 0.174693 0 0 0 
1.4966 -0.0810217 -275 -0.00316048 -0.0390484 200 10.2801 -13 1 1 0 1 -0.000383524 2.07628e-05 0.177234 0 0 0 
1.49652 -0.0820051 -270 -0.0032447 -0.0396241 200 10.2989 -13 1 1 0 1 -0.000390353 2.13902e-05 0.179825 0 0 0 
1.49644 -0.083003 -265 -0.00333144 -0.0402099 200 10.3178 -13 1 1 0 1 -0.000397273 2.20355e-05 0.182447 0 0 0 
1.49636 -0.0840156 -260 -0.00342077 -0.0408061 200 10.3367 -13 1 1 0 1 -0.00040438 2.27046e-05 0.185133 0 0 0 
1.49627 -0.0850434 -255 -0.00351277 -0.0414128 200 10.3555 -13 1 1 0 1 -0.00041161 2.33947e-05 0.187861 0 0 0 
1.49618 -0.0860864 -250 -0.00360754 -0.0420302 200 10.3744 -13 1 1 0 1 -0.000418937 2.41045e-05 0.190623 0 0 0 
1.49609 -0.087145 -245 -0.00370517 -0.0426586 200 10.3933 -13 1 1 0 1 -0.00042649 2.48424e-05 0.193463 0 0 0 
1.496 -0.0882194 -240 -0.00380575 -0.0432981 200 10.4121 -13 1 1 0 1 -0.000434145 2.56017e-05 0.196337 0 0 0 
1.4959 -0.08931 -235 -0.00390938 -0.043949 200 10.431 -13 1 1 0 1 -0.000441931 2.63847e-05 0.199257 0 0 0 
1.4958 -0.0904169 -230 -0.00401616 -0.0446114 200 10.4498 -13 1 1 0 1 -0.000449928 2.71969e-05 0.20225 0 0 0 
1.4957 -0.0915406 -225 -0.00412619 -0.0452857 200 10.4687 -13 1 1 0 1 -0.000458031 2.80327e-05 0.205279 0 0 0 
1.49559 -0.0926813 -220 -0.00423959 -0.0459719 200 10.4876 -13 1 1 0 1 -0.000466304 2.88966e-05 0.208368 0 0 0 
1.49549 -0.0938393 -215 -0.00435645 -0.0466705 200 10.5064 -13 1 1 0 1 -0.000474767 2.97908e-05 0.211522 0 0 0 
1.49538 -0.095015 -210 -0.0044769 -0.0473815 200 10.5253 -13 1 1 0 1 -0.000483342 3.07112e-05 0.214716 0 0 0 
1.49526 -0.0962085 -205 -0.00460106 -0.0481052 200 10.5442 -13 1 1 0 1 -0.00049213 3.16647e-05 0.217983 0 0 0 
1.49515 -0.0974203 -200 -0.00472905 -0.0488419 200 10.563 -13 1 1 0 1 -0.000501085 3.26496e-05 0.221309 0 0 0 
1.49503 -0.0986507 -195 -0.004861 -0.0495918 200 10.5819 -13 1 1 0 1 -0.000510157 3.36632e-05 0.224676 0 0 0 
1.4949 -0.0999 -190 -0.00499705 -0.0503551 200 10.6007 -13 1 1 0 1 -0.000519489 3.47159e-05 0.228133 0 0 0 
1.49478 -0.101169 -185 -0.00513732 -0.0511321 200 10.6196 -13 1 1 0 1 -0.000528961 3.58008e-05 0.23164 0 0 0 
1.49465 -0.102457 -180 -0.00528196 -0.0519231 200 10.6385 -13 1 1 0 1 -0.000538574 3.69188e-05 0.235197 0 0 0 
1.49451 -0.103765 -175 -0.00543112 -0.0527283 200 10.6573 -13 1 1 0 1 -0.00054846 3.80799e-05 0.23885 0 0 0 
1.49437 -0.105093 -170 -0.00558494 -0.0535479 200 10.6762 -13 1 1 0 1 -0.000558474 3.92752e-05 0.242549 0 0 0 
1.49423 -0.106442 -165 -0.0057436 -0.0543823 200 10.6951 -13 1 1 0 1 -0.000568674 4.05097e-05 0.246314 0 0 0 
1.49409 -0.107813 -160 -0.00590724 -0.0552317 200 10.7139 -13 1 1 0 1 -0.000579122 4.17891e-05 0.250168 0 0 0 
1.49394 -0.109204 -155 -0.00607604 -0.0560963 200 10.7328 -13 1 1 0 1 -0.000589704 4.31063e-05 0.254069 0 0 0 
1.49378 -0.110617 -150 -0.00625017 -0.0569766 200 10.7516 -13 1 1 0 1 -0.00060052 4.44696e-05 0.258055 0 0 0 
1.49363 -0.112053 -145 -0.00642981 -0.0578726 200 10.7705 -13 1 1 0 1 -0.000611556 4.58794e-05 0.262121 0 0 0 
1.49346 -0.113511 -140 -0.00661515 -0.0587847 200 10.7894 -13 1 1 0 1 -0.00062273 4.73308e-05 0.266237 0 0 0 
1.49329 -0.114992 -135 -0.00680638 -0.0597132 200 10.8082 -13 1 1 0 1 -0.00063419 4.88364e-05 0.270457 0 0 0 
1.49312 -0.116497 -130 -0.0070037 -0.0606584 200 10.8271 -13 1 1 0 1 -0.000645838 5.03898e-05 0.274747 0 0 0 
1.49294 -0.118025 -125 -0.00720732 -0.0616206 200 10.846 -13 1 1 0 1 -0.000657628 5.19891e-05 0.279089 0 0 0 
1.49276 -0.119578 -120 -0.00741745 -0.0626001 200 10.8648 -13 1 1 0 1 -0.000669761 5.36514e-05 0.283558 0 0 0 
1.49257 -0.121156 -115 -0.0076343 -0.063597 200 10.8837 -13 1 1 0 1 -0.000682043 5.5363e-05 0.288084 0 0 0 
1.49238 -0.122758 -110 -0.00785812 -0.0646119 200 10.9025 -13 1 1 0 1 -0.000694518 5.71287e-05 0.292682 0 0 0 
1.49218 -0.124386 -105 -0.00808913 -0.0656448 200 10.9214 -13 1 1 0 1 -0.000707302 5.89599e-05 0.297398 0 0 0 
1.49198 -0.126041 -100 -0.00832758 -0.0666963 200 10.9403 -13 1 1 0 1 -0.00072024 6.08452e-05 0.302172 0 0 0 
1.49176 -0.127721 -95 -0.00857373 -0.0677665 200 10.9591 -13 1 1 0 1 -0.000733424 6.2794e-05 0.307041 0 0 0 
1.49155 -0.129429 -90 -0.00882782 -0.0688557 200 10.978 -13 1 1 0 1 -0.00074688 6.48106e-05 0.312016 0 0 0 
1.49132 -0.131164 -85 -0.00909013 -0.0699643 200 10.9969 -13 1 1 0 1 -0.000760493 6.68866e-05 0.317054 0 0 0 
1.49109 -0.132927 -80 -0.00936095 -0.0710926 200 11.0157 -13 1 1 0 1 -0.000774406 6.90365e-05 0.322209 0 0 0 
1.49085 -0.134719 -75 -0.00964056 -0.0722408 200 11.0346 -13 1 1 0 1 -0.00078855 7.12563e-05 0.327458 0 0 0 
1.49061 -0.13654 -70 -0.00992925 -0.0734093 200 11.0535 -13 1 1 0 1 -0.000802854 7.35413e-05 0.332772 0 0 0 
1.49036 -0.13839 -65 -0.0102273 -0.0745984 200 11.0723 -13 1 1 0 1 -0.000817512 7.59115e-05 0.338229 0 0 0 
1.4901 -0.14027 -60 -0.0105351 -0.0758083 200 11.0912 -13 1 1 0 1 -0.000832357 7.83535e-05 0.343765 0 0 0 
1.48983 -0.14218 -55 -0.010853 -0.0770395 200 11.11 -13 1 1 0 1 -0.000847387 8.08694e-05 0.349379 0 0 0 
1.48956 -0.144122 -50 -0.0111812 -0.0782921 200 11.1289 -13 1 1 0 1 -0.000862777 8.34779e-05 0.355145 0 0 0 
1.48927 -0.146095 -45 -0.0115201 -0.0795665 200 11.1478 -13 1 1 0 1 -0.000878329 8.61626e-05 0.360983 0 0 0 
1.48898 -0.1481 -40 -0.0118701 -0.080863 200 11.1666 -13 1 1 0 1 -0.000894117 8.89328e-05 0.366924 0 0 0 
1.48868 -0.150138 -35 -0.0122316 -0.0821819 200 11.1855 -13 1 1 0 1 -0.000910216 9.17985e-05 0.373003 0 0 0 
1.48837 -0.15221 -30 -0.0126049 -0.0835234 200 11.2044 -13 1 1 0 1 -0.000926476 9.47472e-05 0.379157 0 0 0 
1.48805 -0.154315 -25 -0.0129905 -0.0848879 200 11.2232 -13 1 1 0 1 -0.000943021 9.7794e-05 0.385442 0 0 0 
1.48772 -0.156454 -20 -0.0133887 -0.0862755 200 11.2421 -13 1 1 0 1 -0.000959824 0.000100939 0.391849 0 0 0 
1.48738 -0.158629 -15 -0.0138 -0.0876867 200 11.2609 -13 1 1 0 1 -0.000976786 0.000104174 0.398334 0 0 0 
1.48703 -0.160839 -10 -0.0142248 -0.0891217 200 11.2798 -13 1 1 0 1 -0.000994075 0.00010752 0.404979 0 0 0 
1.48667 -0.163085 -5.00002 -0.0146635 -0.0905806 200 11.2987 -13 1 1 0 1 -0.00101157 0.000110967 0.411728 0 0 0 
1.48629 -0.165368 -0.0005 -0.0151166 -0.0920636 200 11.3175 -13 1 1 0 1 -0.00102921 0.000114512 0.418558 0 0 0 
1.48629 -0.165368 0.0005 -0.0151166 -0.0920639 200 11.3175 -13 1 1 0 1 -0.00102922 0.000114513 0.418559 0 0 0 
1.48591 -0.167689 5.0005 -0.0155847 -0.0935716 200 11.3364 -13 1 1 0 1 -0.00104723 0.000118182 0.42558 0 0 0 
1.48552 -0.170047 10.0005 -0.016068 -0.095104 200 11.3553 -13 1 1 0 1 -0.00106538 0.000121954 0.432685 0 0 0 
1.48511 -0.172444 15.0005 -0.0165672 -0.0966614 200 11.3741 -13 1 1 0 1 -0.00108373 0.000125838 0.4399 0 0 0 
1.48469 -0.17488 20.0005 -0.0170829 -0.0982439 200 11.393 -13 1 1 0 1 -0.00110237 0.000129848 0.447289 0 0 0 
1.48425 -0.177357 25.0005 -0.0176154 -0.0998517 200 11.4118 -13 1 1 0 1 -0.00112115 0.000133969 0.454765 0 0 0 
1.48381 -0.179873 30.0005 -0.0181653 -0.101485 200 11.4307 -13 1 1 0 1 -0.00114015 0.000138214 0.462379 0 0 0 
1.48334 -0.182431 35.0005 -0.0187333 -0.103144 200 11.4496 -13 1 1 0 1 -0.00115938 0.000142588 0.470148 0 0 0 
1.48287 -0.185031 40.0005 -0.0193198 -0.104829 200 11.4684 -13 1 1 0 1 -0.00117873 0.00014708 0.478007 0 0 0 
1.48238 -0.187673 45.0005 -0.0199256 -0.106539 200 11.4873 -13 1 1 0 1 -0.00119831 0.000151709 0.486036 0 0 0 
1.48187 -0.190358 50.0005 -0.020551 -0.108276 200 11.5062 -13 1 1 0 1 -0.00121806 0.000156469 0.494198 0 0 0 
1.48135 -0.193087 55.0005 -0.0211969 -0.110039 200 11.525 -13 1 1 0 1 -0.0012379 0.000161354 0.502452 0 0 0 
1.48081 -0.19586 60.0005 -0.0218638 -0.111828 200 11.5439 -13 1 1 0 1 -0.00125798 0.000166386 0.510908 0 0 0 
1.48026 -0.198678 65.0005 -0.0225523 -0.113643 200 11.5627 -13 1 1 0 1 -0.00127815 0.000171551 0.519474 0 0 0 
1.47968 -0.201542 70.0005 -0.0232632 -0.115484 200 11.5816 -13 1 1 0 1 -0.00129841 0.000176851 0.528148 0 0 0 
1.47909 -0.204453 75.0005 -0.0239971 -0.117351 200 11.6005 -13 1 1 0 1 -0.00131884 0.000182301 0.537028 0 0 0 
1.47848 -0.20741 80.0005 -0.0247546 -0.119244 200 11.6193 -13 1 1 0 1 -0.00133932 0.000187887 0.546006 0 0 0 
1.47786 -0.210415 85.0005 -0.0255365 -0.121163 200 11.6382 -13 1 1 0 1 -0.00135988 0.000193618 0.555123 0 0 0 
1.47721 -0.213468 90.0005 -0.0263435 -0.123109 200 11.6571 -13 1 1 0 1 -0.00138052 0.000199496 0.564422 0 0 0 
1.47654 -0.216571 95.0005 -0.0271763 -0.125079 200 11.6759 -13 1 1 0 1 -0.00140117 0.000205517 0.573819 0 0 0 
1.47585 -0.219723 100 -0.0280357 -0.127075 200 11.6948 -13 1 1 0 1 -0.00142186 0.000211685 0.583385 0 0 0 
1.47514 -0.222925 105 -0.0289225 -0.129097 200 11.7136 -13 1 1 0 1 -0.00144255 0.000218 0.593107 0 0 0 
1.4744 -0.226178 110 -0.0298372 -0.131143 200 11.7325 -13 1 1 0 1 -0.00146321 0.00022446 0.602928 0 0 0 
1.47364 -0.229482 115 -0.0307809 -0.133213 200 11.7514 -13 1 1 0 1 -0.00148382 0.000231067 0.612948 0 0 0 
1.47286 -0.232838 120 -0.0317542 -0.135308 200 11.7702 -13 1 1 0 1 -0.00150436 0.000237818 0.623094 0 0 0 
1.47206 -0.236248 125 -0.0327579 -0.137427 200 11.7891 -13 1 1 0 1 -0.00152482 0.000244716 0.63334 0 0 0 
1.47123 -0.23971 130 -0.0337928 -0.139568 200 11.808 -13 1 1 0 1 -0.00154512 0.00025175 0.64381 0 0 0 
1.47037 -0.243226 135 -0.0348597 -0.141733 200 11.8268 -13 1 1 0 1 -0.00156528 0.000258926 0.654379 0 0 0 
1.46948 -0.246797 140 -0.0359595 -0.143919 200 11.8457 -13 1 1 0 1 -0.00158528 0.000266245 0.665074 0 0 0 
1.46857 -0.250422 145 -0.037093 -0.146126 200 11.8645 -13 1 1 0 1 -0.00160499 0.000273686 0.675962 0 0 0 
1.46763 -0.254103 150 -0.0382609 -0.148354 200 11.8834 -13 1 1 0 1 -0.00162451 0.000281266 0.686946 0 0 0 
1.46666 -0.25784 155 -0.0394641 -0.150602 200 11.9023 -13 1 1 0 1 -0.00164373 0.000288971 0.69808 0 0 0 
1.46565 -0.261634 160 -0.0407034 -0.152869 200 11.9211 -13 1 1 0 1 -0.00166257 0.000296786 0.709374 0 0 0 
1.46462 -0.265484 165 -0.0419796 -0.155153 200 11.94 -13 1 1 0 1 -0.00168114 0.000304732 0.720761 0 0 0 
1.46355 -0.269391 170 -0.0432935 -0.157455 200 11.9589 -13 1 1 0 1 -0.00169923 0.000312771 0.732318 0 0 0 
1.46245 -0.273357 175 -0.0446459 -0.159772 200 11.9777 -13 1 1 0 1 -0.00171686 0.000320909 0.744001 0 0 0 
1.46132 -0.27738 180 -0.0460376 -0.162104 200 11.9966 -13 1 1 0 1 -0.00173414 0.000329166 0.755773 0 0 0 
1.46015 -0.281462 185 -0.0474694 -0.164449 200 12.0154 -13 1 1 0 1 -0.00175068 0.000337465 0.767728 0 0 0 
1.45895 -0.285603 190 -0.048942 -0.166805 200 12.0343 -13 1 1 0 1 -0.00176673 0.000345853 0.779777 0 0 0 
1.45771 -0.289802 195 -0.0504562 -0.169173 200 12.0532 -13 1 1 0 1 -0.00178228 0.000354331 0.79192 0 0 0 
1.45642 -0.294061 200 -0.0520127 -0.171549 200 12.072 -13 1 1 0 1 -0.00179688 0.0003628 0.804229 0 0 0 
1.4551 -0.29838 205 -0.0536121 -0.173932 200 12.0909 -13 1 1 0 1 -0.00181093 0.000371344 0.816612 0 0 0 
1.45374 -0.302758 210 -0.0552552 -0.176321 200 12.1098 -13 1 1 0 1 -0.00182423 0.000379917 0.829099 0 0 0 
1.45234 -0.307196 215 -0.0569426 -0.178713 200 12.1286 -13 1 1 0 1 -0.00183649 0.00038845 0.841712 0 0 0 
1.4509 -0.311694 220 -0.0586748 -0.181108 200 12.1475 -13 1 1 0 1 -0.0018481 0.000397025 0.85439 0 0 0 
1.44941 -0.316251 225 -0.0604524 -0.183502 200 12.1663 -13 1 1 0 1 -0.00185864 0.000405544 0.867173 0 0 0 
1.44787 -0.320869 230 -0.062276 -0.185893 200 12.1852 -13 1 1 0 1 -0.00186809 0.000413995 0.880043 0 0 0 
1.44629 -0.325546 235 -0.064146 -0.18828 200 12.2041 -13 1 1 0 1 -0.0018768 0.000422449 0.892966 0 0 0 
1.44467 -0.330283 240 -0.0660627 -0.19066 200 12.2229 -13 1 1 0 1 -0.00188402 0.000430729 0.905985 0 0 0 
1.44299 -0.335079 245 -0.0680266 -0.19303 200 12.2418 -13 1 1 0 1 -0.00189018 0.000438921 0.919056 0 0 0 
1.44126 -0.339934 250 -0.0700379 -0.195389 200 12.2607 -13 1 1 0 1 -0.00189549 0.000447067 0.932167 0 0 0 
1.43949 -0.344848 255 -0.0720969 -0.197733 200 12.2795 -13 1 1 0 1 -0.00189883 0.000454889 0.945349 0 0 0 
1.43766 -0.349821 260 -0.0742037 -0.200059 200 12.2984 -13 1 1 0 1 -0.0019012 0.000462612 0.958554 0 0 0 
1.43578 -0.354851 265 -0.0763584 -0.202365 200 12.3172 -13 1 1 0 1 -0.00190234 0.000470162 0.971787 0 0 0 
1.43384 -0.359939 270 -0.0785609 -0.204648 200 12.3361 -13 1 1 0 1 -0.0019015 0.000477336 0.985044 0 0 0 
1.43185 -0.365083 275 -0.0808112 -0.206905 200 12.355 -13 1 1 0 1 -0.00189959 0.000484344 0.998306 0 0 0 
1.4298 -0.370284 280 -0.083109 -0.209133 200 12.3738 -13 1 1 0 1 -0.00189601 0.00049102 1.01157 0 0 0 
1.42769 -0.37554 285 -0.0854542 -0.211328 200 12.3927 -13 1 1 0 1 -0.00189051 0.000497279 1.02482 0 0 0 
1.42553 -0.38085 290 -0.0878462 -0.213487 200 12.4116 -13 1 1 0 1 -0.00188384 0.000503296 1.03805 0 0 0 
1.4233 -0.386214 295 -0.0902845 -0.215607 200 12.4304 -13 1 1 0 1 -0.00187501 0.000508785 1.05124 0 0 0 
1.42101 -0.39163 300 -0.0927687 -0.217685 200 12.4493 -13 1 1 0 1 -0.00186441 0.000513831 1.06438 0 0 0 
1.41866 -0.397097 305 -0.095298 -0.219716 200 12.4681 -13 1 1 0 1 -0.00185256 0.000518551 1.07748 0 0 0 
1.41625 -0.402615 310 -0.0978713 -0.221697 200 12.487 -13 1 1 0 1 -0.001838 0.000522513 1.09048 0 0 0 
1.41377 -0.408182 315 -0.100488 -0.223625 200 12.5059 -13 1 1 0 1 -0.00182192 0.000526024 1.10341 0 0 0 
1.41122 -0.413796 320 -0.103147 -0.225496 200 12.5247 -13 1 1 0 1 -0.00180433 0.000529062 1.11627 0 0 0 
1.40861 -0.419456 325 -0.105846 -0.227306 200 12.5436 -13 1 1 0 1 -0.00178385 0.000531195 1.12897 0 0 0 
1.40593 -0.425161 330 -0.108586 -0.229052 200 12.5625 -13 1 1 0 1 -0.00176198 0.000532833 1.14157 0 0 0 
1.40318 -0.430908 335 -0.111363 -0.230729 200 12.5813 -13 1 1 0 1 -0.00173815 0.000533774 1.15405 0 0 0 
1.40036 -0.436697 340 -0.114176 -0.232335 200 12.6002 -13 1 1 0 1 -0.0017117 0.000533787 1.16632 0 0 0 
1.39747 -0.442524 345 -0.117025 -0.233864 200 12.619 -13 1 1 0 1 -0.00168385 0.000533209 1.17848 0 0 0 
1.39451 -0.448389 350 -0.119905 -0.235314 200 12.6379 -13 1 1 0 1 -0.00165357 0.000531688 1.19043 0 0 0 
1.39147 -0.454289 355 -0.122817 -0.236681 200 12.6568 -13 1 1 0 1 -0.00162106 0.000529244 1.20216 0 0 0 
1.38837 -0.460222 360 -0.125757 -0.23796 200 12.6756 -13 1 1 0 1 -0.00158715 0.000526116 1.21374 0 0 0 
1.38519 -0.466187 365 -0.128722 -0.239149 200 12.6945 -13 1 1 0 1 -0.0015504 0.00052179 1.22502 0 0 0 
1.38193 -0.472179 370 -0.131711 -0.240244 200 12.7134 -13 1 1 0 1 -0.00151186 0.000516575 1.23607 0 0 0 
1.3786 -0.478198 375 -0.134721 -0.24124 200 12.7322 -13 1 1 0 1 -0.00147197 0.000510585 1.24695 0 0 0 
1.3752 -0.48424 380 -0.13775 -0.242136 200 12.7511 -13 1 1 0 1 -0.0014289 0.000503152 1.25741 0 0 0 
1.37171 -0.490304 385 -0.140793 -0.242927 200 12.7699 -13 1 1 0 1 -0.00138454 0.000494888 1.26766 0 0 0 
1.36816 -0.496386 390 -0.143848 -0.243611 200 12.7888 -13 1 1 0 1 -0.0013385 0.000485627 1.27764 0 0 0 
1.36452 -0.502483 395 -0.146913 -0.244183 200 12.8077 -13 1 1 0 1 -0.00128986 0.00047499 1.28719 0 0 0 
1.36081 -0.508594 400 -0.149983 -0.244643 200 12.8265 -13 1 1 0 1 -0.00124004 0.000463458 1.29651 0 0 0 
1.35702 -0.514715 405 -0.153055 -0.244985 200 12.8454 -13 1 1 0 1 -0.00118832 0.000450727 1.30545 0 0 0 
1.35316 -0.520842 410 -0.156127 -0.245209 200 12.8643 -13 1 1 0 1 -0.00113461 0.000436722 1.31397 0 0 0 
1.34922 -0.526974 415 -0.159194 -0.245311 200 12.8831 -13 1 1 0 1 -0.00107988 0.000421777 1.32223 0 0 0 
1.3452 -0.533107 420 -0.162252 -0.24529 200 12.902 -13 1 1 0 1 -0.00102314 0.000405474 1.33 0 0 0 
1.3411 -0.539237 425 -0.165298 -0.245143 200 12.9208 -13 1 1 0 1 -0.000965037 0.000388027 1.33737 0 0 0 
1.33693 -0.545363 430 -0.168328 -0.244869 200 12.9397 -13 1 1 0 1 -0.000906096 0.000369616 1.34445 0 0 0 
1.33269 -0.55148 435 -0.171339 -0.244466 200 12.9586 -13 1 1 0 1 -0.000845203 0.000349754 1.35092 0 0 0 
1.32837 -0.557585 440 -0.174326 -0.243933 200 12.9774 -13 1 1 0 1 -0.000783537 0.000328892 1.35704 0 0 0 
1.32397 -0.563675 445 -0.177286 -0.243269 200 12.9963 -13 1 1 0 1 -0.00072112 0.000307014 1.36281 0 0 0 
1.3195 -0.569747 450 -0.180214 -0.242473 200 13.0152 -13 1 1 0 1 -0.00065723 0.000283785 1.36791 0 0 0 
1.31496 -0.575798 455 -0.183108 -0.241544 200 13.034 -13 1 1 0 1 -0.00059296 0.000259647 1.37268 0 0 0 
1.31035 -0.581824 460 -0.185962 -0.240483 200 13.0529 -13 1 1 0 1 -0.000528024 0.000234455 1.377 0 0 0 
1.30566 -0.587821 465 -0.188773 -0.239289 200 13.0717 -13 1 1 0 1 -0.000462334 0.000208147 1.3807 0 0 0 
1.30091 -0.593787 470 -0.191537 -0.237963 200 13.0906 -13 1 1 0 1 -0.00039652 0.000180988 1.38406 0 0 0 
1.29609 -0.599718 475 -0.194251 -0.236504 200 13.1095 -13 1 1 0 1 -0.000330285 0.000152828 1.38684 0 0 0 
1.2912 -0.605611 480 -0.19691 -0.234915 200 13.1283 -13 1 1 0 1 -0.000263913 0.000123783 1.38908 0 0 0 
1.28624 -0.611463 485 -0.199512 -0.233196 200 13.1472 -13 1 1 0 1 -0.000197677 9.39731e-05 1.39098 0 0 0 
1.28122 -0.61727 490 -0.202053 -0.231348 200 13.1661 -13 1 1 0 1 -0.000131423 6.33173e-05 1.39218 0 0 0 
1.27614 -0.623029 495 -0.204529 -0.229374 200 13.1849 -13 1 1 0 1 -6.55138e-05 3.19848e-05 1.39293 0 0 0 
1.271 -0.628737 500 -0.206937 -0.227275 200 13.2038 -13 1 1 0 1 2.61924e-09 -1.29569e-09 1.39334 0 0 0 
1.26579 -0.634392 505 -0.209274 -0.225053 200 13.2226 -13 1 1 0 1 6.49879e-05 -3.25707e-05 1.39293 0 0 0 
1.26053 -0.639989 510 -0.211538 -0.222711 200 13.2415 -13 1 1 0 1 0.000129306 -6.56504e-05 1.39218 0 0 0 
1.25522 -0.645526 515 -0.213724 -0.220252 200 13.2604 -13 1 1 0 1 0.000192914 -9.92109e-05 1.39098 0 0 0 
1.24985 -0.651001 520 -0.215832 -0.217678 200 13.2792 -13 1 1 0 1 0.000255467 -0.000133063 1.38908 0 0 0 
1.24443 -0.656409 525 -0.217857 -0.214993 200 13.2981 -13 1 1 0 1 0.000317125 -0.000167277 1.38684 0 0 0 
1.23895 -0.661749 530 -0.219799 -0.212199 200 13.317 -13 1 1 0 1 0.000377642 -0.000201706 1.38406 0 0 0 
1.23344 -0.667018 535 -0.221654 -0.209302 200 13.3358 -13 1 1 0 1 0.000436764 -0.000236194 1.3807 0 0 0 
1.22787 -0.672214 540 -0.223422 -0.206303 200 13.3547 -13 1 1 0 1 0.000494795 -0.000270881 1.377 0 0 0 
1.22227 -0.677333 545 -0.2251 -0.203209 200 13.3735 -13 1 1 0 1 0.000551165 -0.000305435 1.37268 0 0 0 
1.21662 -0.682373 550 -0.226687 -0.200021 200 13.3924 -13 1 1 0 1 0.000605989 -0.000339885 1.36791 0 0 0 
1.21093 -0.687333 555 -0.228182 -0.196745 200 13.4113 -13 1 1 0 1 0.000659557 -0.000374369 1.36281 0 0 0 
1.20521 -0.69221 560 -0.229583 -0.193385 200 13.4301 -13 1 1 0 1 0.000710897 -0.000408303 1.35704 0 0 0 
1.19945 -0.697002 565 -0.230891 -0.189945 200 13.449 -13 1 1 0 1 0.000760709 -0.000442047 1.35092 0 0 0 
1.19367 -0.701707 570 -0.232104 -0.18643 200 13.4679 -13 1 1 0 1 0.000809003 -0.000475579 1.34445 0 0 0 
1.18785 -0.706323 575 -0.233223 -0.182844 200 13.4867 -13 1 1 0 1 0.000854763 -0.000508262 1.33736 0 0 0 
1.18201 -0.710848 580 -0.234246 -0.179193 200 13.5056 -13 1 1 0 1 0.000899022 -0.000540664 1.32999 0 0 0 
1.17614 -0.715282 585 -0.235174 -0.175481 200 13.5244 -13 1 1 0 1 0.000941356 -0.000572496 1.32223 0 0 0 
1.17025 -0.719622 590 -0.236008 -0.171712 200 13.5433 -13 1 1 0 1 0.000981247 -0.000603399 1.31397 0 0 0 
1.16434 -0.723867 595 -0.236747 -0.167891 200 13.5622 -13 1 1 0 1 0.00101959 -0.000633879 1.30545 0 0 0 
1.15841 -0.728016 600 -0.237393 -0.164024 200 13.581 -13 1 1 0 1 0.00105561 -0.000663409 1.2965 0 0 0 
1.15247 -0.732068 605 -0.237946 -0.160115 200 13.5999 -13 1 1 0 1 0.00108941 -0.000692014 1.28719 0 0 0 
1.14651 -0.736021 610 -0.238408 -0.156168 200 13.6188 -13 1 1 0 1 0.00112167 -0.000720071 1.27764 0 0 0 
1.14055 -0.739876 615 -0.238779 -0.152189 200 13.6376 -13 1 1 0 1 0.00115122 -0.000746796 1.26765 0 0 0 
1.13458 -0.743631 620 -0.239061 -0.148181 200 13.6565 -13 1 1 0 1 0.00117889 -0.000772674 1.2574 0 0 0 
1.1286 -0.747285 625 -0.239256 -0.14415 200 13.6753 -13 1 1 0 1 0.00120504 -0.000797898 1.24695 0 0 0 
1.12261 -0.750838 630 -0.239365 -0.140099 200 13.6942 -13 1 1 0 1 0.00122817 -0.000821435 1.23607 0 0 0 
1.11663 -0.75429 635 -0.23939 -0.136033 200 13.7131 -13 1 1 0 1 0.00124982 -0.000844257 1.22501 0 0 0 
1.11065 -0.757639 640 -0.239332 -0.131958 200 13.7319 -13 1 1 0 1 0.00126967 -0.000866118 1.21374 0 0 0 
1.10466 -0.760887 645 -0.239195 -0.127875 200 13.7508 -13 1 1 0 1 0.00128693 -0.000886431 1.20215 0 0 0 
1.09869 -0.764033 650 -0.23898 -0.12379 200 13.7697 -13 1 1 0 1 0.0013028 -0.000905972 1.19042 0 0 0 
1.09272 -0.767077 655 -0.238689 -0.119706 200 13.7885 -13 1 1 0 1 0.00131664 -0.000924272 1.17848 0 0 0 
1.08675 -0.770018 660 -0.238324 -0.115628 200 13.8074 -13 1 1 0 1 0.00132837 -0.000941217 1.16632 0 0 0 
1.0808 -0.772858 665 -0.237889 -0.111558 200 13.8262 -13 1 1 0 1 0.00133881 -0.000957355 1.15404 0 0 0 
1.07486 -0.775596 670 -0.237385 -0.1075 200 13.8451 -13 1 1 0 1 0.00134707 -0.000972019 1.14157 0 0 0 
1.06893 -0.778233 675 -0.236815 -0.103458 200 13.864 -13 1 1 0 1 0.00135369 -0.000985548 1.12897 0 0 0 
1.06302 -0.78077 680 -0.236182 -0.0994352 200 13.8828 -13 1 1 0 1 0.00135913 -0.000998261 1.11627 0 0 0 
1.05712 -0.783205 685 -0.235488 -0.0954337 200 13.9017 -13 1 1 0 1 0.00136231 -0.00100932 1.10341 0 0 0 
1.05124 -0.785541 690 -0.234735 -0.0914568 200 13.9206 -13 1 1 0 1 0.0013643 -0.00101947 1.09048 0 0 0 
1.04539 -0.787778 695 -0.233927 -0.0875073 200 13.9394 -13 1 1 0 1 0.00136512 -0.00102872 1.07748 0 0 0 
1.03955 -0.789917 700 -0.233066 -0.0835877 200 13.9583 -13 1 1 0 1 0.00136392 -0.0010364 1.06438 0 0 0 
1.03373 -0.791958 705 -0.232154 -0.0797002 200 13.9771 -13 1 1 0 1 0.00136181 -0.0010433 1.05124 0 0 0 
1.02794 -0.793902 710 -0.231195 -0.0758475 200 13.996 -13 1 1 0 1 0.00135843 -0.00104915 1.03805 0 0 0 
1.02217 -0.795751 715 -0.23019 -0.0720314 200 14.0149 -13 1 1 0 1 0.00135353 -0.00105371 1.02482 0 0 0 
1.01643 -0.797504 720 -0.229143 -0.0682538 200 14.0337 -13 1 1 0 1 0.00134786 -0.00105754 1.01157 0 0 0 
1.01072 -0.799164 725 -0.228055 -0.0645168 200 14.0526 -13 1 1 0 1 0.00134089 -0.00106023 0.998305 0 0 0 
1.00503 -0.80073 730 -0.226931 -0.0608218 200 14.0715 -13 1 1 0 1 0.00133283 -0.0010619 0.985043 0 0 0 
0.999371 -0.802205 735 -0.225771 -0.0571705 200 14.0903 -13 1 1 0 1 0.00132412 -0.00106289 0.971786 0 0 0 
0.993742 -0.803589 740 -0.224578 -0.0535643 200 14.1092 -13 1 1 0 1 0.00131415 -0.00106269 0.958553 0 0 0 
0.988143 -0.804884 745 -0.223355 -0.0500043 200 14.128 -13 1 1 0 1 0.00130346 -0.00106172 0.945349 0 0 0 
0.982574 -0.80609 750 -0.222104 -0.0464917 200 14.1469 -13 1 1 0 1 0.00129224 -0.00106013 0.932166 0 0 0 
0.977038 -0.807209 755 -0.220828 -0.0430277 200 14.1658 -13 1 1 0 1 0.00127983 -0.00105737 0.919056 0 0 0 
0.971533 -0.808242 760 -0.219528 -0.0396128 200 14.1846 -13 1 1 0 1 0.001267 -0.00105405 0.905985 0 0 0 
0.966061 -0.80919 765 -0.218206 -0.0362482 200 14.2035 -13 1 1 0 1 0.00125362 -0.00105005 0.892966 0 0 0 
0.960623 -0.810055 770 -0.216866 -0.0329343 200 14.2224 -13 1 1 0 1 0.00123943 -0.00104516 0.880043 0 0 0 
0.955218 -0.810837 775 -0.215508 -0.0296717 200 14.2412 -13 1 1 0 1 0.00122492 -0.00103977 0.867174 0 0 0 
0.949848 -0.811539 780 -0.214135 -0.0264609 200 14.2601 -13 1 1 0 1 0.00120988 -0.00103371 0.85439 0 0 0 
0.944512 -0.812161 785 -0.212749 -0.0233023 200 14.2789 -13 1 1 0 1 0.00119434 -0.00102698 0.841713 0 0 0 
0.93921 -0.812704 790 -0.211351 -0.0201961 200 14.2978 -13 1 1 0 1 0.00117857 -0.00101982 0.8291 0 0 0 
0.933944 -0.813171 795 -0.209943 -0.0171425 200 14.3167 -13 1 1 0 1 0.00116233 -0.00101202 0.816613 0 0 0 
0.928713 -0.813562 800 -0.208527 -0.0141416 200 14.3355 -13 1 1 0 1 0.00114581 -0.00100374 0.80423 0 0 0 
0.923518 -0.813878 805 -0.207105 -0.0111936 200 14.3544 -13 1 1 0 1 0.00112915 -0.000995099 0.791921 0 0 0 
0.918358 -0.814122 810 -0.205677 -0.0082982 200 14.3733 -13 1 1 0 1 0.00111209 -0.000985868 0.779779 0 0 0 
0.913234 -0.814294 815 -0.204246 -0.00545541 200 14.3921 -13 1 1 0 1 0.00109494 -0.000976313 0.76773 0 0 0 
0.908146 -0.814395 820 -0.202814 -0.00266509 200 14.411 -13 1 1 0 1 0.00107769 -0.000966438 0.755775 0 0 0 
0.903093 -0.814427 825 -0.20138 7.30557e-05 200 14.4298 -13 1 1 0 1 0.00106019 -0.000956102 0.744003 0 0 0 
0.898077 -0.814392 830 -0.199947 0.00275929 200 14.4487 -13 1 1 0 1 0.00104269 -0.000945532 0.73232 0 0 0 
0.893096 -0.81429 835 -0.198515 0.00539394 200 14.4676 -13 1 1 0 1 0.00102513 -0.000934671 0.720763 0 0 0 
0.888151 -0.814123 840 -0.197087 0.00797742 200 14.4864 -13 1 1 0 1 0.00100748 -0.000923504 0.709376 0 0 0 
0.883242 -0.813891 845 -0.195662 0.0105101 200 14.5053 -13 1 1 0 1 0.000989879 -0.000912156 0.698082 0 0 0 
0.878368 -0.813597 850 -0.194243 0.0129926 200 14.5242 -13 1 1 0 1 0.00097226 -0.000900567 0.686948 0 0 0 
0.873529 -0.813242 855 -0.192829 0.0154252 200 14.543 -13 1 1 0 1 0.000954675 -0.000888788 0.675964 0 0 0 
0.868726 -0.812827 860 -0.191422 0.0178086 200 14.5619 -13 1 1 0 1 0.000937181 -0.000876877 0.665076 0 0 0 
0.863958 -0.812352 865 -0.190023 0.0201433 200 14.5807 -13 1 1 0 1 0.000919725 -0.000864788 0.654382 0 0 0 
0.859225 -0.81182 870 -0.188632 0.02243 200 14.5996 -13 1 1 0 1 0.000902379 -0.000852593 0.643813 0 0 0 
0.854527 -0.811231 875 -0.187251 0.0246692 200 14.6185 -13 1 1 0 1 0.000885157 -0.000840309 0.633342 0 0 0 
0.849862 -0.810587 880 -0.185879 0.0268616 200 14.6373 -13 1 1 0 1 0.000868036 -0.000827921 0.623097 0 0 0 
0.845232 -0.809888 885 -0.184518 0.0290078 200 14.6562 -13 1 1 0 1 0.00085107 -0.000815482 0.612951 0 0 0 
0.840636 -0.809137 890 -0.183168 0.0311086 200 14.6751 -13 1 1 0 1 0.000834254 -0.000802993 0.602931 0 0 0 
0.836074 -0.808333 895 -0.18183 0.0331645 200 14.6939 -13 1 1 0 1 0.000817603 -0.000790476 0.59311 0 0 0 
0.831545 -0.807479 900 -0.180503 0.0351764 200 14.7128 -13 1 1 0 1 0.000801127 -0.000777942 0.583389 0 0 0 
0.827049 -0.806575 905 -0.17919 0.037145 200 14.7316 -13 1 1 0 1 0.000784834 -0.000765405 0.573822 0 0 0 
0.822585 -0.805622 910 -0.177889 0.0390708 200 14.7505 -13 1 1 0 1 0.000768744 -0.000752891 0.564425 0 0 0 
0.818154 -0.804622 915 -0.176602 0.0409548 200 14.7694 -13 1 1 0 1 0.000752841 -0.000740388 0.555126 0 0 0 
0.813755 -0.803575 920 -0.175329 0.0427976 200 14.7882 -13 1 1 0 1 0.000737158 -0.000727936 0.546009 0 0 0 
0.809388 -0.802482 925 -0.17407 0.0446 200 14.8071 -13 1 1 0 1 0.000721692 -0.000715535 0.537031 0 0 0 
0.805051 -0.801345 930 -0.172825 0.0463626 200 14.826 -13 1 1 0 1 0.000706423 -0.00070317 0.528151 0 0 0 
0.800746 -0.800164 935 -0.171595 0.0480863 200 14.8448 -13 1 1 0 1 0.000691412 -0.00069091 0.519477 0 0 0 
0.796472 -0.798941 940 -0.170379 0.0497718 200 14.8637 -13 1 1 0 1 0.000676616 -0.000678714 0.510912 0 0 0 
0.792227 -0.797676 945 -0.169179 0.0514198 200 14.8825 -13 1 1 0 1 0.00066203 -0.000666583 0.502456 0 0 0 
0.788012 -0.79637 950 -0.167994 0.0530311 200 14.9014 -13 1 1 0 1 0.000647723 -0.000654593 0.494201 0 0 0 
0.783827 -0.795025 955 -0.166824 0.0546063 200 14.9203 -13 1 1 0 1 0.000633623 -0.000642675 0.48604 0 0 0 
0.779671 -0.79364 960 -0.165669 0.0561463 200 14.9391 -13 1 1 0 1 0.000619758 -0.000630862 0.478011 0 0 0 
0.775544 -0.792218 965 -0.16453 0.0576516 200 14.958 -13 1 1 0 1 0.000606164 -0.000619196 0.470151 0 0 0 
0.771444 -0.790758 970 -0.163407 0.0591232 200 14.9769 -13 1 1 0 1 0.000592775 -0.000607615 0.462383 0 0 0 
0.767373 -0.789262 975 -0.162299 0.0605616 200 14.9957 -13 1 1 0 1 0.000579646 -0.00059618 0.454768 0 0 0 
0.763329 -0.78773 980 -0.161207 0.0619675 200 15.0146 -13 1 1 0 1 0.000566768 -0.000584885 0.447292 0 0 0 
0.759313 -0.786164 985 -0.16013 0.0633417 200 15.0334 -13 1 1 0 1 0.000554093 -0.000573687 0.439904 0 0 0 
0.755323 -0.784563 990 -0.159069 0.0646848 200 15.0523 -13 1 1 0 1 0.000541701 -0.000562672 0.432689 0 0 0 
0.751359 -0.78293 995 -0.158024 0.0659976 200 15.0712 -13 1 1 0 1 0.000529535 -0.000551784 0.425583 0 0 0 
0.747421 -0.781264 1000 -0.156994 0.0672806 200 15.09 -13 1 1 0 1 0.000517567 -0.000541001 0.418562 0 0 0 
0.743509 -0.779566 1005 -0.15598 0.0685345 200 15.1089 -13 1 1 0 1 0.000505904 -0.000530438 0.411732 0 0 0 
0.739622 -0.777837 1010 -0.154981 0.0697601 200 15.1278 -13 1 1 0 1 0.000494436 -0.000519983 0.404983 0 0 0 
0.73576 -0.776078 1015 -0.153997 0.0709578 200 15.1466 -13 1 1 0 1 0.000483186 -0.000509664 0.398338 0 0 0 
0.731922 -0.77429 1020 -0.153029 0.0721284 200 15.1655 -13 1 1 0 1 0.000472211 -0.000499545 0.391853 0 0 0 
0.728109 -0.772472 1025 -0.152076 0.0732725 200 15.1843 -13 1 1 0 1 0.000461425 -0.000489539 0.385446 0 0 0 
0.724318 -0.770626 1030 -0.151138 0.0743906 200 15.2032 -13 1 1 0 1 0.000450873 -0.000479698 0.379162 0 0 0 
0.720552 -0.768753 1035 -0.150215 0.0754834 200 15.2221 -13 1 1 0 1 0.000440564 -0.000470035 0.373007 0 0 0 
0.716808 -0.766852 1040 -0.149307 0.0765514 200 15.2409 -13 1 1 0 1 0.000430436 -0.000460487 0.366928 0 0 0 
0.713086 -0.764925 1045 -0.148413 0.0775952 200 15.2598 -13 1 1 0 1 0.000420558 -0.000451131 0.360987 0 0 0 
0.709387 -0.762973 1050 -0.147534 0.0786154 200 15.2787 -13 1 1 0 1 0.000410889 -0.000441927 0.355149 0 0 0 
0.705709 -0.760995 1055 -0.14667 0.0796126 200 15.2975 -13 1 1 0 1 0.000401394 -0.000432839 0.349383 0 0 0 
0.702053 -0.758992 1060 -0.14582 0.0805872 200 15.3164 -13 1 1 0 1 0.000392161 -0.000423967 0.343769 0 0 0 
0.698418 -0.756966 1065 -0.144984 0.0815398 200 15.3352 -13 1 1 0 1 0.000383106 -0.000415222 0.338233 0 0 0 
0.694804 -0.754915 1070 -0.144162 0.0824709 200 15.3541 -13 1 1 0 1 0.000374227 -0.000406604 0.332775 0 0 0 
0.69121 -0.752842 1075 -0.143353 0.083381 200 15.373 -13 1 1 0 1 0.000365598 -0.000398197 0.327461 0 0 0 
0.687636 -0.750746 1080 -0.142559 0.0842707 200 15.3918 -13 1 1 0 1 0.000357127 -0.000389904 0.322213 0 0 0 
0.684082 -0.748629 1085 -0.141777 0.0851404 200 15.4107 -13 1 1 0 1 0.000348845 -0.00038176 0.317058 0 0 0 
0.680547 -0.74649 1090 -0.141009 0.0859905 200 15.4296 -13 1 1 0 1 0.000340779 -0.000373799 0.31202 0 0 0 
0.677031 -0.744329 1095 -0.140254 0.0868216 200 15.4484 -13 1 1 0 1 0.000332862 -0.000365949 0.307045 0 0 0 
0.673534 -0.742149 1100 -0.139513 0.0876341 200 15.4673 -13 1 1 0 1 0.000325144 -0.000358267 0.302176 0 0 0 
0.670056 -0.739948 1105 -0.138783 0.0884284 200 15.4861 -13 1 1 0 1 0.00031761 -0.00035074 0.297401 0 0 0 
0.666595 -0.737727 1110 -0.138067 0.089205 200 15.505 -13 1 1 0 1 0.000310218 -0.000343321 0.292686 0 0 0 
0.663152 -0.735488 1115 -0.137363 0.0899644 200 15.5239 -13 1 1 0 1 0.000303033 -0.000336087 0.288087 0 0 0 
0.659727 -0.733229 1120 -0.136671 0.0907068 200 15.5427 -13 1 1 0 1 0.000296001 -0.00032898 0.283562 0 0 0 
0.656319 -0.730953 1125 -0.135991 0.0914328 200 15.5616 -13 1 1 0 1 0.000289103 -0.000321978 0.279093 0 0 0 
0.652927 -0.728658 1130 -0.135323 0.0921427 200 15.5805 -13 1 1 0 1 0.000282418 -0.000315175 0.27475 0 0 0 
0.649552 -0.726346 1135 -0.134666 0.0928368 200 15.5993 -13 1 1 0 1 0.00027586 -0.000308473 0.270461 0 0 0 
0.646194 -0.724016 1140 -0.134022 0.0935157 200 15.6182 -13 1 1 0 1 0.000269444 -0.000301894 0.26624 0 0 0 
0.642851 -0.72167 1145 -0.133388 0.0941796 200 15.6371 -13 1 1 0 1 0.000263211 -0.000295483 0.262124 0 0 0 
0.639524 -0.719307 1150 -0.132766 0.094829 200 15.6559 -13 1 1 0 1 0.000257097 -0.000289171 0.258059 0 0 0 
0.636213 -0.716929 1155 -0.132154 0.0954641 200 15.6748 -13 1 1 0 1 0.000251133 -0.000282994 0.254073 0 0 0 
0.632916 -0.714534 1160 -0.131554 0.0960853 200 15.6936 -13 1 1 0 1 0.000245324 -0.00027696 0.250171 0 0 0 
0.629635 -0.712124 1165 -0.130964 0.0966929 200 15.7125 -13 1 1 0 1 0.000239626 -0.00027102 0.246317 0 0 0 
0.626368 -0.7097 1170 -0.130384 0.0972874 200 15.7314 -13 1 1 0 1 0.000234085 -0.000265227 0.242552 0 0 0 
0.623116 -0.70726 1175 -0.129815 0.0978688 200 15.7502 -13 1 1 0 1 0.000228673 -0.000259552 0.238853 0 0 0 
0.619877 -0.704806 1180 -0.129256 0.0984377 200 15.7691 -13 1 1 0 1 0.000223364 -0.000253967 0.2352 0 0 0 
0.616653 -0.702338 1185 -0.128706 0.0989943 200 15.788 -13 1 1 0 1 0.000218217 -0.000248539 0.231643 0 0 0 
0.613442 -0.699857 1190 -0.128167 0.0995389 200 15.8068 -13 1 1 0 1 0.000213175 -0.000243205 0.228136 0 0 0 
0.610244 -0.697362 1195 -0.127637 0.100072 200 15.8257 -13 1 1 0 1 0.000208238 -0.000237965 0.224679 0 0 0 
0.60706 -0.694853 1200 -0.127116 0.100593 200 15.8445 -13 1 1 0 1 0.000203451 -0.000232874 0.221312 0 0 0 
0.603889 -0.692332 1205 -0.126605 0.101103 200 15.8634 -13 1 1 0 1 0.000198756 -0.000227865 0.217986 0 0 0 
0.60073 -0.689798 1210 -0.126103 0.101603 200 15.8823 -13 1 1 0 1 0.000194171 -0.00022296 0.214718 0 0 0 
0.597583 -0.687252 1215 -0.125609 0.102092 200 15.9011 -13 1 1 0 1 0.000189713 -0.00021818 0.211525 0 0 0 
0.594449 -0.684694 1220 -0.125125 0.10257 200 15.92 -13 1 1 0 1 0.00018534 -0.000213477 0.20837 0 0 0 
0.591327 -0.682123 1225 -0.124649 0.103038 200 15.9389 -13 1 1 0 1 0.000181083 -0.000208888 0.205282 0 0 0 
0.588217 -0.679542 1230 -0.124181 0.103496 200 15.9577 -13 1 1 0 1 0.000176932 -0.000204402 0.202253 0 0 0 
0.585118 -0.676949 1235 -0.123722 0.103945 200 15.9766 -13 1 1 0 1 0.000172861 -0.00019999 0.19926 0 0 0 
0.58203 -0.674345 1240 -0.123271 0.104384 200 15.9954 -13 1 1 0 1 0.000168908 -0.000195698 0.19634 0 0 0 
0.578954 -0.67173 1245 -0.122828 0.104814 200 16.0143 -13 1 1 0 1 0.000165043 -0.00019149 0.193465 0 0 0 
0.575889 -0.669104 1250 -0.122393 0.105235 200 16.0332 -13 1 1 0 1 0.000161251 -0.000187352 0.190625 0 0 0 
0.572834 -0.666468 1255 -0.121966 0.105648 200 16.052 -13 1 1 0 1 0.000157582 -0.000183339 0.187864 0 0 0 
0.569791 -0.663822 1260 -0.121546 0.106051 200 16.0709 -13 1 1 0 1 0.000153982 -0.000179393 0.185135 0 0 0 
0.566757 -0.661165 1265 -0.121134 0.106447 200 16.0898 -13 1 1 0 1 0.000150462 -0.000175525 0.182449 0 0 0 
0.563734 -0.658499 1270 -0.120729 0.106834 200 16.1086 -13 1 1 0 1 0.000147044 -0.000171763 0.179827 0 0 0 
0.560721 -0.655824 1275 -0.120331 0.107213 200 16.1275 -13 1 1 0 1 0.000143692 -0.000168063 0.177237 0 0 0 
0.557717 -0.653139 1280 -0.11994 0.107584 200 16.1463 -13 1 1 0 1 0.000140423 -0.000164449 0.174695 0 0 0 
0.554724 -0.650445 1285 -0.119556 0.107948 200 16.1652 -13 1 1 0 1 0.00013724 -0.000160922 0.172205 0 0 0 
0.551739 -0.647741 1290 -0.119179 0.108304 200 16.1841 -13 1 1 0 1 0.000134118 -0.000157454 0.169745 0 0 0 
0.548765 -0.64503 1295 -0.118808 0.108653 200 16.2029 -13 1 1 0 1 0.000131082 -0.000154077 0.167339 0 0 0 
0.545799 -0.642309 1300 -0.118444 0.108995 200 16.2218 -13 1 1 0 1 0.000128117 -0.000150771 0.164974 0 0 0 
0.542842 -0.63958 1305 -0.118087 0.10933 200 16.2407 -13 1 1 0 1 0.000125209 -0.000147521 0.162637 0 0 0 
0.539895 -0.636842 1310 -0.117736 0.109659 200 16.2595 -13 1 1 0 1 0.000122389 -0.000144366 0.160359 0 0 0 
0.536955 -0.634097 1315 -0.11739 0.10998 200 16.2784 -13 1 1 0 1 0.000119626 -0.000141268 0.158111 0 0 0 
0.534025 -0.631343 1320 -0.117051 0.110296 200 16.2972 -13 1 1 0 1 0.000116921 -0.000138228 0.155894 0 0 0 
0.531103 -0.628582 1325 -0.116718 0.110604 200 16.3161 -13 1 1 0 1 0.000114297 -0.000135275 0.153733 0 0 0 
0.528189 -0.625813 1330 -0.116391 0.110907 200 16.335 -13 1 1 0 1 0.000111723 -0.000132373 0.151596 0 0 0 
0.525283 -0.623037 1335 -0.116069 0.111204 200 16.3538 -13 1 1 0 1 0.000109209 -0.000129532 0.149496 0 0 0 
0.522385 -0.620253 1340 -0.115753 0.111495 200 16.3727 -13 1 1 0 1 0.000106764 -0.000126766 0.14744 0 0 0 
0.519496 -0.617462 1345 -0.115443 0.11178 200 16.3916 -13 1 1 0 1 0.000104365 -0.000124046 0.145409 0 0 0 
0.516613 -0.614664 1350 -0.115138 0.112059 200 16.4104 -13 1 1 0 1 0.000102028 -0.000121393 0.143418 0 0 0 
0.513739 -0.611859 1355 -0.114838 0.112333 200 16.4293 -13 1 1 0 1 9.97487e-05 -0.0001188 0.141463 0 0 0 
0.510871 -0.609048 1360 -0.114543 0.112602 200 16.4481 -13 1 1 0 1 9.75123e-05 -0.000116252 0.139531 0 0 0 
0.508011 -0.606229 1365 -0.114254 0.112865 200 16.467 -13 1 1 0 1 9.53401e-05 -0.000113773 0.137643 0 0 0 
0.505159 -0.603404 1370 -0.113969 0.113123 200 16.4859 -13 1 1 0 1 9.32147e-05 -0.000111344 0.135783 0 0 0 
0.502313 -0.600573 1375 -0.11369 0.113377 200 16.5047 -13 1 1 0 1 9.11295e-05 -0.000108956 0.133945 0 0 0 
0.499474 -0.597736 1380 -0.113415 0.113625 200 16.5236 -13 1 1 0 1 8.91095e-05 -0.00010664 0.132154 0 0 0 
0.496642 -0.594892 1385 -0.113145 0.113869 200 16.5425 -13 1 1 0 1 8.71273e-05 -0.000104364 0.130384 0 0 0 
0.493817 -0.592042 1390 -0.11288 0.114107 200 16.5613 -13 1 1 0 1 8.51879e-05 -0.000102133 0.128639 0 0 0 
0.490998 -0.589187 1395 -0.112619 0.114342 200 16.5802 -13 1 1 0 1 8.33035e-05 -9.99623e-05 0.126934 0 0 0 
0.488186 -0.586325 1400 -0.112362 0.114571 200 16.599 -13 1 1 0 1 8.14543e-05 -9.78289e-05 0.125249 0 0 0 
0.48538 -0.583458 1405 -0.11211 0.114797 200 16.6179 -13 1 1 0 1 7.96499e-05 -9.57444e-05 0.123593 0 0 0 
0.48258 -0.580585 1410 -0.111863 0.115018 200 16.6368 -13 1 1 0 1 7.78915e-05 -9.37102e-05 0.121969 0 0 0 
0.479787 -0.577707 1415 -0.111619 0.115235 200 16.6556 -13 1 1 0 1 7.6166e-05 -9.17108e-05 0.120364 0 0 0 
0.476999 -0.574824 1420 -0.11138 0.115448 200 16.6745 -13 1 1 0 1 7.44868e-05 -8.97627e-05 0.118792 0 0 0 
0.474218 -0.571935 1425 -0.111144 0.115656 200 16.6934 -13 1 1 0 1 7.28455e-05 -8.7856e-05 0.117245 0 0 0 
0.471442 -0.569041 1430 -0.110913 0.115861 200 16.7122 -13 1 1 0 1 7.12349e-05 -8.59821e-05 0.115715 0 0 0 
0.468672 -0.566142 1435 -0.110686 0.116062 200 16.7311 -13 1 1 0 1 6.96716e-05 -8.41612e-05 0.114221 0 0 0 
0.465908 -0.563238 1440 -0.110462 0.11626 200 16.7499 -13 1 1 0 1 6.81392e-05 -8.23738e-05 0.112747 0 0 0 
0.463149 -0.560329 1445 -0.110242 0.116453 200 16.7688 -13 1 1 0 1 6.66375e-05 -8.06197e-05 0.111291 0 0 0 
0.460396 -0.557415 1450 -0.110026 0.116644 200 16.7877 -13 1 1 0 1 6.51795e-05 -7.89148e-05 0.109869 0 0 0 
0.457648 -0.554497 1455 -0.109814 0.11683 200 16.8065 -13 1 1 0 1 6.37484e-05 -7.72391e-05 0.108463 0 0 0 
0.454905 -0.551574 1460 -0.109605 0.117013 200 16.8254 -13 1 1 0 1 6.23496e-05 -7.55991e-05 0.107079 0 0 0 
0.452167 -0.548646 1465 -0.109399 0.117193 200 16.8443 -13 1 1 0 1 6.09876e-05 -7.40004e-05 0.105723 0 0 0 
0.449435 -0.545714 1470 -0.109197 0.117369 200 16.8631 -13 1 1 0 1 5.96507e-05 -7.24292e-05 0.104382 0 0 0 
0.446707 -0.542778 1475 -0.108998 0.117543 200 16.882 -13 1 1 0 1 5.83472e-05 -7.08956e-05 0.103066 0 0 0 
0.443985 -0.539837 1480 -0.108803 0.117713 200 16.9008 -13 1 1 0 1 5.70745e-05 -6.93963e-05 0.101772 0 0 0 
0.441267 -0.536892 1485 -0.108611 0.11788 200 16.9197 -13 1 1 0 1 5.58252e-05 -6.79228e-05 0.100493 0 0 0 
0.438554 -0.533943 1490 -0.108422 0.118044 200 16.9386 -13 1 1 0 1 5.46102e-05 -6.64883e-05 0.0992407 0 0 0 
0.435846 -0.53099 1495 -0.108236 0.118205 200 16.9574 -13 1 1 0 1 5.34205e-05 -6.5082e-05 0.0980058 0 0 0 
0.433143 -0.528033 1500 -0.108053 0.118363 200 16.9763 -13 1 1 0 1 5.22527e-05 -6.36999e-05 0.0967844 0 0 0 
0.430443 -0.525072 1505 -0.107873 0.118518 200 16.9952 -13 1 1 0 1 5.11197e-05 -6.23578e-05 0.0955926 0 0 0 
0.427749 -0.522107 1510 -0.107696 0.118671 200 17.014 -13 1 1 0 1 5.00073e-05 -6.10385e-05 0.0944136 0 0 0 
0.425059 -0.519138 1515 -0.107522 0.118821 200 17.0329 -13 1 1 0 1 4.89182e-05 -5.97454e-05 0.0932507 0 0 0 
0.422373 -0.516166 1520 -0.107351 0.118968 200 17.0517 -13 1 1 0 1 4.78585e-05 -5.84861e-05 0.0921125 0 0 0 
0.419691 -0.51319 1525 -0.107182 0.119112 200 17.0706 -13 1 1 0 1 4.68181e-05 -5.72482e-05 0.0909862 0 0 0 
0.417014 -0.51021 1530 -0.107017 0.119254 200 17.0895 -13 1 1 0 1 4.58019e-05 -5.6038e-05 0.0898788 0 0 0 
0.41434 -0.507227 1535 -0.106854 0.119394 200 17.1083 -13 1 1 0 1 4.48105e-05 -5.48561e-05 0.0887912 0 0 0 
0.411671 -0.504241 1540 -0.106693 0.119531 200 17.1272 -13 1 1 0 1 4.38371e-05 -5.36945e-05 0.087715 0 0 0 
0.409006 -0.501251 1545 -0.106536 0.119666 200 17.1461 -13 1 1 0 1 4.28887e-05 -5.25616e-05 0.0866598 0 0 0 
0.406344 -0.498257 1550 -0.10638 0.119798 200 17.1649 -13 1 1 0 1 4.19608e-05 -5.14522e-05 0.0856202 0 0 0 
0.403687 -0.495261 1555 -0.106228 0.119928 200 17.1838 -13 1 1 0 1 4.10499e-05 -5.03618e-05 0.0845915 0 0 0 
0.401033 -0.492261 1560 -0.106077 0.120056 200 17.2026 -13 1 1 0 1 4.01643e-05 -4.9301e-05 0.0835857 0 0 0 
0.398383 -0.489258 1565 -0.105929 0.120181 200 17.2215 -13 1 1 0 1 3.92957e-05 -4.82595e-05 0.0825917 0 0 0 
0.395736 -0.486252 1570 -0.105784 0.120305 200 17.2404 -13 1 1 0 1 3.8444e-05 -4.72371e-05 0.0816095 0 0 0 
0.393093 -0.483243 1575 -0.105641 0.120426 200 17.2592 -13 1 1 0 1 3.76157e-05 -4.62422e-05 0.0806489 0 0 0 
0.390454 -0.480231 1580 -0.1055 0.120545 200 17.2781 -13 1 1 0 1 3.68023e-05 -4.52642e-05 0.0796981 0 0 0 
0.387818 -0.477216 1585 -0.105361 0.120662 200 17.297 -13 1 1 0 1 3.60066e-05 -4.43066e-05 0.0787612 0 0 0 
0.385186 -0.474198 1590 -0.105224 0.120777 200 17.3158 -13 1 1 0 1 3.52308e-05 -4.33722e-05 0.0778421 0 0 0 
0.382557 -0.471177 1595 -0.10509 0.120891 200 17.3347 -13 1 1 0 1 3.4469e-05 -4.24537e-05 0.0769323 0 0 0 
0.379932 -0.468153 1600 -0.104958 0.121002 200 17.3535 -13 1 1 0 1 3.37253e-05 -4.15564e-05 0.0760383 0 0 0 
0.377309 -0.465127 1605 -0.104827 0.121111 200 17.3724 -13 1 1 0 1 3.29984e-05 -4.06786e-05 0.0751586 0 0 0 
0.37469 -0.462097 1610 -0.104699 0.121219 200 17.3913 -13 1 1 0 1 3.22845e-05 -3.98158e-05 0.0742877 0 0 0 
0.372074 -0.459066 1615 -0.104573 0.121325 200 17.4101 -13 1 1 0 1 3.15893e-05 -3.89749e-05 0.0734343 0 0 0 
0.369462 -0.456031 1620 -0.104449 0.121429 200 17.429 -13 1 1 0 1 3.0908e-05 -3.81501e-05 0.0725919 0 0 0 
0.366852 -0.452994 1625 -0.104326 0.121531 200 17.4479 -13 1 1 0 1 3.0239e-05 -3.73395e-05 0.0717581 0 0 0 
0.364245 -0.449955 1630 -0.104206 0.121632 200 17.4667 -13 1 1 0 1 2.95887e-05 -3.65511e-05 0.0709431 0 0 0 
0.361642 -0.446913 1635 -0.104088 0.121731 200 17.4856 -13 1 1 0 1 2.895e-05 -3.57761e-05 0.0701362 0 0 0 
0.359041 -0.443868 1640 -0.103971 0.121828 200 17.5044 -13 1 1 0 1 2.83242e-05 -3.50161e-05 0.0693397 0 0 0 
0.356443 -0.440821 1645 -0.103856 0.121924 200 17.5233 -13 1 1 0 1 2.77143e-05 -3.4275e-05 0.0685588 0 0 0 
0.353848 -0.437772 1650 -0.103743 0.122018 200 17.5422 -13 1 1 0 1 2.71154e-05 -3.35465e-05 0.0677857 0 0 0 
0.351256 -0.43472 1655 -0.103631 0.12211 200 17.561 -13 1 1 0 1 2.65298e-05 -3.28337e-05 0.0670246 0 0 0 
0.348666 -0.431667 1660 -0.103522 0.122201 200 17.5799 -13 1 1 0 1 2.59578e-05 -3.2137e-05 0.0662762 0 0 0 
0.34608 -0.42861 1665 -0.103414 0.122291 200 17.5988 -13 1 1 0 1 2.53959e-05 -3.14522e-05 0.0655351 0 0 0 
0.343496 -0.425552 1670 -0.103307 0.122379 200 17.6176 -13 1 1 0 1 2.48478e-05 -3.07835e-05 0.0648075 0 0 0 
0.340914 -0.422491 1675 -0.103202 0.122466 200 17.6365 -13 1 1 0 1 2.43111e-05 -3.01284e-05 0.0640899 0 0 0 
0.338336 -0.419429 1680 -0.103099 0.122551 200 17.6553 -13 1 1 0 1 2.37839e-05 -2.94845e-05 0.0633793 0 0 0 
0.335759 -0.416364 1685 -0.102998 0.122635 200 17.6742 -13 1 1 0 1 2.32706e-05 -2.8857e-05 0.0626835 0 0 0 
0.333186 -0.413297 1690 -0.102897 0.122718 200 17.6931 -13 1 1 0 1 2.27668e-05 -2.82409e-05 0.0619953 0 0 0 
0.330615 -0.410228 1695 -0.102799 0.122799 200 17.7119 -13 1 1 0 1 2.22726e-05 -2.76359e-05 0.0613147 0 0 0 
0.328046 -0.407157 1700 -0.102702 0.122879 200 17.7308 -13 1 1 0 1 2.17912e-05 -2.70464e-05 0.060648 0 0 0 
0.325479 -0.404084 1705 -0.102606 0.122958 200 17.7497 -13 1 1 0 1 2.13183e-05 -2.64668e-05 0.0599877 0 0 0 
0.322915 -0.401009 1710 -0.102512 0.123035 200 17.7685 -13 1 1 0 1 2.08553e-05 -2.58989e-05 0.0593364 0 0 0 
0.320354 -0.397932 1715 -0.102419 0.123111 200 17.7874 -13 1 1 0 1 2.04033e-05 -2.53442e-05 0.0586966 0 0 0 
0.317794 -0.394854 1720 -0.102328 0.123186 200 17.8062 -13 1 1 0 1 1.99592e-05 -2.47989e-05 0.0580628 0 0 0 
0.315237 -0.391773 1725 -0.102237 0.12326 200 17.8251 -13 1 1 0 1 1.95253e-05 -2.42657e-05 0.0574393 0 0 0 
0.312683 -0.388691 1730 -0.102149 0.123333 200 17.844 -13 1 1 0 1 1.91007e-05 -2.37437e-05 0.0568251 0 0 0 
0.31013 -0.385606 1735 -0.102061 0.123405 200 17.8628 -13 1 1 0 1 1.86836e-05 -2.32306e-05 0.0562166 0 0 0 
0.30758 -0.38252 1740 -0.101975 0.123475 200 17.8817 -13 1 1 0 1 1.82768e-05 -2.27298e-05 0.0556196 0 0 0 
0.305031 -0.379433 1745 -0.10189 0.123544 200 17.9006 -13 1 1 0 1 1.78779e-05 -2.22385e-05 0.0550297 0 0 0 
0.302485 -0.376343 1750 -0.101806 0.123613 200 17.9194 -13 1 1 0 1 1.7486e-05 -2.17556e-05 0.0544453 0 0 0 
0.299941 -0.373252 1755 -0.101724 0.12368 200 17.9383 -13 1 1 0 1 1.71045e-05 -2.12851e-05 0.0538734 0 0 0 
0.297399 -0.370159 1760 -0.101643 0.123746 200 17.9571 -13 1 1 0 1 1.67296e-05 -2.08226e-05 0.0533067 0 0 0 
0.294859 -0.367065 1765 -0.101563 0.123811 200 17.976 -13 1 1 0 1 1.63621e-05 -2.03689e-05 0.0527467 0 0 0 
0.292321 -0.363969 1770 -0.101484 0.123875 200 17.9949 -13 1 1 0 1 1.60035e-05 -1.9926e-05 0.0521971 0 0 0 
0.289785 -0.360871 1775 -0.101406 0.123939 200 18.0137 -13 1 1 0 1 1.56512e-05 -1.94905e-05 0.0516525 0 0 0 
0.28725 -0.357772 1780 -0.101329 0.124001 200 18.0326 -13 1 1 0 1 1.53063e-05 -1.90641e-05 0.0511158 0 0 0 
0.284718 -0.354671 1785 -0.101254 0.124062 200 18.0515 -13 1 1 0 1 1.49692e-05 -1.8647e-05 0.0505875 0 0 0 
0.282188 -0.351569 1790 -0.101179 0.124123 200 18.0703 -13 1 1 0 1 1.46379e-05 -1.82369e-05 0.050064 0 0 0 
0.279659 -0.348465 1795 -0.101106 0.124182 200 18.0892 -13 1 1 0 1 1.43143e-05 -1.78361e-05 0.0495493 0 0 0 
0.277132 -0.345359 1800 -0.101034 0.124241 200 18.108 -13 1 1 0 1 1.39972e-05 -1.74432e-05 0.0490413 0 0 0 
0.274607 -0.342253 1805 -0.100962 0.124298 200 18.1269 -13 1 1 0 1 1.36857e-05 -1.7057e-05 0.0485379 0 0 0 
0.272084 -0.339145 1810 -0.100892 0.124355 200 18.1458 -13 1 1 0 1 1.33819e-05 -1.66802e-05 0.0480443 0 0 0 
0.269563 -0.336035 1815 -0.100823 0.124411 200 18.1646 -13 1 1 0 1 1.30837e-05 -1.63101e-05 0.0475556 0 0 0 
0.267043 -0.332924 1820 -0.100755 0.124466 200 18.1835 -13 1 1 0 1 1.2791e-05 -1.59466e-05 0.0470721 0 0 0 
0.264525 -0.329812 1825 -0.100687 0.12452 200 18.2024 -13 1 1 0 1 1.25054e-05 -1.55919e-05 0.0465977 0 0 0 
0.262009 -0.326698 1830 -0.100621 0.124574 200 18.2212 -13 1 1 0 1 1.22249e-05 -1.52432e-05 0.0461276 0 0 0 
0.259494 -0.323583 1835 -0.100555 0.124627 200 18.2401 -13 1 1 0 1 1.195e-05 -1.49013e-05 0.0456635 0 0 0 
0.256981 -0.320467 1840 -0.100491 0.124679 200 18.2589 -13 1 1 0 1 1.16813e-05 -1.45671e-05 0.045207 0 0 0 
0.254469 -0.317349 1845 -0.100427 0.12473 200 18.2778 -13 1 1 0 1 1.14173e-05 -1.42385e-05 0.0447545 0 0 0 
0.25196 -0.31423 1850 -0.100364 0.12478 200 18.2967 -13 1 1 0 1 1.1159e-05 -1.39169e-05 0.0443089 0 0 0 
0.249451 -0.31111 1855 -0.100303 0.12483 200 18.3155 -13 1 1 0 1 1.09061e-05 -1.36019e-05 0.0438694 0 0 0 
0.246944 -0.307989 1860 -0.100242 0.124879 200 18.3344 -13 1 1 0 1 1.06577e-05 -1.32922e-05 0.0434338 0 0 0 
0.244439 -0.304866 1865 -0.100181 0.124927 200 18.3533 -13 1 1 0 1 1.0415e-05 -1.29897e-05 0.0430059 0 0 0 
0.241935 -0.301742 1870 -0.100122 0.124975 200 18.3721 -13 1 1 0 1 1.0177e-05 -1.26927e-05 0.0425827 0 0 0 
0.239433 -0.298617 1875 -0.100064 0.125022 200 18.391 -13 1 1 0 1 9.94308e-06 -1.24009e-05 0.0421632 0 0 0 
0.236932 -0.295491 1880 -0.100006 0.125068 200 18.4098 -13 1 1 0 1 9.71499e-06 -1.21161e-05 0.041752 0 0 0 
0.234433 -0.292364 1885 -0.099949 0.125113 200 18.4287 -13 1 1 0 1 9.49086e-06 -1.18362e-05 0.0413444 0 0 0 
0.231935 -0.289236 1890 -0.0998929 0.125158 200 18.4476 -13 1 1 0 1 9.27102e-06 -1.15615e-05 0.0409413 0 0 0 
0.229438 -0.286106 1895 -0.0998375 0.125202 200 18.4664 -13 1 1 0 1 9.05624e-06 -1.1293e-05 0.0405451 0 0 0 
0.226943 -0.282975 1900 -0.0997829 0.125246 200 18.4853 -13 1 1 0 1 8.84519e-06 -1.10291e-05 0.0401523 0 0 0 
0.224449 -0.279844 1905 -0.0997291 0.125289 200 18.5042 -13 1 1 0 1 8.63849e-06 -1.07705e-05 0.0397649 0 0 0 
0.221956 -0.276711 1910 -0.0996759 0.125331 200 18.523 -13 1 1 0 1 8.43619e-06 -1.05173e-05 0.039383 0 0 0 
0.219465 -0.273577 1915 -0.0996235 0.125373 200 18.5419 -13 1 1 0 1 8.23743e-06 -1.02685e-05 0.0390045 0 0 0 
0.216975 -0.270442 1920 -0.0995719 0.125414 200 18.5607 -13 1 1 0 1 8.04303e-06 -1.0025e-05 0.0386319 0 0 0 
0.214487 -0.267307 1925 -0.0995209 0.125455 200 18.5796 -13 1 1 0 1 7.85247e-06 -9.78624e-06 0.0382638 0 0 0 
0.211999 -0.26417 1930 -0.0994706 0.125495 200 18.5985 -13 1 1 0 1 7.66524e-06 -9.55157e-06 0.0378988 0 0 0 
0.209513 -0.261032 1935 -0.0994209 0.125534 200 18.6173 -13 1 1 0 1 7.48239e-06 -9.3223e-06 0.0375405 0 0 0 
0.207028 -0.257893 1940 -0.099372 0.125573 200 18.6362 -13 1 1 0 1 7.30286e-06 -9.0971e-06 0.0371855 0 0 0 
0.204544 -0.254753 1945 -0.0993237 0.125612 200 18.6551 -13 1 1 0 1 7.1266e-06 -8.87594e-06 0.036834 0 0 0 
0.202062 -0.251612 1950 -0.099276 0.12565 200 18.6739 -13 1 1 0 1 6.95443e-06 -8.65983e-06 0.0364887 0 0 0 
0.199581 -0.248471 1955 -0.099229 0.125687 200 18.6928 -13 1 1 0 1 6.78527e-06 -8.44742e-06 0.0361463 0 0 0 
0.1971 -0.245328 1960 -0.0991826 0.125724 200 18.7116 -13 1 1 0 1 6.61943e-06 -8.2391e-06 0.035808 0 0 0 
0.194621 -0.242184 1965 -0.0991368 0.12576 200 18.7305 -13 1 1 0 1 6.45718e-06 -8.03523e-06 0.0354749 0 0 0 
0.192144 -0.23904 1970 -0.0990916 0.125796 200 18.7494 -13 1 1 0 1 6.29777e-06 -7.83486e-06 0.0351446 0 0 0 
0.189667 -0.235895 1975 -0.099047 0.125831 200 18.7682 -13 1 1 0 1 6.14169e-06 -7.63862e-06 0.0348189 0 0 0 
0.187191 -0.232748 1980 -0.099003 0.125866 200 18.7871 -13 1 1 0 1 5.98877e-06 -7.44627e-06 0.0344974 0 0 0 
0.184717 -0.229601 1985 -0.0989596 0.1259 200 18.806 -13 1 1 0 1 5.83852e-06 -7.25724e-06 0.0341786 0 0 0 
0.182243 -0.226453 1990 -0.0989168 0.125934 200 18.8248 -13 1 1 0 1 5.69162e-06 -7.07235e-06 0.033865 0 0 0 
0.179771 -0.223305 1995 -0.0988745 0.125967 200 18.8437 -13 1 1 0 1 5.54747e-06 -6.89086e-06 0.0335547 0 0 0 
0.1773 -0.220155 2000 -0.0988328 0.126 200 18.8625 -13 1 1 0 1 5.40585e-06 -6.71252e-06 0.0332469 0 0 0 
0.174829 -0.217005 2005 -0.0987916 0.126033 200 18.8814 -13 1 1 0 1 5.26755e-06 -6.53828e-06 0.0329448 0 0 0 
0.17236 -0.213853 2010 -0.0987509 0.126065 200 18.9003 -13 1 1 0 1 5.13165e-06 -6.36704e-06 0.0326451 0 0 0 
0.169892 -0.210701 2015 -0.0987108 0.126097 200 18.9191 -13 1 1 0 1 4.99833e-06 -6.19899e-06 0.0323486 0 0 0 
0.167424 -0.207549 2020 -0.0986712 0.126128 200 18.938 -13 1 1 0 1 4.86792e-06 -6.03455e-06 0.0320569 0 0 0 
0.164958 -0.204395 2025 -0.0986321 0.126159 200 18.9569 -13 1 1 0 1 4.73981e-06 -5.87297e-06 0.0317674 0 0 0 
0.162493 -0.201241 2030 -0.0985935 0.126189 200 18.9757 -13 1 1 0 1 4.61427e-06 -5.71459e-06 0.0314817 0 0 0 
0.160028 -0.198086 2035 -0.0985554 0.126219 200 18.9946 -13 1 1 0 1 4.49131e-06 -5.55941e-06 0.0311998 0 0 0 
0.157565 -0.19493 2040 -0.0985178 0.126249 200 19.0134 -13 1 1 0 1 4.37051e-06 -5.40693e-06 0.0309202 0 0 0 
0.155103 -0.191773 2045 -0.0984807 0.126278 200 19.0323 -13 1 1 0 1 4.25228e-06 -5.25764e-06 0.0306447 0 0 0 
0.152641 -0.188616 2050 -0.098444 0.126307 200 19.0512 -13 1 1 0 1 4.13633e-06 -5.11119e-06 0.0303724 0 0 0 
0.15018 -0.185458 2055 -0.0984078 0.126335 200 19.07 -13 1 1 0 1 4.02243e-06 -4.96731e-06 0.0301022 0 0 0 
0.147721 -0.182299 2060 -0.0983721 0.126363 200 19.0889 -13 1 1 0 1 3.91106e-06 -4.82656e-06 0.0298366 0 0 0 
0.145262 -0.17914 2065 -0.0983369 0.126391 200 19.1078 -13 1 1 0 1 3.80172e-06 -4.68836e-06 0.0295733 0 0 0 
0.142804 -0.17598 2070 -0.098302 0.126418 200 19.1266 -13 1 1 0 1 3.69438e-06 -4.55265e-06 0.0293124 0 0 0 
0.140347 -0.172819 2075 -0.0982677 0.126445 200 19.1455 -13 1 1 0 1 3.5894e-06 -4.41988e-06 0.0290559 0 0 0 
0.13789 -0.169657 2080 -0.0982337 0.126472 200 19.1643 -13 1 1 0 1 3.48628e-06 -4.28945e-06 0.0288014 0 0 0 
0.135435 -0.166495 2085 -0.0982002 0.126498 200 19.1832 -13 1 1 0 1 3.38517e-06 -4.16151e-06 0.0285498 0 0 0 
0.13298 -0.163332 2090 -0.0981671 0.126524 200 19.2021 -13 1 1 0 1 3.28615e-06 -4.0362e-06 0.0283017 0 0 0 
0.130527 -0.160169 2095 -0.0981344 0.126549 200 19.2209 -13 1 1 0 1 3.1889e-06 -3.9131e-06 0.0280556 0 0 0 
0.128074 -0.157005 2100 -0.0981022 0.126575 200 19.2398 -13 1 1 0 1 3.09363e-06 -3.79247e-06 0.0278128 0 0 0 
0.125621 -0.15384 2105 -0.0980703 0.126599 200 19.2587 -13 1 1 0 1 3.00025e-06 -3.67421e-06 0.0275729 0 0 0 
0.12317 -0.150675 2110 -0.0980388 0.126624 200 19.2775 -13 1 1 0 1 2.90853e-06 -3.55803e-06 0.0273348 0 0 0 
0.12072 -0.147509 2115 -0.0980077 0.126648 200 19.2964 -13 1 1 0 1 2.81876e-06 -3.44429e-06 0.0271004 0 0 0 
0.11827 -0.144343 2120 -0.097977 0.126672 200 19.3152 -13 1 1 0 1 2.73067e-06 -3.33266e-06 0.0268683 0 0 0 
0.115821 -0.141176 2125 -0.0979467 0.126696 200 19.3341 -13 1 1 0 1 2.64417e-06 -3.22302e-06 0.026638 0 0 0 
0.113372 -0.138008 2130 -0.0979168 0.126719 200 19.353 -13 1 1 0 1 2.55959e-06 -3.11578e-06 0.0264116 0 0 0 
0.110925 -0.13484 2135 -0.0978872 0.126742 200 19.3718 -13 1 1 0 1 2.4765e-06 -3.01042e-06 0.026187 0 0 0 
0.108478 -0.131671 2140 -0.097858 0.126765 200 19.3907 -13 1 1 0 1 2.395e-06 -2.90705e-06 0.0259646 0 0 0 
0.106032 -0.128501 2145 -0.0978292 0.126788 200 19.4096 -13 1 1 0 1 2.3152e-06 -2.80582e-06 0.0257455 0 0 0 
0.103587 -0.125331 2150 -0.0978007 0.12681 200 19.4284 -13 1 1 0 1 2.23685e-06 -2.7064e-06 0.0255281 0 0 0 
0.101142 -0.122161 2155 -0.0977725 0.126832 200 19.4473 -13 1 1 0 1 2.16003e-06 -2.60892e-06 0.0253133 0 0 0 
0.0986979 -0.11899 2160 -0.0977447 0.126854 200 19.4661 -13 1 1 0 1 2.08477e-06 -2.51339e-06 0.0251012 0 0 0 
0.0962546 -0.115818 2165 -0.0977173 0.126875 200 19.485 -13 1 1 0 1 2.01087e-06 -2.41957e-06 0.0248908 0 0 0 
0.093812 -0.112646 2170 -0.0976901 0.126896 200 19.5039 -13 1 1 0 1 1.93847e-06 -2.32765e-06 0.0246832 0 0 0 
0.0913701 -0.109473 2175 -0.0976633 0.126917 200 19.5227 -13 1 1 0 1 1.86748e-06 -2.23749e-06 0.0244778 0 0 0 
0.0889289 -0.1063 2180 -0.0976368 0.126937 200 19.5416 -13 1 1 0 1 1.79779e-06 -2.14897e-06 0.024274 0 0 0 
0.0864883 -0.103126 2185 -0.0976107 0.126958 200 19.5605 -13 1 1 0 1 1.72956e-06 -2.06229e-06 0.0240734 0 0 0 
0.0840483 -0.0999523 2190 -0.0975848 0.126978 200 19.5793 -13 1 1 0 1 1.66261e-06 -1.97722e-06 0.0238745 0 0 0 
0.081609 -0.0967776 2195 -0.0975593 0.126998 200 19.5982 -13 1 1 0 1 1.59691e-06 -1.89372e-06 0.0236773 0 0 0 
0.0791704 -0.0936024 2200 -0.0975341 0.127017 200 19.617 -13 1 1 0 1 1.53258e-06 -1.81195e-06 0.0234832 0 0 0 
0.0767323 -0.0904267 2205 -0.0975092 0.127037 200 19.6359 -13 1 1 0 1 1.46943e-06 -1.73168e-06 0.0232905 0 0 0 
0.0742949 -0.0872505 2210 -0.0974846 0.127056 200 19.6548 -13 1 1 0 1 1.40751e-06 -1.65296e-06 0.0230998 0 0 0 
0.0718581 -0.0840739 2215 -0.0974602 0.127075 200 19.6736 -13 1 1 0 1 1.34685e-06 -1.57581e-06 0.0229117 0 0 0 
0.0694219 -0.0808968 2220 -0.0974362 0.127093 200 19.6925 -13 1 1 0 1 1.28731e-06 -1.50009e-06 0.022725 0 0 0 
0.0669863 -0.0777193 2225 -0.0974124 0.127112 200 19.7114 -13 1 1 0 1 1.22895e-06 -1.42586e-06 0.0225406 0 0 0 
0.0645513 -0.0745412 2230 -0.097389 0.12713 200 19.7302 -13 1 1 0 1 1.17175e-06 -1.35309e-06 0.0223583 0 0 0 
0.0621168 -0.0713628 2235 -0.0973658 0.127148 200 19.7491 -13 1 1 0 1 1.1156e-06 -1.28165e-06 0.0221774 0 0 0 
0.059683 -0.0681838 2240 -0.0973428 0.127166 200 19.7679 -13 1 1 0 1 1.06061e-06 -1.21167e-06 0.021999 0 0 0 
0.0572497 -0.0650045 2245 -0.0973202 0.127183 200 19.7868 -13 1 1 0 1 1.00667e-06 -1.14303e-06 0.0218223 0 0 0 
0.054817 -0.0618247 2250 -0.0972978 0.1272 200 19.8057 -13 1 1 0 1 9.53739e-07 -1.07566e-06 0.0216468 0 0 0 
0.0523848 -0.0586445 2255 -0.0972757 0.127218 200 19.8245 -13 1 1 0 1 9.01914e-07 -1.00969e-06 0.0214743 0 0 0 
0.0499532 -0.0554638 2260 -0.0972538 0.127234 200 19.8434 -13 1 1 0 1 8.51057e-07 -9.44942e-07 0.0213029 0 0 0 
0.0475221 -0.0522828 2265 -0.0972322 0.127251 200 19.8623 -13 1 1 0 1 8.01186e-07 -8.81447e-07 0.0211332 0 0 0 
0.0450916 -0.0491013 2270 -0.0972109 0.127268 200 19.8811 -13 1 1 0 1 7.52324e-07 -8.19224e-07 0.0209658 0 0 0 
0.0426616 -0.0459194 2275 -0.0971898 0.127284 200 19.9 -13 1 1 0 1 7.0439e-07 -7.5818e-07 0.0207997 0 0 0 
0.0402321 -0.0427371 2280 -0.0971689 0.1273 200 19.9188 -13 1 1 0 1 6.57401e-07 -6.98333e-07 0.0206353 0 0 0 
0.0378031 -0.0395544 2285 -0.0971483 0.127316 200 19.9377 -13 1 1 0 1 6.11343e-07 -6.39665e-07 0.020473 0 0 0 
0.0353747 -0.0363713 2290 -0.0971279 0.127332 200 19.9566 -13 1 1 0 1 5.6617e-07 -5.82121e-07 0.0203118 0 0 0 
0.0329467 -0.0331878 2295 -0.0971078 0.127347 200 19.9754 -13 1 1 0 1 5.21899e-07 -5.25718e-07 0.0201528 0 0 0 
0.0305193 -0.0300039 2300 -0.0970879 0.127363 200 19.9943 -13 1 1 0 1 4.78496e-07 -4.70416e-07 0.0199953 0 0 0 
0.0280923 -0.0268197 2305 -0.0970682 0.127378 200 20.0132 -13 1 1 0 1 4.35925e-07 -4.16176e-07 0.0198389 0 0 0 
0.0256658 -0.023635 2310 -0.0970488 0.127393 200 20.032 -13 1 1 0 1 3.94222e-07 -3.63029e-07 0.0196848 0 0 0 
0.0232399 -0.02045 2315 -0.0970295 0.127408 200 20.0509 -13 1 1 0 1 3.53324e-07 -3.10909e-07 0.019532 0 0 0 
0.0208144 -0.0172647 2320 -0.0970105 0.127422 200 20.0697 -13 1 1 0 1 3.13229e-07 -2.5981e-07 0.0193804 0 0 0 
0.0183893 -0.0140789 2325 -0.0969917 0.127437 200 20.0886 -13 1 1 0 1 2.73941e-07 -2.0973e-07 0.0192311 0 0 0 
0.0159648 -0.0108928 2330 -0.0969732 0.127451 200 20.1075 -13 1 1 0 1 2.35415e-07 -1.60624e-07 0.0190827 0 0 0 
0.0135407 -0.00770637 2335 -0.0969548 0.127465 200 20.1263 -13 1 1 0 1 1.97654e-07 -1.12491e-07 0.0189359 0 0 0 
0.011117 -0.00451957 2340 -0.0969366 0.127479 200 20.1452 -13 1 1 0 1 1.60646e-07 -6.53097e-08 0.0187909 0 0 0 
0.00869385 -0.00133242 2345 -0.0969187 0.127493 200 20.1641 -13 1 1 0 1 1.24368e-07 -1.90606e-08 0.0186469 0 0 0 
0.0062711 0.00185508 2350 -0.096901 0.127507 200 20.1829 -13 1 1 0 1 8.88117e-08 2.62717e-08 0.0185046 0 0 0 
0.0038488 0.00504291 2355 -0.0968834 0.12752 200 20.2018 -13 1 1 0 1 5.39618e-08 7.07037e-08 0.0183639 0 0 0 
0.00142693 0.00823108 2360 -0.0968661 0.127533 200 20.2206 -13 1 1 0 1 1.98069e-08 1.14254e-07 0.0182241 0 0 0 
-0.000994507 0.0114196 2365 -0.0968489 0.127547 200 20.2395 -13 1 1 0 1 -1.36672e-08 1.56936e-07 0.0180862 0 0 0 
-0.00341552 0.0146084 2370 -0.096832 0.12756 200 20.2584 -13 1 1 0 1 -4.64727e-08 1.98767e-07 0.0179494 0 0 0 
-0.00583611 0.0177976 2375 -0.0968152 0.127573 200 20.2772 -13 1 1 0 1 -7.86194e-08 2.39755e-07 0.0178137 0 0 0 
-0.00825628 0.020987 2380 -0.0967986 0.127585 200 20.2961 -13 1 1 0 1 -1.10127e-07 2.79938e-07 0.01768 0 0 0 
-0.010676 0.0241768 2385 -0.0967822 0.127598 200 20.315 -13 1 1 0 1 -1.41001e-07 3.19309e-07 0.0175472 0 0 0 
-0.0130954 0.0273669 2390 -0.096766 0.12761 200 20.3338 -13 1 1 0 1 -1.7125e-07 3.57881e-07 0.0174156 0 0 0 
-0.0155143 0.0305573 2395 -0.09675 0.127623 200 20.3527 -13 1 1 0 1 -2.00899e-07 3.95694e-07 0.0172857 0 0 0 
-0.0179329 0.033748 2400 -0.0967341 0.127635 200 20.3715 -13 1 1 0 1 -2.29941e-07 4.32727e-07 0.0171567 0 0 0 
-0.020351 0.0369391 2405 -0.0967184 0.127647 200 20.3904 -13 1 1 0 1 -2.58396e-07 4.69014e-07 0.0170291 0 0 0 
-0.0227688 0.0401304 2410 -0.0967029 0.127659 200 20.4093 -13 1 1 0 1 -2.86283e-07 5.04579e-07 0.0169029 0 0 0 
-0.0251862 0.043322 2415 -0.0966876 0.12767 200 20.4281 -13 1 1 0 1 -3.13593e-07 5.39402e-07 0.0167776 0 0 0 
-0.0276032 0.0465139 2420 -0.0966724 0.127682 200 20.447 -13 1 1 0 1 -3.40356e-07 5.73531e-07 0.0166538 0 0 0 
-0.0300198 0.0497061 2425 -0.0966575 0.127694 200 20.4659 -13 1 1 0 1 -3.66576e-07 6.06968e-07 0.0165311 0 0 0 
-0.0324361 0.0528986 2430 -0.0966426 0.127705 200 20.4847 -13 1 1 0 1 -3.92245e-07 6.39696e-07 0.0164093 0 0 0 
-0.034852 0.0560913 2435 -0.096628 0.127716 200 20.5036 -13 1 1 0 1 -4.17412e-07 6.7179e-07 0.0162892 0 0 0 
-0.0372675 0.0592844 2440 -0.0966135 0.127727 200 20.5224 -13 1 1 0 1 -4.42051e-07 7.03206e-07 0.01617 0 0 0 
-0.0396826 0.0624777 2445 -0.0965991 0.127738 200 20.5413 -13 1 1 0 1 -4.6617e-07 7.33954e-07 0.0160517 0 0 0 
-0.0420974 0.0656713 2450 -0.0965849 0.127749 200 20.5602 -13 1 1 0 1 -4.89818e-07 7.64109e-07 0.0159351 0 0 0 
-0.0445119 0.0688652 2455 -0.0965709 0.12776 200 20.579 -13 1 1 0 1 -5.12963e-07 7.93614e-07 0.0158192 0 0 0 
-0.046926 0.0720593 2460 -0.096557 0.12777 200 20.5979 -13 1 1 0 1 -5.35625e-07 8.22503e-07 0.0157044 0 0 0 
-0.0493397 0.0752537 2465 -0.0965433 0.127781 200 20.6168 -13 1 1 0 1 -5.57833e-07 8.50815e-07 0.015591 0 0 0 
-0.0517531 0.0784483 2470 -0.0965297 0.127791 200 20.6356 -13 1 1 0 1 -5.7956e-07 8.78508e-07 0.0154783 0 0 0 
-0.0541662 0.0816432 2475 -0.0965163 0.127802 200 20.6545 -13 1 1 0 1 -6.00843e-07 9.05634e-07 0.0153669 0 0 0 
-0.056579 0.0848384 2480 -0.096503 0.127812 200 20.6733 -13 1 1 0 1 -6.21687e-07 9.32201e-07 0.0152566 0 0 0 
-0.0589914 0.0880338 2485 -0.0964898 0.127822 200 20.6922 -13 1 1 0 1 -6.42072e-07 9.58175e-07 0.015147 0 0 0 
-0.0614034 0.0912295 2490 -0.0964768 0.127832 200 20.7111 -13 1 1 0 1 -6.62053e-07 9.83638e-07 0.0150389 0 0 0 
-0.0638152 0.0944254 2495 -0.096464 0.127842 200 20.7299 -13 1 1 0 1 -6.81603e-07 1.00855e-06 0.0149316 0 0 0 
-0.0662266 0.0976216 2500 -0.0964512 0.127851 200 20.7488 -13 1 1 0 1 -7.00717e-07 1.03289e-06 0.014825 0 0 0 
-0.0686378 0.100818 2505 -0.0964386 0.127861 200 20.7677 -13 1 1 0 1 -7.19464e-07 1.05678e-06 0.0147199 0 0 0 
-0.0710486 0.104015 2510 -0.0964262 0.12787 200 20.7865 -13 1 1 0 1 -7.37792e-07 1.08012e-06 0.0146156 0 0 0 
-0.0734591 0.107211 2515 -0.0964139 0.12788 200 20.8054 -13 1 1 0 1 -7.55716e-07 1.10295e-06 0.0145121 0 0 0 
-0.0758693 0.110409 2520 -0.0964017 0.127889 200 20.8242 -13 1 1 0 1 -7.73284e-07 1.12532e-06 0.0144099 0 0 0 
-0.0782792 0.113606 2525 -0.0963896 0.127898 200 20.8431 -13 1 1 0 1 -7.90448e-07 1.14717e-06 0.0143083 0 0 0 
-0.0806887 0.116804 2530 -0.0963777 0.127907 200 20.862 -13 1 1 0 1 -8.0725e-07 1.16856e-06 0.0142078 0 0 0 
-0.083098 0.120001 2535 -0.0963659 0.127916 200 20.8808 -13 1 1 0 1 -8.237e-07 1.1895e-06 0.0141083 0 0 0 
-0.085507 0.123199 2540 -0.0963542 0.127925 200 20.8997 -13 1 1 0 1 -8.39767e-07 1.20994e-06 0.0140095 0 0 0 
-0.0879158 0.126398 2545 -0.0963426 0.127934 200 20.9186 -13 1 1 0 1 -8.55502e-07 1.22997e-06 0.0139118 0 0 0 
-0.0903242 0.129596 2550 -0.0963312 0.127943 200 20.9374 -13 1 1 0 1 -8.70895e-07 1.24955e-06 0.013815 0 0 0 
-0.0927323 0.132795 2555 -0.0963199 0.127951 200 20.9563 -13 1 1 0 1 -8.85916e-07 1.26865e-06 0.0137188 0 0 0 
-0.0951402 0.135994 2560 -0.0963087 0.12796 200 20.9751 -13 1 1 0 1 -9.0065e-07 1.28739e-06 0.0136239 0 0 0 
-0.0975478 0.139193 2565 -0.0962976 0.127968 200 20.994 -13 1 1 0 1 -9.15035e-07 1.30568e-06 0.0135297 0 0 0 
-0.0999551 0.142392 2570 -0.0962867 0.127977 200 21.0129 -13 1 1 0 1 -9.29081e-07 1.32353e-06 0.0134361 0 0 0 
-0.102362 0.145592 2575 -0.0962758 0.127985 200 21.0317 -13 1 1 0 1 -9.42853e-07 1.34104e-06 0.0133438 0 0 0 
-0.104769 0.148791 2580 -0.0962651 0.127993 200 21.0506 -13 1 1 0 1 -9.56287e-07 1.35811e-06 0.013252 0 0 0 
-0.107175 0.151991 2585 -0.0962545 0.128001 200 21.0695 -13 1 1 0 1 -9.69414e-07 1.37478e-06 0.0131611 0 0 0 
-0.109582 0.155191 2590 -0.0962439 0.128009 200 21.0883 -13 1 1 0 1 -9.82269e-07 1.39111e-06 0.0130712 0 0 0 
-0.111988 0.158392 2595 -0.0962335 0.128017 200 21.1072 -13 1 1 0 1 -9.94801e-07 1.40702e-06 0.0129818 0 0 0 
-0.114393 0.161592 2600 -0.0962232 0.128025 200 21.1261 -13 1 1 0 1 -1.00706e-06 1.42258e-06 0.0128934 0 0 0 
-0.116799 0.164793 2605 -0.0962131 0.128033 200 21.1449 -13 1 1 0 1 -1.01905e-06 1.43779e-06 0.0128058 0 0 0 
-0.119204 0.167994 2610 -0.096203 0.12804 200 21.1638 -13 1 1 0 1 -1.03072e-06 1.45259e-06 0.0127188 0 0 0 
-0.121609 0.171195 2615 -0.096193 0.128048 200 21.1826 -13 1 1 0 1 -1.04216e-06 1.4671e-06 0.0126329 0 0 0 
-0.124014 0.174396 2620 -0.0961831 0.128056 200 21.2015 -13 1 1 0 1 -1.05332e-06 1.48125e-06 0.0125476 0 0 0 
-0.126418 0.177598 2625 -0.0961734 0.128063 200 21.2204 -13 1 1 0 1 -1.06419e-06 1.49502e-06 0.0124628 0 0 0 
-0.128822 0.180799 2630 -0.0961637 0.12807 200 21.2392 -13 1 1 0 1 -1.07485e-06 1.50853e-06 0.0123792 0 0 0 
-0.131226 0.184001 2635 -0.0961541 0.128078 200 21.2581 -13 1 1 0 1 -1.08523e-06 1.52167e-06 0.0122961 0 0 0 
-0.13363 0.187203 2640 -0.0961446 0.128085 200 21.277 -13 1 1 0 1 -1.09534e-06 1.53448e-06 0.0122136 0 0 0 
-0.136033 0.190405 2645 -0.0961353 0.128092 200 21.2958 -13 1 1 0 1 -1.10526e-06 1.54702e-06 0.0121322 0 0 0 
-0.138437 0.193608 2650 -0.096126 0.128099 200 21.3147 -13 1 1 0 1 -1.11489e-06 1.55921e-06 0.0120512 0 0 0 
-0.14084 0.19681 2655 -0.0961168 0.128106 200 21.3335 -13 1 1 0 1 -1.1243e-06 1.5711e-06 0.011971 0 0 0 
-0.143243 0.200013 2660 -0.0961077 0.128113 200 21.3524 -13 1 1 0 1 -1.13349e-06 1.58273e-06 0.0118916 0 0 0 
-0.145645 0.203216 2665 -0.0960987 0.12812 200 21.3713 -13 1 1 0 1 -1.14243e-06 1.59401e-06 0.0118127 0 0 0 
-0.148047 0.206419 2670 -0.0960898 0.128126 200 21.3901 -13 1 1 0 1 -1.15117e-06 1.60504e-06 0.0117347 0 0 0 
-0.15045 0.209622 2675 -0.096081 0.128133 200 21.409 -13 1 1 0 1 -1.15968e-06 1.61579e-06 0.0116573 0 0 0 
-0.152852 0.212826 2680 -0.0960723 0.12814 200 21.4279 -13 1 1 0 1 -1.16795e-06 1.62622e-06 0.0115804 0 0 0 
-0.155253 0.216029 2685 -0.0960636 0.128146 200 21.4467 -13 1 1 0 1 -1.17605e-06 1.63644e-06 0.0115045 0 0 0 
-0.157655 0.219233 2690 -0.0960551 0.128153 200 21.4656 -13 1 1 0 1 -1.18393e-06 1.64636e-06 0.011429 0 0 0 
-0.160056 0.222437 2695 -0.0960466 0.128159 200 21.4844 -13 1 1 0 1 -1.19157e-06 1.65598e-06 0.0113541 0 0 0 
-0.162457 0.225641 2700 -0.0960382 0.128166 200 21.5033 -13 1 1 0 1 -1.19907e-06 1.66542e-06 0.0112802 0 0 0 
-0.164858 0.228845 2705 -0.0960299 0.128172 200 21.5222 -13 1 1 0 1 -1.20633e-06 1.67456e-06 0.0112066 0 0 0 
-0.167259 0.23205 2710 -0.0960217 0.128178 200 21.541 -13 1 1 0 1 -1.2134e-06 1.68344e-06 0.0111337 0 0 0 
-0.169659 0.235254 2715 -0.0960136 0.128184 200 21.5599 -13 1 1 0 1 -1.22031e-06 1.69212e-06 0.0110616 0 0 0 
-0.172059 0.238459 2720 -0.0960055 0.12819 200 21.5788 -13 1 1 0 1 -1.22699e-06 1.70051e-06 0.0109899 0 0 0 
-0.174459 0.241664 2725 -0.0959976 0.128196 200 21.5976 -13 1 1 0 1 -1.23352e-06 1.70869e-06 0.0109189 0 0 0 
-0.176859 0.244869 2730 -0.0959897 0.128202 200 21.6165 -13 1 1 0 1 -1.23987e-06 1.71665e-06 0.0108485 0 0 0 
-0.179259 0.248074 2735 -0.0959819 0.128208 200 21.6353 -13 1 1 0 1 -1.246e-06 1.72433e-06 0.0107786 0 0 0 
-0.181658 0.251279 2740 -0.0959741 0.128214 200 21.6542 -13 1 1 0 1 -1.25201e-06 1.73185e-06 0.0107095 0 0 0 
-0.184057 0.254485 2745 -0.0959665 0.12822 200 21.6731 -13 1 1 0 1 -1.25783e-06 1.73912e-06 0.0106409 0 0 0 
-0.186457 0.25769 2750 -0.0959589 0.128226 200 21.6919 -13 1 1 0 1 -1.26345e-06 1.74614e-06 0.0105726 0 0 0 
-0.188855 0.260896 2755 -0.0959514 0.128231 200 21.7108 -13 1 1 0 1 -1.26897e-06 1.75303e-06 0.0105053 0 0 0 
-0.191254 0.264102 2760 -0.0959439 0.128237 200 21.7297 -13 1 1 0 1 -1.27429e-06 1.75966e-06 0.0104384 0 0 0 
-0.193653 0.267308 2765 -0.0959366 0.128243 200 21.7485 -13 1 1 0 1 -1.27944e-06 1.76606e-06 0.010372 0 0 0 
-0.196051 0.270514 2770 -0.0959293 0.128248 200 21.7674 -13 1 1 0 1 -1.28447e-06 1.77233e-06 0.0103063 0 0 0 
-0.198449 0.27372 2775 -0.0959221 0.128254 200 21.7862 -13 1 1 0 1 -1.28931e-06 1.77834e-06 0.010241 0 0 0 
-0.200847 0.276926 2780 -0.0959149 0.128259 200 21.8051 -13 1 1 0 1 -1.29402e-06 1.78418e-06 0.0101763 0 0 0 
-0.203245 0.280133 2785 -0.0959079 0.128264 200 21.824 -13 1 1 0 1 -1.29859e-06 1.78985e-06 0.0101122 0 0 0 
-0.205642 0.28334 2790 -0.0959009 0.12827 200 21.8428 -13 1 1 0 1 -1.30299e-06 1.79529e-06 0.0100484 0 0 0 
-0.20804 0.286547 2795 -0.0958939 0.128275 200 21.8617 -13 1 1 0 1 -1.30727e-06 1.80058e-06 0.0099854 0 0 0 
-0.210437 0.289753 2800 -0.0958871 0.12828 200 21.8806 -13 1 1 0 1 -1.31141e-06 1.80569e-06 0.00992286 0 0 0 
-0.212834 0.292961 2805 -0.0958803 0.128285 200 21.8994 -13 1 1 0 1 -1.31537e-06 1.81058e-06 0.00986067 0 0 0 
-0.215231 0.296168 2810 -0.0958735 0.12829 200 21.9183 -13 1 1 0 1 -1.31926e-06 1.81536e-06 0.00979923 0 0 0 
-0.217628 0.299375 2815 -0.0958669 0.128295 200 21.9371 -13 1 1 0 1 -1.32298e-06 1.81994e-06 0.00973818 0 0 0 
-0.220024 0.302582 2820 -0.0958603 0.1283 200 21.956 -13 1 1 0 1 -1.32656e-06 1.82431e-06 0.00967753 0 0 0 
-0.222421 0.30579 2825 -0.0958537 0.128305 200 21.9749 -13 1 1 0 1 -1.33006e-06 1.82859e-06 0.00961761 0 0 0 
-0.224817 0.308998 2830 -0.0958472 0.12831 200 21.9937 -13 1 1 0 1 -1.33339e-06 1.83267e-06 0.00955802 0 0 0 
-0.227213 0.312206 2835 -0.0958408 0.128315 200 22.0126 -13 1 1 0 1 -1.3366e-06 1.83658e-06 0.0094989 0 0 0 
-0.229609 0.315413 2840 -0.0958345 0.12832 200 22.0315 -13 1 1 0 1 -1.33973e-06 1.84038e-06 0.0094404 0 0 0 
-0.232005 0.318622 2845 -0.0958282 0.128324 200 22.0503 -13 1 1 0 1 -1.34269e-06 1.84397e-06 0.00938222 0 0 0 
-0.234401 0.32183 2850 -0.095822 0.128329 200 22.0692 -13 1 1 0 1 -1.34556e-06 1.84744e-06 0.0093246 0 0 0 
-0.236796 0.325038 2855 -0.0958158 0.128334 200 22.088 -13 1 1 0 1 -1.34832e-06 1.85078e-06 0.00926747 0 0 0 
-0.239191 0.328246 2860 -0.0958097 0.128338 200 22.1069 -13 1 1 0 1 -1.35094e-06 1.85392e-06 0.00921066 0 0 0 
-0.241587 0.331455 2865 -0.0958036 0.128343 200 22.1258 -13 1 1 0 1 -1.35349e-06 1.85697e-06 0.00915448 0 0 0 
-0.243982 0.334664 2870 -0.0957976 0.128348 200 22.1446 -13 1 1 0 1 -1.35591e-06 1.85987e-06 0.0090987 0 0 0 
-0.246376 0.337872 2875 -0.0957917 0.128352 200 22.1635 -13 1 1 0 1 -1.35819e-06 1.86258e-06 0.00904322 0 0 0 
-0.248771 0.341081 2880 -0.0957858 0.128356 200 22.1824 -13 1 1 0 1 -1.36043e-06 1.86524e-06 0.00898844 0 0 0 
-0.251166 0.34429 2885 -0.09578 0.128361 200 22.2012 -13 1 1 0 1 -1.36254e-06 1.86772e-06 0.00893395 0 0 0 
-0.25356 0.347499 2890 -0.0957742 0.128365 200 22.2201 -13 1 1 0 1 -1.36453e-06 1.87006e-06 0.00887985 0 0 0 
-0.255954 0.350708 2895 -0.0957685 0.128369 200 22.2389 -13 1 1 0 1 -1.36646e-06 1.87232e-06 0.00882634 0 0 0 
-0.258349 0.353918 2900 -0.0957629 0.128374 200 22.2578 -13 1 1 0 1 -1.36826e-06 1.87441e-06 0.00877312 0 0 0 
-0.260743 0.357127 2905 -0.0957573 0.128378 200 22.2767 -13 1 1 0 1 -1.36997e-06 1.87639e-06 0.00872036 0 0 0 
-0.263136 0.360337 2910 -0.0957517 0.128382 200 22.2955 -13 1 1 0 1 -1.37161e-06 1.87827e-06 0.00866808 0 0 0 
-0.26553 0.363546 2915 -0.0957462 0.128386 200 22.3144 -13 1 1 0 1 -1.37312e-06 1.87998e-06 0.00861609 0 0 0 
-0.267924 0.366756 2920 -0.0957408 0.12839 200 22.3333 -13 1 1 0 1 -1.37457e-06 1.88162e-06 0.00856462 0 0 0 
-0.270317 0.369966 2925 -0.0957354 0.128394 200 22.3521 -13 1 1 0 1 -1.37593e-06 1.88315e-06 0.00851354 0 0 0 
-0.272711 0.373176 2930 -0.09573 0.128399 200 22.371 -13 1 1 0 1 -1.37717e-06 1.88451e-06 0.00846274 0 0 0 
-0.275104 0.376386 2935 -0.0957247 0.128402 200 22.3898 -13 1 1 0 1 -1.37837e-06 1.88583e-06 0.00841253 0 0 0 
-0.277497 0.379596 2940 -0.0957195 0.128406 200 22.4087 -13 1 1 0 1 -1.37947e-06 1.88702e-06 0.00836262 0 0 0 
-0.27989 0.382806 2945 -0.0957143 0.12841 200 22.4276 -13 1 1 0 1 -1.38046e-06 1.88806e-06 0.00831302 0 0 0 
-0.282282 0.386016 2950 -0.0957091 0.128414 200 22.4464 -13 1 1 0 1 -1.38142e-06 1.88907e-06 0.00826398 0 0 0 
-0.284675 0.389227 2955 -0.095704 0.128418 200 22.4653 -13 1 1 0 1 -1.38227e-06 1.88993e-06 0.00821521 0 0 0 
-0.287068 0.392437 2960 -0.095699 0.128422 200 22.4842 -13 1 1 0 1 -1.38304e-06 1.89069e-06 0.0081668 0 0 0 
-0.28946 0.395648 2965 -0.095694 0.128426 200 22.503 -13 1 1 0 1 -1.38376e-06 1.89138e-06 0.00811888 0 0 0 
-0.291852 0.398858 2970 -0.095689 0.128429 200 22.5219 -13 1 1 0 1 -1.38437e-06 1.89194e-06 0.0080712 0 0 0 
-0.294245 0.402069 2975 -0.0956841 0.128433 200 22.5407 -13 1 1 0 1 -1.38493e-06 1.89243e-06 0.00802397 0 0 0 
-0.296637 0.40528 2980 -0.0956793 0.128437 200 22.5596 -13 1 1 0 1 -1.38542e-06 1.89283e-06 0.00797712 0 0 0 
-0.299029 0.408491 2985 -0.0956744 0.12844 200 22.5785 -13 1 1 0 1 -1.38581e-06 1.8931e-06 0.00793052 0 0 0 
-0.30142 0.411702 2990 -0.0956697 0.128444 200 22.5973 -13 1 1 0 1 -1.38616e-06 1.89333e-06 0.00788441 0 0 0 
-0.303812 0.414913 2995 -0.0956649 0.128448 200 22.6162 -13 1 1 0 1 -1.38644e-06 1.89345e-06 0.00783861 0 0 0 
-0.306204 0.418124 3000 -0.0956602 0.128451 200 22.6351 -13 1 1 0 1 -1.38662e-06 1.89344e-06 0.00779305 0 0 0 
-0.308595 0.421336 3005 -0.0956556 0.128455 200 22.6539 -13 1 1 0 1 -1.38679e-06 1.89343e-06 0.00774803 0 0 0 
-0.310986 0.424547 3010 -0.095651 0.128458 200 22.6728 -13 1 1 0 1 -1.38686e-06 1.89329e-06 0.00770325 0 0 0 
-0.313378 0.427759 3015 -0.0956464 0.128461 200 22.6916 -13 1 1 0 1 -1.38686e-06 1.89306e-06 0.00765877 0 0 0 
-0.315769 0.43097 3020 -0.0956419 0.128465 200 22.7105 -13 1 1 0 1 -1.38683e-06 1.89279e-06 0.00761476 0 0 0 
-0.31816 0.434182 3025 -0.0956375 0.128468 200 22.7294 -13 1 1 0 1 -1.38671e-06 1.8924e-06 0.00757097 0 0 0 
-0.320551 0.437394 3030 -0.095633 0.128472 200 22.7482 -13 1 1 0 1 -1.38654e-06 1.89195e-06 0.00752754 0 0 0 
-0.322941 0.440605 3035 -0.0956286 0.128475 200 22.7671 -13 1 1 0 1 -1.38633e-06 1.89144e-06 0.00748449 0 0 0 
-0.325332 0.443817 3040 -0.0956243 0.128478 200 22.786 -13 1 1 0 1 -1.38603e-06 1.89082e-06 0.00744167 0 0 0 
-0.327723 0.447029 3045 -0.09562 0.128481 200 22.8048 -13 1 1 0 1 -1.3857e-06 1.89016e-06 0.00739925 0 0 0 
-0.330113 0.450241 3050 -0.0956157 0.128485 200 22.8237 -13 1 1 0 1 -1.38531e-06 1.88943e-06 0.00735715 0 0 0 
-0.332503 0.453454 3055 -0.0956115 0.128488 200 22.8425 -13 1 1 0 1 -1.38484e-06 1.88858e-06 0.00731527 0 0 0 
-0.334894 0.456666 3060 -0.0956073 0.128491 200 22.8614 -13 1 1 0 1 -1.38436e-06 1.88773e-06 0.00727384 0 0 0 
-0.337284 0.459878 3065 -0.0956031 0.128494 200 22.8803 -13 1 1 0 1 -1.3838e-06 1.88678e-06 0.00723266 0 0 0 
-0.339674 0.463091 3070 -0.095599 0.128497 200 22.8991 -13 1 1 0 1 -1.38318e-06 1.88574e-06 0.00719172 0 0 0 
-0.342064 0.466303 3075 -0.0955949 0.1285 200 22.918 -13 1 1 0 1 -1.38255e-06 1.8847e-06 0.00715122 0 0 0 
-0.344453 0.469516 3080 -0.0955909 0.128503 200 22.9369 -13 1 1 0 1 -1.38184e-06 1.88354e-06 0.00711093 0 0 0 
-0.346843 0.472728 3085 -0.0955869 0.128506 200 22.9557 -13 1 1 0 1 -1.38107e-06 1.88233e-06 0.00707094 0 0 0 
-0.349233 0.475941 3090 -0.0955829 0.128509 200 22.9746 -13 1 1 0 1 -1.38029e-06 1.88109e-06 0.00703132 0 0 0 
-0.351622 0.479154 3095 -0.095579 0.128512 200 22.9934 -13 1 1 0 1 -1.37943e-06 1.87975e-06 0.0069919 0 0 0 
-0.354012 0.482366 3100 -0.0955751 0.128515 200 23.0123 -13 1 1 0 1 -1.37855e-06 1.87837e-06 0.00695282 0 0 0 
-0.356401 0.485579 3105 -0.0955712 0.128518 200 23.0312 -13 1 1 0 1 -1.37762e-06 1.87694e-06 0.00691405 0 0 0 
-0.35879 0.488792 3110 -0.0955674 0.128521 200 23.05 -13 1 1 0 1 -1.37662e-06 1.87542e-06 0.00687548 0 0 0 
-0.361179 0.492005 3115 -0.0955636 0.128524 200 23.0689 -13 1 1 0 1 -1.37562e-06 1.87389e-06 0.0068373 0 0 0 
-0.363568 0.495219 3120 -0.0955598 0.128527 200 23.0878 -13 1 1 0 1 -1.37456e-06 1.87229e-06 0.00679936 0 0 0 
-0.365957 0.498432 3125 -0.0955561 0.128529 200 23.1066 -13 1 1 0 1 -1.37343e-06 1.8706e-06 0.00676161 0 0 0 
-0.368346 0.501645 3130 -0.0955524 0.128532 200 23.1255 -13 1 1 0 1 -1.37231e-06 1.86893e-06 0.0067243 0 0 0 
-0.370735 0.504858 3135 -0.0955487 0.128535 200 23.1443 -13 1 1 0 1 -1.37112e-06 1.86717e-06 0.00668717 0 0 0 
-0.373124 0.508072 3140 -0.0955451 0.128538 200 23.1632 -13 1 1 0 1 -1.36989e-06 1.86534e-06 0.00665027 0 0 0 
-0.375512 0.511285 3145 -0.0955415 0.12854 200 23.1821 -13 1 1 0 1 -1.36865e-06 1.86351e-06 0.00661375 0 0 0 
-0.377901 0.514499 3150 -0.095538 0.128543 200 23.2009 -13 1 1 0 1 -1.36734e-06 1.86159e-06 0.00657741 0 0 0 
-0.380289 0.517712 3155 -0.0955344 0.128546 200 23.2198 -13 1 1 0 1 -1.36601e-06 1.85963e-06 0.00654135 0 0 0 
-0.382678 0.520926 3160 -0.0955309 0.128548 200 23.2387 -13 1 1 0 1 -1.36465e-06 1.85766e-06 0.00650559 0 0 0 
-0.385066 0.52414 3165 -0.0955275 0.128551 200 23.2575 -13 1 1 0 1 -1.36323e-06 1.85559e-06 0.00647001 0 0 0 
-0.387454 0.527354 3170 -0.095524 0.128553 200 23.2764 -13 1 1 0 1 -1.3618e-06 1.85352e-06 0.00643476 0 0 0 
-0.389842 0.530567 3175 -0.0955206 0.128556 200 23.2952 -13 1 1 0 1 -1.36034e-06 1.8514e-06 0.00639976 0 0 0 
-0.39223 0.533781 3180 -0.0955172 0.128558 200 23.3141 -13 1 1 0 1 -1.35882e-06 1.8492e-06 0.00636493 0 0 0 
-0.394618 0.536995 3185 -0.0955139 0.128561 200 23.333 -13 1 1 0 1 -1.3573e-06 1.84701e-06 0.00633046 0 0 0 
-0.397006 0.540209 3190 -0.0955106 0.128563 200 23.3518 -13 1 1 0 1 -1.35574e-06 1.84476e-06 0.00629619 0 0 0 
-0.399393 0.543424 3195 -0.0955073 0.128566 200 23.3707 -13 1 1 0 1 -1.35412e-06 1.84245e-06 0.00626211 0 0 0 
-0.401781 0.546638 3200 -0.095504 0.128568 200 23.3896 -13 1 1 0 1 -1.35251e-06 1.84014e-06 0.00622838 0 0 0 
-0.404169 0.549852 3205 -0.0955008 0.128571 200 23.4084 -13 1 1 0 1 -1.35085e-06 1.83777e-06 0.00619482 0 0 0 
-0.406556 0.553066 3210 -0.0954976 0.128573 200 23.4273 -13 1 1 0 1 -1.34916e-06 1.83535e-06 0.0061615 0 0 0 
-0.408943 0.556281 3215 -0.0954944 0.128576 200 23.4461 -13 1 1 0 1 -1.34746e-06 1.83293e-06 0.00612847 0 0 0 
-0.411331 0.559495 3220 -0.0954913 0.128578 200 23.465 -13 1 1 0 1 -1.34571e-06 1.83044e-06 0.0060956 0 0 0 
-0.413718 0.56271 3225 -0.0954882 0.12858 200 23.4839 -13 1 1 0 1 -1.34394e-06 1.82794e-06 0.00606301 0 0 0 
-0.416105 0.565924 3230 -0.0954851 0.128583 200 23.5027 -13 1 1 0 1 -1.34216e-06 1.82541e-06 0.00603067 0 0 0 
-0.418492 0.569139 3235 -0.095482 0.128585 200 23.5216 -13 1 1 0 1 -1.34032e-06 1.8228e-06 0.00599848 0 0 0 
-0.420879 0.572353 3240 -0.095479 0.128587 200 23.5405 -13 1 1 0 1 -1.33849e-06 1.82021e-06 0.0059666 0 0 0 
-0.423266 0.575568 3245 -0.095476 0.128589 200 23.5593 -13 1 1 0 1 -1.33663e-06 1.81758e-06 0.00593491 0 0 0 
-0.425653 0.578783 3250 -0.095473 0.128592 200 23.5782 -13 1 1 0 1 -1.33471e-06 1.81487e-06 0.00590338 0 0 0 
-0.42804 0.581998 3255 -0.09547 0.128594 200 23.597 -13 1 1 0 1 -1.33282e-06 1.8122e-06 0.0058722 0 0 0 
-0.430427 0.585212 3260 -0.0954671 0.128596 200 23.6159 -13 1 1 0 1 -1.33087e-06 1.80947e-06 0.00584116 0 0 0 
-0.432813 0.588427 3265 -0.0954642 0.128598 200 23.6348 -13 1 1 0 1 -1.3289e-06 1.80669e-06 0.00581031 0 0 0 
-0.4352 0.591642 3270 -0.0954613 0.1286 200 23.6536 -13 1 1 0 1 -1.32693e-06 1.80393e-06 0.00577976 0 0 0 
-0.437586 0.594857 3275 -0.0954585 0.128602 200 23.6725 -13 1 1 0 1 -1.32492e-06 1.8011e-06 0.00574935 0 0 0 
-0.439973 0.598072 3280 -0.0954556 0.128605 200 23.6914 -13 1 1 0 1 -1.32289e-06 1.79825e-06 0.00571918 0 0 0 
-0.442359 0.601288 3285 -0.0954528 0.128607 200 23.7102 -13 1 1 0 1 -1.32085e-06 1.7954e-06 0.00568924 0 0 0 
-0.444745 0.604503 3290 -0.0954501 0.128609 200 23.7291 -13 1 1 0 1 -1.31877e-06 1.79249e-06 0.00565945 0 0 0 
-0.447132 0.607718 3295 -0.0954473 0.128611 200 23.7479 -13 1 1 0 1 -1.31669e-06 1.78958e-06 0.00562992 0 0 0 
-0.449518 0.610933 3300 -0.0954446 0.128613 200 23.7668 -13 1 1 0 1 -1.31459e-06 1.78664e-06 0.00560059 0 0 0 
-0.451904 0.614149 3305 -0.0954419 0.128615 200 23.7857 -13 1 1 0 1 -1.31245e-06 1.78365e-06 0.00557139 0 0 0 
-0.45429 0.617364 3310 -0.0954392 0.128617 200 23.8045 -13 1 1 0 1 -1.31032e-06 1.78068e-06 0.00554249 0 0 0 
-0.456676 0.62058 3315 -0.0954365 0.128619 200 23.8234 -13 1 1 0 1 -1.30816e-06 1.77767e-06 0.00551375 0 0 0 
-0.459062 0.623795 3320 -0.0954339 0.128621 200 23.8423 -13 1 1 0 1 -1.30597e-06 1.77461e-06 0.00548516 0 0 0 
-0.461447 0.627011 3325 -0.0954313 0.128623 200 23.8611 -13 1 1 0 1 -1.30379e-06 1.77158e-06 0.00545685 0 0 0 
-0.463833 0.630226 3330 -0.0954287 0.128625 200 23.88 -13 1 1 0 1 -1.30157e-06 1.76849e-06 0.00542868 0 0 0 
-0.466219 0.633442 3335 -0.0954261 0.128627 200 23.8988 -13 1 1 0 1 -1.29934e-06 1.76539e-06 0.0054007 0 0 0 
-0.468604 0.636658 3340 -0.0954235 0.128629 200 23.9177 -13 1 1 0 1 -1.29711e-06 1.76229e-06 0.00537296 0 0 0 
-0.47099 0.639873 3345 -0.095421 0.12863 200 23.9366 -13 1 1 0 1 -1.29484e-06 1.75914e-06 0.00534534 0 0 0 
-0.473376 0.643089 3350 -0.0954185 0.128632 200 23.9554 -13 1 1 0 1 -1.29257e-06 1.75598e-06 0.00531795 0 0 0 
-0.475761 0.646305 3355 -0.095416 0.128634 200 23.9743 -13 1 1 0 1 -1.29029e-06 1.75282e-06 0.00529076 0 0 0 
-0.478146 0.649521 3360 -0.0954136 0.128636 200 23.9932 -13 1 1 0 1 -1.28798e-06 1.7496e-06 0.00526369 0 0 0 
-0.480532 0.652737 3365 -0.0954111 0.128638 200 24.012 -13 1 1 0 1 -1.28567e-06 1.74641e-06 0.00523687 0 0 0 
-0.482917 0.655953 3370 -0.0954087 0.12864 200 24.0309 -13 1 1 0 1 -1.28335e-06 1.74319e-06 0.00521021 0 0 0 
-0.485302 0.659169 3375 -0.0954063 0.128641 200 24.0497 -13 1 1 0 1 -1.28098e-06 1.73992e-06 0.00518368 0 0 0 
-0.487687 0.662385 3380 -0.0954039 0.128643 200 24.0686 -13 1 1 0 1 -1.27865e-06 1.73668e-06 0.00515742 0 0 0 
-0.490072 0.665601 3385 -0.0954016 0.128645 200 24.0875 -13 1 1 0 1 -1.27628e-06 1.7334e-06 0.00513128 0 0 0 
-0.492457 0.668817 3390 -0.0953992 0.128647 200 24.1063 -13 1 1 0 1 -1.27389e-06 1.7301e-06 0.0051053 0 0 0 
-0.494842 0.672033 3395 -0.0953969 0.128649 200 24.1252 -13 1 1 0 1 -1.27152e-06 1.72681e-06 0.00507955 0 0 0 
-0.497227 0.675249 3400 -0.0953946 0.12865 200 24.1441 -13 1 1 0 1 -1.26911e-06 1.72349e-06 0.00505392 0 0 0 
-0.499612 0.678466 3405 -0.0953923 0.128652 200 24.1629 -13 1 1 0 1 -1.26669e-06 1.72015e-06 0.00502848 0 0 0 
-0.501997 0.681682 3410 -0.0953901 0.128654 200 24.1818 -13 1 1 0 1 -1.26428e-06 1.71682e-06 0.00500323 0 0 0 
-0.504381 0.684898 3415 -0.0953878 0.128655 200 24.2006 -13 1 1 0 1 -1.26183e-06 1.71344e-06 0.0049781 0 0 0 
-0.506766 0.688115 3420 -0.0953856 0.128657 200 24.2195 -13 1 1 0 1 -1.2594e-06 1.71008e-06 0.00495318 0 0 0 
-0.509151 0.691331 3425 -0.0953834 0.128659 200 24.2384 -13 1 1 0 1 -1.25695e-06 1.7067e-06 0.00492843 0 0 0 
-0.511535 0.694548 3430 -0.0953812 0.12866 200 24.2572 -13 1 1 0 1 -1.25447e-06 1.70328e-06 0.00490378 0 0 0 
-0.51392 0.697764 3435 -0.095379 0.128662 200 24.2761 -13 1 1 0 1 -1.25201e-06 1.69989e-06 0.00487937 0 0 0 
-0.516304 0.700981 3440 -0.0953769 0.128663 200 24.295 -13 1 1 0 1 -1.24953e-06 1.69647e-06 0.00485509 0 0 0 
-0.518689 0.704197 3445 -0.0953748 0.128665 200 24.3138 -13 1 1 0 1 -1.24702e-06 1.69302e-06 0.00483093 0 0 0 
-0.521073 0.707414 3450 -0.0953727 0.128667 200 24.3327 -13 1 1 0 1 -1.24454e-06 1.6896e-06 0.00480701 0 0 0 
-0.523457 0.710631 3455 -0.0953706 0.128668 200 24.3515 -13 1 1 0 1 -1.24203e-06 1.68615e-06 0.00478319 0 0 0 
-0.525842 0.713847 3460 -0.0953685 0.12867 200 24.3704 -13 1 1 0 1 -1.23951e-06 1.68268e-06 0.00475953 0 0 0 
-0.528226 0.717064 3465 -0.0953664 0.128671 200 24.3893 -13 1 1 0 1 -1.237e-06 1.67923e-06 0.00473606 0 0 0 
-0.53061 0.720281 3470 -0.0953644 0.128673 200 24.4081 -13 1 1 0 1 -1.23447e-06 1.67574e-06 0.0047127 0 0 0 
-0.532994 0.723498 3475 -0.0953624 0.128674 200 24.427 -13 1 1 0 1 -1.23193e-06 1.67225e-06 0.00468951 0 0 0 
-0.535378 0.726715 3480 -0.0953603 0.128676 200 24.4459 -13 1 1 0 1 -1.2294e-06 1.66877e-06 0.00466649 0 0 0 
-0.537762 0.729932 3485 -0.0953584 0.128677 200 24.4647 -13 1 1 0 1 -1.22683e-06 1.66524e-06 0.00464357 0 0 0 
-0.540146 0.733149 3490 -0.0953564 0.128679 200 24.4836 -13 1 1 0 1 -1.22429e-06 1.66175e-06 0.00462085 0 0 0 
-0.54253 0.736366 3495 -0.0953544 0.12868 200 24.5024 -13 1 1 0 1 -1.22173e-06 1.65823e-06 0.00459826 0 0 0 
-0.544914 0.739583 3500 -0.0953525 0.128682 200 24.5213 -13 1 1 0 1 -1.21914e-06 1.65468e-06 0.00457578 0 0 0 
-0.547297 0.7428 3505 -0.0953506 0.128683 200 24.5402 -13 1 1 0 1 -1.21659e-06 1.65117e-06 0.00455352 0 0 0 
-0.549681 0.746017 3510 -0.0953487 0.128685 200 24.559 -13 1 1 0 1 -1.21401e-06 1.64763e-06 0.00453135 0 0 0 
-0.552065 0.749234 3515 -0.0953468 0.128686 200 24.5779 -13 1 1 0 1 -1.21142e-06 1.64407e-06 0.00450932 0 0 0 
-0.554448 0.752451 3520 -0.0953449 0.128687 200 24.5968 -13 1 1 0 1 -1.20884e-06 1.64054e-06 0.00448747 0 0 0 
-0.556832 0.755668 3525 -0.095343 0.128689 200 24.6156 -13 1 1 0 1 -1.20624e-06 1.63697e-06 0.00446573 0 0 0 
-0.559216 0.758886 3530 -0.0953412 0.12869 200 24.6345 -13 1 1 0 1 -1.20364e-06 1.63341e-06 0.00444413 0 0 0 
-0.561599 0.762103 3535 -0.0953393 0.128691 200 24.6533 -13 1 1 0 1 -1.20105e-06 1.62985e-06 0.00442269 0 0 0 
-0.563983 0.76532 3540 -0.0953375 0.128693 200 24.6722 -13 1 1 0 1 -1.19843e-06 1.62627e-06 0.00440135 0 0 0 
-0.566366 0.768537 3545 -0.0953357 0.128694 200 24.6911 -13 1 1 0 1 -1.19583e-06 1.6227e-06 0.00438018 0 0 0 
-0.568749 0.771755 3550 -0.0953339 0.128696 200 24.7099 -13 1 1 0 1 -1.19322e-06 1.61912e-06 0.00435914 0 0 0 
-0.571133 0.774972 3555 -0.0953322 0.128697 200 24.7288 -13 1 1 0 1 -1.19059e-06 1.61552e-06 0.0043382 0 0 0 
-0.573516 0.77819 3560 -0.0953304 0.128698 200 24.7477 -13 1 1 0 1 -1.18798e-06 1.61194e-06 0.00431745 0 0 0 
-0.575899 0.781407 3565 -0.0953287 0.128699 200 24.7665 -13 1 1 0 1 -1.18536e-06 1.60835e-06 0.0042968 0 0 0 
-0.578282 0.784625 3570 -0.095327 0.128701 200 24.7854 -13 1 1 0 1 -1.18272e-06 1.60474e-06 0.00427625 0 0 0 
-0.580666 0.787842 3575 -0.0953252 0.128702 200 24.8042 -13 1 1 0 1 -1.18011e-06 1.60116e-06 0.0042559 0 0 0 
-0.583049 0.79106 3580 -0.0953235 0.128703 200 24.8231 -13 1 1 0 1 -1.17747e-06 1.59755e-06 0.00423563 0 0 0 
-0.585432 0.794277 3585 -0.0953219 0.128705 200 24.842 -13 1 1 0 1 -1.17483e-06 1.59394e-06 0.00421548 0 0 0 
-0.587815 0.797495 3590 -0.0953202 0.128706 200 24.8608 -13 1 1 0 1 -1.17221e-06 1.59034e-06 0.0041955 0 0 0 
-0.590198 0.800713 3595 -0.0953185 0.128707 200 24.8797 -13 1 1 0 1 -1.16956e-06 1.58672e-06 0.0041756 0 0 0 
-0.592581 0.80393 3600 -0.0953169 0.128708 200 24.8986 -13 1 1 0 1 -1.16692e-06 1.58311e-06 0.00415585 0 0 0 
-0.594964 0.807148 3605 -0.0953153 0.128709 200 24.9174 -13 1 1 0 1 -1.16429e-06 1.57951e-06 0.00413624 0 0 0 
-0.597346 0.810366 3610 -0.0953136 0.128711 200 24.9363 -13 1 1 0 1 -1.16163e-06 1.57588e-06 0.0041167 0 0 0 
-0.599729 0.813584 3615 -0.095312 0.128712 200 24.9551 -13 1 1 0 1 -1.15899e-06 1.57227e-06 0.00409733 0 0 0 
-0.602112 0.816801 3620 -0.0953105 0.128713 200 24.974 -13 1 1 0 1 -1.15635e-06 1.56866e-06 0.00407807 0 0 0 
-0.604495 0.820019 3625 -0.0953089 0.128714 200 24.9929 -13 1 1 0 1 -1.15369e-06 1.56502e-06 0.00405889 0 0 0 
-0.606877 0.823237 3630 -0.0953073 0.128715 200 25.0117 -13 1 1 0 1 -1.15105e-06 1.56142e-06 0.0040399 0 0 0 
-0.60926 0.826455 3635 -0.0953058 0.128717 200 25.0306 -13 1 1 0 1 -1.1484e-06 1.55779e-06 0.00402099 0 0 0 
-0.611643 0.829673 3640 -0.0953042 0.128718 200 25.0495 -13 1 1 0 1 -1.14574e-06 1.55416e-06 0.00400218 0 0 0 
-0.614025 0.832891 3645 -0.0953027 0.128719 200 25.0683 -13 1 1 0 1 -1.1431e-06 1.55056e-06 0.00398353 0 0 0 
-0.616408 0.836109 3650 -0.0953012 0.12872 200 25.0872 -13 1 1 0 1 -1.14045e-06 1.54693e-06 0.00396496 0 0 0 
-0.61879 0.839327 3655 -0.0952997 0.128721 200 25.106 -13 1 1 0 1 -1.13779e-06 1.5433e-06 0.00394651 0 0 0 
-0.621173 0.842545 3660 -0.0952982 0.128722 200 25.1249 -13 1 1 0 1 -1.13515e-06 1.53969e-06 0.0039282 0 0 0 
-0.623555 0.845763 3665 -0.0952967 0.128723 200 25.1438 -13 1 1 0 1 -1.13249e-06 1.53606e-06 0.00390996 0 0 0 
-0.625938 0.848981 3670 -0.0952953 0.128724 200 25.1626 -13 1 1 0 1 -1.12984e-06 1.53245e-06 0.00389186 0 0 0 
-0.62832 0.852199 3675 -0.0952938 0.128725 200 25.1815 -13 1 1 0 1 -1.1272e-06 1.52883e-06 0.00387387 0 0 0 
-0.630702 0.855417 3680 -0.0952924 0.128727 200 25.2004 -13 1 1 0 1 -1.12453e-06 1.5252e-06 0.00385596 0 0 0 
-0.633085 0.858636 3685 -0.0952909 0.128728 200 25.2192 -13 1 1 0 1 -1.12189e-06 1.52159e-06 0.00383821 0 0 0 
-0.635467 0.861854 3690 -0.0952895 0.128729 200 25.2381 -13 1 1 0 1 -1.11924e-06 1.51798e-06 0.00382054 0 0 0 
-0.637849 0.865072 3695 -0.0952881 0.12873 200 25.2569 -13 1 1 0 1 -1.11658e-06 1.51435e-06 0.00380296 0 0 0 
-0.640231 0.86829 3700 -0.0952867 0.128731 200 25.2758 -13 1 1 0 1 -1.11395e-06 1.51075e-06 0.00378554 0 0 0 
-0.642614 0.871508 3705 -0.0952853 0.128732 200 25.2947 -13 1 1 0 1 -1.1113e-06 1.50713e-06 0.00376818 0 0 0 
-0.644996 0.874727 3710 -0.095284 0.128733 200 25.3135 -13 1 1 0 1 -1.10864e-06 1.50352e-06 0.00375093 0 0 0 
-0.647378 0.877945 3715 -0.0952826 0.128734 200 25.3324 -13 1 1 0 1 -1.10601e-06 1.49992e-06 0.00373381 0 0 0 
-0.64976 0.881163 3720 -0.0952813 0.128735 200 25.3513 -13 1 1 0 1 -1.10336e-06 1.4963e-06 0.00371676 0 0 0 
-0.652142 0.884382 3725 -0.0952799 0.128736 200 25.3701 -13 1 1 0 1 -1.10072e-06 1.4927e-06 0.00369984 0 0 0 
-0.654524 0.8876 3730 -0.0952786 0.128737 200 25.389 -13 1 1 0 1 -1.09808e-06 1.48911e-06 0.00368302 0 0 0 
-0.656906 0.890819 3735 -0.0952773 0.128738 200 25.4078 -13 1 1 0 1 -1.09543e-06 1.48549e-06 0.00366627 0 0 0 
-0.659288 0.894037 3740 -0.095276 0.128739 200 25.4267 -13 1 1 0 1 -1.0928e-06 1.48191e-06 0.00364966 0 0 0 
-0.66167 0.897256 3745 -0.0952747 0.12874 200 25.4456 -13 1 1 0 1 -1.09016e-06 1.47831e-06 0.00363314 0 0 0 
-0.664051 0.900474 3750 -0.0952734 0.128741 200 25.4644 -13 1 1 0 1 -1.08752e-06 1.47471e-06 0.00361669 0 0 0 
-0.666433 0.903693 3755 -0.0952721 0.128742 200 25.4833 -13 1 1 0 1 -1.0849e-06 1.47114e-06 0.00360039 0 0 0 
-0.668815 0.906911 3760 -0.0952709 0.128743 200 25.5022 -13 1 1 0 1 -1.08226e-06 1.46755e-06 0.00358415 0 0 0 
-0.671197 0.91013 3765 -0.0952696 0.128743 200 25.521 -13 1 1 0 1 -1.07963e-06 1.46395e-06 0.003568 0 0 0 
-0.673578 0.913348 3770 -0.0952684 0.128744 200 25.5399 -13 1 1 0 1 -1.07701e-06 1.46039e-06 0.00355199 0 0 0 
-0.67596 0.916567 3775 -0.0952671 0.128745 200 25.5587 -13 1 1 0 1 -1.07438e-06 1.45681e-06 0.00353603 0 0 0 
-0.678342 0.919786 3780 -0.0952659 0.128746 200 25.5776 -13 1 1 0 1 -1.07176e-06 1.45323e-06 0.00352018 0 0 0 
-0.680723 0.923004 3785 -0.0952647 0.128747 200 25.5965 -13 1 1 0 1 -1.06915e-06 1.44967e-06 0.00350444 0 0 0 
-0.683105 0.926223 3790 -0.0952635 0.128748 200 25.6153 -13 1 1 0 1 -1.06652e-06 1.4461e-06 0.00348877 0 0 0 
-0.685487 0.929442 3795 -0.0952623 0.128749 200 25.6342 -13 1 1 0 1 -1.06391e-06 1.44254e-06 0.00347321 0 0 0 
-0.687868 0.93266 3800 -0.0952611 0.12875 200 25.6531 -13 1 1 0 1 -1.0613e-06 1.43899e-06 0.00345774 0 0 0 
-0.69025 0.935879 3805 -0.0952599 0.128751 200 25.6719 -13 1 1 0 1 -1.05868e-06 1.43542e-06 0.00344234 0 0 0 
-0.692631 0.939098 3810 -0.0952588 0.128752 200 25.6908 -13 1 1 0 1 -1.05609e-06 1.43189e-06 0.00342706 0 0 0 
-0.695013 0.942317 3815 -0.0952576 0.128752 200 25.7096 -13 1 1 0 1 -1.05348e-06 1.42834e-06 0.00341186 0 0 0 
-0.697394 0.945536 3820 -0.0952565 0.128753 200 25.7285 -13 1 1 0 1 -1.05087e-06 1.42479e-06 0.00339673 0 0 0 
-0.699775 0.948754 3825 -0.0952553 0.128754 200 25.7474 -13 1 1 0 1 -1.04829e-06 1.42127e-06 0.00338173 0 0 0 
-0.702157 0.951973 3830 -0.0952542 0.128755 200 25.7662 -13 1 1 0 1 -1.04569e-06 1.41773e-06 0.00336678 0 0 0 
-0.704538 0.955192 3835 -0.0952531 0.128756 200 25.7851 -13 1 1 0 1 -1.04309e-06 1.4142e-06 0.00335193 0 0 0 
-0.706919 0.958411 3840 -0.095252 0.128757 200 25.804 -13 1 1 0 1 -1.04051e-06 1.41068e-06 0.00333718 0 0 0 
-0.709301 0.96163 3845 -0.0952509 0.128757 200 25.8228 -13 1 1 0 1 -1.03792e-06 1.40716e-06 0.00332249 0 0 0 
-0.711682 0.964849 3850 -0.0952498 0.128758 200 25.8417 -13 1 1 0 1 -1.03534e-06 1.40365e-06 0.0033079 0 0 0 
-0.714063 0.968068 3855 -0.0952487 0.128759 200 25.8605 -13 1 1 0 1 -1.03277e-06 1.40015e-06 0.00329341 0 0 0 
-0.716444 0.971287 3860 -0.0952476 0.12876 200 25.8794 -13 1 1 0 1 -1.03019e-06 1.39663e-06 0.00327897 0 0 0 
-0.718826 0.974506 3865 -0.0952466 0.128761 200 25.8983 -13 1 1 0 1 -1.02762e-06 1.39314e-06 0.00326464 0 0 0 
-0.721207 0.977725 3870 -0.0952455 0.128761 200 25.9171 -13 1 1 0 1 -1.02506e-06 1.38965e-06 0.00325039 0 0 0 
-0.723588 0.980944 3875 -0.0952444 0.128762 200 25.936 -13 1 1 0 1 -1.02248e-06 1.38615e-06 0.00323619 0 0 0 
-0.725969 0.984163 3880 -0.0952434 0.128763 200 25.9549 -13 1 1 0 1 -1.01993e-06 1.38268e-06 0.00322213 0 0 0 
-0.72835 0.987382 3885 -0.0952424 0.128764 200 25.9737 -13 1 1 0 1 -1.01738e-06 1.3792e-06 0.00320812 0 0 0 
-0.730731 0.990601 3890 -0.0952413 0.128764 200 25.9926 -13 1 1 0 1 -1.01482e-06 1.37572e-06 0.00319418 0 0 0 
-0.733112 0.99382 3895 -0.0952403 0.128765 200 26.0114 -13 1 1 0 1 -1.01228e-06 1.37226e-06 0.00318034 0 0 0 
-0.735493 0.99704 3900 -0.0952393 0.128766 200 26.0303 -13 1 1 0 1 -1.00973e-06 1.3688e-06 0.00316657 0 0 0 
-0.737874 1.00026 3905 -0.0952383 0.128767 200 26.0492 -13 1 1 0 1 -1.00719e-06 1.36534e-06 0.00315288 0 0 0 
-0.740255 1.00348 3910 -0.0952373 0.128767 200 26.068 -13 1 1 0 1 -1.00466e-06 1.3619e-06 0.00313928 0 0 0 
-0.742636 1.0067 3915 -0.0952363 0.128768 200 26.0869 -13 1 1 0 1 -1.00212e-06 1.35844e-06 0.00312573 0 0 0 
-0.745017 1.00992 3920 -0.0952354 0.128769 200 26.1058 -13 1 1 0 1 -9.99593e-07 1.35501e-06 0.00311228 0 0 0 
-0.747398 1.01314 3925 -0.0952344 0.12877 200 26.1246 -13 1 1 0 1 -9.97072e-07 1.35158e-06 0.00309891 0 0 0 
-0.749779 1.01635 3930 -0.0952334 0.12877 200 26.1435 -13 1 1 0 1 -9.94542e-07 1.34814e-06 0.00308559 0 0 0 
-0.752159 1.01957 3935 -0.0952325 0.128771 200 26.1623 -13 1 1 0 1 -9.92035e-07 1.34473e-06 0.00307238 0 0 0 
-0.75454 1.02279 3940 -0.0952315 0.128772 200 26.1812 -13 1 1 0 1 -9.89523e-07 1.34132e-06 0.00305922 0 0 0 
-0.756921 1.02601 3945 -0.0952306 0.128772 200 26.2001 -13 1 1 0 1 -9.87007e-07 1.3379e-06 0.00304613 0 0 0 
-0.759302 1.02923 3950 -0.0952297 0.128773 200 26.2189 -13 1 1 0 1 -9.84514e-07 1.33451e-06 0.00303315 0 0 0 
-0.761682 1.03245 3955 -0.0952288 0.128774 200 26.2378 -13 1 1 0 1 -9.82013e-07 1.33111e-06 0.00302021 0 0 0 
-0.764063 1.03567 3960 -0.0952278 0.128775 200 26.2567 -13 1 1 0 1 -9.79515e-07 1.32771e-06 0.00300735 0 0 0 
-0.766444 1.03889 3965 -0.0952269 0.128775 200 26.2755 -13 1 1 0 1 -9.77033e-07 1.32434e-06 0.00299458 0 0 0 
-0.768825 1.04211 3970 -0.095226 0.128776 200 26.2944 -13 1 1 0 1 -9.74542e-07 1.32095e-06 0.00298185 0 0 0 
-0.771205 1.04533 3975 -0.0952251 0.128777 200 26.3132 -13 1 1 0 1 -9.72063e-07 1.31758e-06 0.00296922 0 0 0 
-0.773586 1.04855 3980 -0.0952242 0.128777 200 26.3321 -13 1 1 0 1 -9.69591e-07 1.31422e-06 0.00295666 0 0 0 
-0.775966 1.05177 3985 -0.0952234 0.128778 200 26.351 -13 1 1 0 1 -9.67112e-07 1.31085e-06 0.00294414 0 0 0 
-0.778347 1.05499 3990 -0.0952225 0.128779 200 26.3698 -13 1 1 0 1 -9.64652e-07 1.30751e-06 0.00293172 0 0 0 
-0.780727 1.05821 3995 -0.0952216 0.128779 200 26.3887 -13 1 1 0 1 -9.62191e-07 1.30416e-06 0.00291937 0 0 0 
-0.783108 1.06143 4000 -0.0952208 0.12878 200 26.4076 -13 1 1 0 1 -9.59723e-07 1.30081e-06 0.00290706 0 0 0 
-0.785489 1.06465 4005 -0.0952199 0.12878 200 26.4264 -13 1 1 0 1 -9.57281e-07 1.29749e-06 0.00289486 0 0 0 
-0.787869 1.06787 4010 -0.0952191 0.128781 200 26.4453 -13 1 1 0 1 -9.54832e-07 1.29416e-06 0.0028827 0 0 0 
-0.790249 1.07108 4015 -0.0952182 0.128782 200 26.4641 -13 1 1 0 1 -9.52384e-07 1.29084e-06 0.0028706 0 0 0 
-0.79263 1.0743 4020 -0.0952174 0.128782 200 26.483 -13 1 1 0 1 -9.49953e-07 1.28754e-06 0.0028586 0 0 0 
-0.79501 1.07752 4025 -0.0952166 0.128783 200 26.5019 -13 1 1 0 1 -9.47516e-07 1.28422e-06 0.00284664 0 0 0 
-0.797391 1.08074 4030 -0.0952157 0.128784 200 26.5207 -13 1 1 0 1 -9.45087e-07 1.28092e-06 0.00283475 0 0 0 
-0.799771 1.08396 4035 -0.0952149 0.128784 200 26.5396 -13 1 1 0 1 -9.42668e-07 1.27764e-06 0.00282294 0 0 0 
-0.802152 1.08718 4040 -0.0952141 0.128785 200 26.5585 -13 1 1 0 1 -9.40244e-07 1.27434e-06 0.00281118 0 0 0 
-0.804532 1.0904 4045 -0.0952133 0.128785 200 26.5773 -13 1 1 0 1 -9.37834e-07 1.27107e-06 0.0027995 0 0 0 
-0.806912 1.09362 4050 -0.0952125 0.128786 200 26.5962 -13 1 1 0 1 -9.35428e-07 1.2678e-06 0.00278787 0 0 0 
-0.809292 1.09684 4055 -0.0952117 0.128786 200 26.6151 -13 1 1 0 1 -9.33015e-07 1.26452e-06 0.0027763 0 0 0 
-0.811673 1.10006 4060 -0.095211 0.128787 200 26.6339 -13 1 1 0 1 -9.30625e-07 1.26128e-06 0.00276482 0 0 0 
-0.814053 1.10328 4065 -0.0952102 0.128788 200 26.6528 -13 1 1 0 1 -9.28231e-07 1.25803e-06 0.00275338 0 0 0 
-0.816433 1.1065 4070 -0.0952094 0.128788 200 26.6716 -13 1 1 0 1 -9.25835e-07 1.25477e-06 0.002742 0 0 0 
-0.818814 1.10972 4075 -0.0952087 0.128789 200 26.6905 -13 1 1 0 1 -9.23461e-07 1.25155e-06 0.0027307 0 0 0 
-0.821194 1.11294 4080 -0.0952079 0.128789 200 26.7094 -13 1 1 0 1 -9.2108e-07 1.24831e-06 0.00271945 0 0 0 
-0.823574 1.11616 4085 -0.0952072 0.12879 200 26.7282 -13 1 1 0 1 -9.18704e-07 1.24509e-06 0.00270826 0 0 0 
-0.825954 1.11938 4090 -0.0952064 0.12879 200 26.7471 -13 1 1 0 1 -9.16342e-07 1.24188e-06 0.00269714 0 0 0 
-0.828334 1.1226 4095 -0.0952057 0.128791 200 26.766 -13 1 1 0 1 -9.13975e-07 1.23866e-06 0.00268607 0 0 0 
-0.830714 1.12582 4100 -0.0952049 0.128792 200 26.7848 -13 1 1 0 1 -9.11618e-07 1.23546e-06 0.00267507 0 0 0 
-0.833094 1.12904 4105 -0.0952042 0.128792 200 26.8037 -13 1 1 0 1 -9.0927e-07 1.23227e-06 0.00266413 0 0 0 
-0.835475 1.13226 4110 -0.0952035 0.128793 200 26.8225 -13 1 1 0 1 -9.06916e-07 1.22908e-06 0.00265323 0 0 0 
-0.837855 1.13548 4115 -0.0952028 0.128793 200 26.8414 -13 1 1 0 1 -9.04579e-07 1.2259e-06 0.00264242 0 0 0 
-0.840235 1.1387 4120 -0.0952021 0.128794 200 26.8603 -13 1 1 0 1 -9.02244e-07 1.22273e-06 0.00263165 0 0 0 
-0.842615 1.14192 4125 -0.0952014 0.128794 200 26.8791 -13 1 1 0 1 -8.99903e-07 1.21956e-06 0.00262093 0 0 0 
-0.844995 1.14514 4130 -0.0952007 0.128795 200 26.898 -13 1 1 0 1 -8.97587e-07 1.21641e-06 0.00261029 0 0 0 
-0.847375 1.14836 4135 -0.0952 0.128795 200 26.9169 -13 1 1 0 1 -8.95265e-07 1.21326e-06 0.0025997 0 0 0 
-0.849755 1.15158 4140 -0.0951993 0.128796 200 26.9357 -13 1 1 0 1 -8.92944e-07 1.21011e-06 0.00258915 0 0 0 
-0.852135 1.1548 4145 -0.0951986 0.128796 200 26.9546 -13 1 1 0 1 -8.90641e-07 1.20698e-06 0.00257868 0 0 0 
-0.854515 1.15802 4150 -0.0951979 0.128797 200 26.9734 -13 1 1 0 1 -8.88333e-07 1.20385e-06 0.00256825 0 0 0 
-0.856895 1.16124 4155 -0.0951972 0.128797 200 26.9923 -13 1 1 0 1 -8.86033e-07 1.20072e-06 0.00255788 0 0 0 
-0.859275 1.16446 4160 -0.0951966 0.128798 200 27.0112 -13 1 1 0 1 -8.83743e-07 1.19762e-06 0.00254758 0 0 0 
-0.861654 1.16768 4165 -0.0951959 0.128798 200 27.03 -13 1 1 0 1 -8.81449e-07 1.1945e-06 0.00253731 0 0 0 
-0.864034 1.1709 4170 -0.0951953 0.128799 200 27.0489 -13 1 1 0 1 -8.79169e-07 1.19141e-06 0.00252711 0 0 0 
-0.866414 1.17412 4175 -0.0951946 0.128799 200 27.0678 -13 1 1 0 1 -8.76893e-07 1.18832e-06 0.00251697 0 0 0 
-0.868794 1.17734 4180 -0.095194 0.1288 200 27.0866 -13 1 1 0 1 -8.74613e-07 1.18522e-06 0.00250686 0 0 0 
-0.871174 1.18056 4185 -0.0951933 0.1288 200 27.1055 -13 1 1 0 1 -8.72353e-07 1.18216e-06 0.00249683 0 0 0 
-0.873554 1.18378 4190 -0.0951927 0.128801 200 27.1243 -13 1 1 0 1 -8.70092e-07 1.17909e-06 0.00248685 0 0 0 
-0.875934 1.187 4195 -0.0951921 0.128801 200 27.1432 -13 1 1 0 1 -8.67829e-07 1.17601e-06 0.0024769 0 0 0 
-0.878313 1.19022 4200 -0.0951914 0.128802 200 27.1621 -13 1 1 0 1 -8.65586e-07 1.17297e-06 0.00246703 0 0 0 
-0.880693 1.19344 4205 -0.0951908 0.128802 200 27.1809 -13 1 1 0 1 -8.63338e-07 1.16992e-06 0.0024572 0 0 0 
-0.883073 1.19666 4210 -0.0951902 0.128803 200 27.1998 -13 1 1 0 1 -8.61096e-07 1.16688e-06 0.00244742 0 0 0 
-0.885453 1.19988 4215 -0.0951896 0.128803 200 27.2187 -13 1 1 0 1 -8.58867e-07 1.16385e-06 0.0024377 0 0 0 
-0.887832 1.2031 4220 -0.095189 0.128803 200 27.2375 -13 1 1 0 1 -8.56634e-07 1.16082e-06 0.00242802 0 0 0 
-0.890212 1.20632 4225 -0.0951884 0.128804 200 27.2564 -13 1 1 0 1 -8.54411e-07 1.1578e-06 0.0024184 0 0 0 
-0.892592 1.20954 4230 -0.0951878 0.128804 200 27.2752 -13 1 1 0 1 -8.52197e-07 1.1548e-06 0.00240883 0 0 0 
-0.894971 1.21276 4235 -0.0951872 0.128805 200 27.2941 -13 1 1 0 1 -8.49978e-07 1.15179e-06 0.0023993 0 0 0 
-0.897351 1.21598 4240 -0.0951866 0.128805 200 27.313 -13 1 1 0 1 -8.47776e-07 1.1488e-06 0.00238983 0 0 0 
-0.899731 1.2192 4245 -0.095186 0.128806 200 27.3318 -13 1 1 0 1 -8.45575e-07 1.14581e-06 0.00238041 0 0 0 
-0.90211 1.22242 4250 -0.0951854 0.128806 200 27.3507 -13 1 1 0 1 -8.43371e-07 1.14282e-06 0.00237103 0 0 0 
-0.90449 1.22564 4255 -0.0951849 0.128806 200 27.3696 -13 1 1 0 1 -8.41189e-07 1.13986e-06 0.00236172 0 0 0 
-0.90687 1.22886 4260 -0.0951843 0.128807 200 27.3884 -13 1 1 0 1 -8.39003e-07 1.1369e-06 0.00235244 0 0 0 
-0.909249 1.23208 4265 -0.0951837 0.128807 200 27.4073 -13 1 1 0 1 -8.36819e-07 1.13393e-06 0.0023432 0 0 0 
-0.911629 1.2353 4270 -0.0951832 0.128808 200 27.4261 -13 1 1 0 1 -8.34651e-07 1.13099e-06 0.00233403 0 0 0 
-0.914008 1.23852 4275 -0.0951826 0.128808 200 27.445 -13 1 1 0 1 -8.3248e-07 1.12804e-06 0.0023249 0 0 0 
-0.916388 1.24174 4280 -0.0951821 0.128809 200 27.4639 -13 1 1 0 1 -8.30316e-07 1.12511e-06 0.00231581 0 0 0 
-0.918768 1.24496 4285 -0.0951815 0.128809 200 27.4827 -13 1 1 0 1 -8.28163e-07 1.12219e-06 0.00230678 0 0 0 
-0.921147 1.24818 4290 -0.095181 0.128809 200 27.5016 -13 1 1 0 1 -8.26006e-07 1.11926e-06 0.00229778 0 0 0 
-0.923527 1.2514 4295 -0.0951804 0.12881 200 27.5205 -13 1 1 0 1 -8.23862e-07 1.11635e-06 0.00228884 0 0 0 
-0.925906 1.25462 4300 -0.0951799 0.12881 200 27.5393 -13 1 1 0 1 -8.21723e-07 1.11345e-06 0.00227995 0 0 0 
-0.928286 1.25784 4305 -0.0951794 0.128811 200 27.5582 -13 1 1 0 1 -8.19581e-07 1.11054e-06 0.00227108 0 0 0 
-0.930665 1.26106 4310 -0.0951788 0.128811 200 27.577 -13 1 1 0 1 -8.17458e-07 1.10766e-06 0.00226229 0 0 0 
-0.933045 1.26428 4315 -0.0951783 0.128811 200 27.5959 -13 1 1 0 1 -8.15333e-07 1.10478e-06 0.00225353 0 0 0 
-0.935424 1.2675 4320 -0.0951778 0.128812 200 27.6148 -13 1 1 0 1 -8.13209e-07 1.1019e-06 0.0022448 0 0 0 
-0.937803 1.27072 4325 -0.0951773 0.128812 200 27.6336 -13 1 1 0 1 -8.11102e-07 1.09904e-06 0.00223614 0 0 0 
-0.940183 1.27394 4330 -0.0951768 0.128812 200 27.6525 -13 1 1 0 1 -8.08993e-07 1.09618e-06 0.00222751 0 0 0 
-0.942562 1.27716 4335 -0.0951763 0.128813 200 27.6714 -13 1 1 0 1 -8.06888e-07 1.09333e-06 0.00221892 0 0 0 
-0.944942 1.28038 4340 -0.0951758 0.128813 200 27.6902 -13 1 1 0 1 -8.04796e-07 1.09049e-06 0.00221039 0 0 0 
-0.947321 1.2836 4345 -0.0951753 0.128814 200 27.7091 -13 1 1 0 1 -8.02701e-07 1.08765e-06 0.00220189 0 0 0 
-0.9497 1.28682 4350 -0.0951748 0.128814 200 27.7279 -13 1 1 0 1 -8.00616e-07 1.08482e-06 0.00219344 0 0 0 
-0.95208 1.29004 4355 -0.0951743 0.128814 200 27.7468 -13 1 1 0 1 -7.98539e-07 1.082e-06 0.00218504 0 0 0 
-0.954459 1.29326 4360 -0.0951738 0.128815 200 27.7657 -13 1 1 0 1 -7.96459e-07 1.07918e-06 0.00217666 0 0 0 
-0.956838 1.29648 4365 -0.0951733 0.128815 200 27.7845 -13 1 1 0 1 -7.94394e-07 1.07638e-06 0.00216834 0 0 0 
-0.959218 1.2997 4370 -0.0951728 0.128815 200 27.8034 -13 1 1 0 1 -7.92331e-07 1.07358e-06 0.00216006 0 0 0 
-0.961597 1.30293 4375 -0.0951724 0.128816 200 27.8223 -13 1 1 0 1 -7.90266e-07 1.07078e-06 0.00215181 0 0 0 
-0.963976 1.30615 4380 -0.0951719 0.128816 200 27.8411 -13 1 1 0 1 -7.88221e-07 1.068e-06 0.00214363 0 0 0 
-0.966356 1.30937 4385 -0.0951714 0.128816 200 27.86 -13 1 1 0 1 -7.86173e-07 1.06523e-06 0.00213547 0 0 0 
-0.968735 1.31259 4390 -0.095171 0.128817 200 27.8788 -13 1 1 0 1 -7.84127e-07 1.06245e-06 0.00212735 0 0 0 
-0.971114 1.31581 4395 -0.0951705 0.128817 200 27.8977 -13 1 1 0 1 -7.82096e-07 1.0597e-06 0.00211928 0 0 0 
-0.973494 1.31903 4400 -0.0951701 0.128817 200 27.9166 -13 1 1 0 1 -7.80063e-07 1.05694e-06 0.00211125 0 0 0 
-0.975873 1.32225 4405 -0.0951696 0.128818 200 27.9354 -13 1 1 0 1 -7.78037e-07 1.05419e-06 0.00210325 0 0 0 
-0.978252 1.32547 4410 -0.0951692 0.128818 200 27.9543 -13 1 1 0 1 -7.76021e-07 1.05146e-06 0.0020953 0 0 0 
-0.980631 1.32869 4415 -0.0951687 0.128818 200 27.9732 -13 1 1 0 1 -7.74003e-07 1.04872e-06 0.00208738 0 0 0 
-0.98301 1.33191 4420 -0.0951683 0.128819 200 27.992 -13 1 1 0 1 -7.71996e-07 1.046e-06 0.00207951 0 0 0 
-0.98539 1.33513 4425 -0.0951678 0.128819 200 28.0109 -13 1 1 0 1 -7.69995e-07 1.04329e-06 0.00207168 0 0 0 
-0.987769 1.33835 4430 -0.0951674 0.128819 200 28.0297 -13 1 1 0 1 -7.67991e-07 1.04057e-06 0.00206388 0 0 0 
-0.990148 1.34157 4435 -0.095167 0.12882 200 28.0486 -13 1 1 0 1 -7.66004e-07 1.03787e-06 0.00205613 0 0 0 
-0.992527 1.34479 4440 -0.0951665 0.12882 200 28.0675 -13 1 1 0 1 -7.64017e-07 1.03518e-06 0.00204842 0 0 0 
-0.994906 1.34801 4445 -0.0951661 0.12882 200 28.0863 -13 1 1 0 1 -7.6203e-07 1.03248e-06 0.00204073 0 0 0 
-0.997285 1.35123 4450 -0.0951657 0.128821 200 28.1052 -13 1 1 0 1 -7.6006e-07 1.02981e-06 0.0020331 0 0 0 
-0.999665 1.35445 4455 -0.0951653 0.128821 200 28.1241 -13 1 1 0 1 -7.58088e-07 1.02714e-06 0.00202549 0 0 0 
-1.00204 1.35767 4460 -0.0951649 0.128821 200 28.1429 -13 1 1 0 1 -7.56121e-07 1.02447e-06 0.00201792 0 0 0 
-1.00442 1.36089 4465 -0.0951645 0.128822 200 28.1618 -13 1 1 0 1 -7.54165e-07 1.02182e-06 0.0020104 0 0 0 
-1.0068 1.36411 4470 -0.095164 0.128822 200 28.1806 -13 1 1 0 1 -7.52207e-07 1.01916e-06 0.00200291 0 0 0 
-1.00918 1.36733 4475 -0.0951636 0.128822 200 28.1995 -13 1 1 0 1 -7.50259e-07 1.01652e-06 0.00199546 0 0 0 
-1.01156 1.37056 4480 -0.0951632 0.128822 200 28.2184 -13 1 1 0 1 -7.48318e-07 1.01389e-06 0.00198804 0 0 0 
-1.01394 1.37378 4485 -0.0951628 0.128823 200 28.2372 -13 1 1 0 1 -7.46375e-07 1.01126e-06 0.00198066 0 0 0 
-1.01632 1.377 4490 -0.0951624 0.128823 200 28.2561 -13 1 1 0 1 -7.44446e-07 1.00864e-06 0.00197332 0 0 0 
-1.0187 1.38022 4495 -0.0951621 0.128823 200 28.275 -13 1 1 0 1 -7.42519e-07 1.00603e-06 0.00196601 0 0 0 
-1.02108 1.38344 4500 -0.0951617 0.128824 200 28.2938 -13 1 1 0 1 -7.40591e-07 1.00341e-06 0.00195873 0 0 0 
-1.02346 1.38666 4505 -0.0951613 0.128824 200 28.3127 -13 1 1 0 1 -7.3868e-07 1.00082e-06 0.00195151 0 0 0 
-1.02583 1.38988 4510 -0.0951609 0.128824 200 28.3315 -13 1 1 0 1 -7.36768e-07 9.9823e-07 0.00194431 0 0 0 
-1.02821 1.3931 4515 -0.0951605 0.128825 200 28.3504 -13 1 1 0 1 -7.34859e-07 9.95641e-07 0.00193714 0 0 0 
-1.03059 1.39632 4520 -0.0951601 0.128825 200 28.3693 -13 1 1 0 1 -7.32963e-07 9.9307e-07 0.00193001 0 0 0 
-1.03297 1.39954 4525 -0.0951598 0.128825 200 28.3881 -13 1 1 0 1 -7.31065e-07 9.90497e-07 0.00192292 0 0 0 
-1.03535 1.40276 4530 -0.0951594 0.128825 200 28.407 -13 1 1 0 1 -7.29175e-07 9.87934e-07 0.00191586 0 0 0 
-1.03773 1.40598 4535 -0.095159 0.128826 200 28.4259 -13 1 1 0 1 -7.27293e-07 9.85383e-07 0.00190883 0 0 0 
-1.04011 1.4092 4540 -0.0951587 0.128826 200 28.4447 -13 1 1 0 1 -7.2541e-07 9.8283e-07 0.00190184 0 0 0 
-1.04249 1.41242 4545 -0.0951583 0.128826 200 28.4636 -13 1 1 0 1 -7.23538e-07 9.80291e-07 0.00189488 0 0 0 
-1.04487 1.41564 4550 -0.0951579 0.128826 200 28.4824 -13 1 1 0 1 -7.2167e-07 9.7776e-07 0.00188796 0 0 0 
-1.04725 1.41886 4555 -0.0951576 0.128827 200 28.5013 -13 1 1 0 1 -7.19802e-07 9.75226e-07 0.00188106 0 0 0 
-1.04962 1.42209 4560 -0.0951572 0.128827 200 28.5202 -13 1 1 0 1 -7.17948e-07 9.72713e-07 0.00187421 0 0 0 
-1.052 1.42531 4565 -0.0951569 0.128827 200 28.539 -13 1 1 0 1 -7.16095e-07 9.70201e-07 0.00186739 0 0 0 
-1.05438 1.42853 4570 -0.0951565 0.128827 200 28.5579 -13 1 1 0 1 -7.14243e-07 9.6769e-07 0.00186059 0 0 0 
-1.05676 1.43175 4575 -0.0951562 0.128828 200 28.5768 -13 1 1 0 1 -7.12405e-07 9.65199e-07 0.00185384 0 0 0 
-1.05914 1.43497 4580 -0.0951559 0.128828 200 28.5956 -13 1 1 0 1 -7.10567e-07 9.62706e-07 0.00184712 0 0 0 
-1.06152 1.43819 4585 -0.0951555 0.128828 200 28.6145 -13 1 1 0 1 -7.08733e-07 9.6022e-07 0.00184042 0 0 0 
-1.0639 1.44141 4590 -0.0951552 0.128828 200 28.6333 -13 1 1 0 1 -7.06909e-07 9.57748e-07 0.00183376 0 0 0 
-1.06628 1.44463 4595 -0.0951548 0.128829 200 28.6522 -13 1 1 0 1 -7.05085e-07 9.55275e-07 0.00182713 0 0 0 
-1.06866 1.44785 4600 -0.0951545 0.128829 200 28.6711 -13 1 1 0 1 -7.03269e-07 9.52813e-07 0.00182054 0 0 0 
-1.07103 1.45107 4605 -0.0951542 0.128829 200 28.6899 -13 1 1 0 1 -7.0146e-07 9.50361e-07 0.00181397 0 0 0 
-1.07341 1.45429 4610 -0.0951539 0.128829 200 28.7088 -13 1 1 0 1 -6.9965e-07 9.47906e-07 0.00180743 0 0 0 
-1.07579 1.45751 4615 -0.0951535 0.12883 200 28.7277 -13 1 1 0 1 -6.97852e-07 9.45469e-07 0.00180094 0 0 0 
-1.07817 1.46073 4620 -0.0951532 0.12883 200 28.7465 -13 1 1 0 1 -6.96057e-07 9.43036e-07 0.00179447 0 0 0 
-1.08055 1.46395 4625 -0.0951529 0.12883 200 28.7654 -13 1 1 0 1 -6.94261e-07 9.40601e-07 0.00178802 0 0 0 
-1.08293 1.46718 4630 -0.0951526 0.12883 200 28.7842 -13 1 1 0 1 -6.92481e-07 9.38188e-07 0.00178162 0 0 0 
-1.08531 1.4704 4635 -0.0951523 0.128831 200 28.8031 -13 1 1 0 1 -6.907e-07 9.35774e-07 0.00177523 0 0 0 
-1.08769 1.47362 4640 -0.095152 0.128831 200 28.822 -13 1 1 0 1 -6.88921e-07 9.33363e-07 0.00176888 0 0 0 
-1.09006 1.47684 4645 -0.0951517 0.128831 200 28.8408 -13 1 1 0 1 -6.87156e-07 9.30969e-07 0.00176257 0 0 0 
-1.09244 1.48006 4650 -0.0951513 0.128831 200 28.8597 -13 1 1 0 1 -6.85388e-07 9.28574e-07 0.00175628 0 0 0 
-1.09482 1.48328 4655 -0.095151 0.128832 200 28.8786 -13 1 1 0 1 -6.83628e-07 9.26188e-07 0.00175002 0 0 0 
-1.0972 1.4865 4660 -0.0951507 0.128832 200 28.8974 -13 1 1 0 1 -6.81876e-07 9.23812e-07 0.00174379 0 0 0 
-1.09958 1.48972 4665 -0.0951504 0.128832 200 28.9163 -13 1 1 0 1 -6.80123e-07 9.21436e-07 0.00173759 0 0 0 
-1.10196 1.49294 4670 -0.0951502 0.128832 200 28.9351 -13 1 1 0 1 -6.7838e-07 9.19074e-07 0.00173142 0 0 0 
-1.10434 1.49616 4675 -0.0951499 0.128832 200 28.954 -13 1 1 0 1 -6.76641e-07 9.16717e-07 0.00172528 0 0 0 
-1.10672 1.49938 4680 -0.0951496 0.128833 200 28.9729 -13 1 1 0 1 -6.74902e-07 9.1436e-07 0.00171916 0 0 0 
-1.10909 1.5026 4685 -0.0951493 0.128833 200 28.9917 -13 1 1 0 1 -6.73176e-07 9.12021e-07 0.00171308 0 0 0 
-1.11147 1.50582 4690 -0.095149 0.128833 200 29.0106 -13 1 1 0 1 -6.71452e-07 9.09683e-07 0.00170703 0 0 0 
-1.11385 1.50905 4695 -0.0951487 0.128833 200 29.0295 -13 1 1 0 1 -6.69728e-07 9.07347e-07 0.00170099 0 0 0 
-1.11623 1.51227 4700 -0.0951484 0.128833 200 29.0483 -13 1 1 0 1 -6.68018e-07 9.05029e-07 0.001695 0 0 0 
-1.11861 1.51549 4705 -0.0951481 0.128834 200 29.0672 -13 1 1 0 1 -6.66307e-07 9.02709e-07 0.00168903 0 0 0 
-1.12099 1.51871 4710 -0.0951479 0.128834 200 29.086 -13 1 1 0 1 -6.64601e-07 9.00397e-07 0.00168308 0 0 0 
-1.12337 1.52193 4715 -0.0951476 0.128834 200 29.1049 -13 1 1 0 1 -6.62904e-07 8.98097e-07 0.00167717 0 0 0 
-1.12575 1.52515 4720 -0.0951473 0.128834 200 29.1238 -13 1 1 0 1 -6.61207e-07 8.95796e-07 0.00167128 0 0 0 
-1.12812 1.52837 4725 -0.0951471 0.128834 200 29.1426 -13 1 1 0 1 -6.59517e-07 8.93507e-07 0.00166542 0 0 0 
-1.1305 1.53159 4730 -0.0951468 0.128835 200 29.1615 -13 1 1 0 1 -6.57834e-07 8.91226e-07 0.00165959 0 0 0 
-1.13288 1.53481 4735 -0.0951465 0.128835 200 29.1804 -13 1 1 0 1 -6.56151e-07 8.88943e-07 0.00165378 0 0 0 
-1.13526 1.53803 4740 -0.0951463 0.128835 200 29.1992 -13 1 1 0 1 -6.54478e-07 8.86677e-07 0.00164801 0 0 0 
-1.13764 1.54125 4745 -0.095146 0.128835 200 29.2181 -13 1 1 0 1 -6.52808e-07 8.84414e-07 0.00164226 0 0 0 
-1.14002 1.54448 4750 -0.0951457 0.128835 200 29.2369 -13 1 1 0 1 -6.51138e-07 8.8215e-07 0.00163652 0 0 0 
-1.1424 1.5477 4755 -0.0951455 0.128836 200 29.2558 -13 1 1 0 1 -6.49483e-07 8.79906e-07 0.00163083 0 0 0 
-1.14478 1.55092 4760 -0.0951452 0.128836 200 29.2747 -13 1 1 0 1 -6.47826e-07 8.77661e-07 0.00162516 0 0 0 
-1.14715 1.55414 4765 -0.095145 0.128836 200 29.2935 -13 1 1 0 1 -6.46173e-07 8.7542e-07 0.00161951 0 0 0 
-1.14953 1.55736 4770 -0.0951447 0.128836 200 29.3124 -13 1 1 0 1 -6.4453e-07 8.73194e-07 0.0016139 0 0 0 
-1.15191 1.56058 4775 -0.0951445 0.128836 200 29.3313 -13 1 1 0 1 -6.42887e-07 8.70967e-07 0.0016083 0 0 0 
-1.15429 1.5638 4780 -0.0951442 0.128837 200 29.3501 -13 1 1 0 1 -6.4125e-07 8.68749e-07 0.00160273 0 0 0 
-1.15667 1.56702 4785 -0.095144 0.128837 200 29.369 -13 1 1 0 1 -6.39621e-07 8.66541e-07 0.00159719 0 0 0 
-1.15905 1.57024 4790 -0.0951437 0.128837 200 29.3878 -13 1 1 0 1 -6.37991e-07 8.64332e-07 0.00159167 0 0 0 
-1.16143 1.57346 4795 -0.0951435 0.128837 200 29.4067 -13 1 1 0 1 -6.36371e-07 8.62136e-07 0.00158618 0 0 0 
-1.1638 1.57668 4800 -0.0951433 0.128837 200 29.4256 -13 1 1 0 1 -6.34755e-07 8.59945e-07 0.00158072 0 0 0 
-1.16618 1.57991 4805 -0.095143 0.128837 200 29.4444 -13 1 1 0 1 -6.33138e-07 8.57755e-07 0.00157527 0 0 0 
-1.16856 1.58313 4810 -0.0951428 0.128838 200 29.4633 -13 1 1 0 1 -6.31534e-07 8.55581e-07 0.00156986 0 0 0 
-1.17094 1.58635 4815 -0.0951426 0.128838 200 29.4822 -13 1 1 0 1 -6.29931e-07 8.53408e-07 0.00156446 0 0 0 
-1.17332 1.58957 4820 -0.0951423 0.128838 200 29.501 -13 1 1 0 1 -6.28329e-07 8.51237e-07 0.00155909 0 0 0 
-1.1757 1.59279 4825 -0.0951421 0.128838 200 29.5199 -13 1 1 0 1 -6.26739e-07 8.49083e-07 0.00155375 0 0 0 
-1.17808 1.59601 4830 -0.0951419 0.128838 200 29.5387 -13 1 1 0 1 -6.25149e-07 8.46928e-07 0.00154843 0 0 0 
-1.18045 1.59923 4835 -0.0951417 0.128838 200 29.5576 -13 1 1 0 1 -6.23564e-07 8.44778e-07 0.00154314 0 0 0 
-1.18283 1.60245 4840 -0.0951414 0.128839 200 29.5765 -13 1 1 0 1 -6.21987e-07 8.42642e-07 0.00153787 0 0 0 
-1.18521 1.60567 4845 -0.0951412 0.128839 200 29.5953 -13 1 1 0 1 -6.2041e-07 8.40504e-07 0.00153262 0 0 0 
-1.18759 1.60889 4850 -0.095141 0.128839 200 29.6142 -13 1 1 0 1 -6.1884e-07 8.38377e-07 0.0015274 0 0 0 
-1.18997 1.61211 4855 -0.0951408 0.128839 200 29.6331 -13 1 1 0 1 -6.17276e-07 8.36257e-07 0.0015222 0 0 0 
-1.19235 1.61534 4860 -0.0951406 0.128839 200 29.6519 -13 1 1 0 1 -6.15711e-07 8.34137e-07 0.00151702 0 0 0 
-1.19473 1.61856 4865 -0.0951403 0.128839 200 29.6708 -13 1 1 0 1 -6.14157e-07 8.32031e-07 0.00151187 0 0 0 
-1.1971 1.62178 4870 -0.0951401 0.12884 200 29.6896 -13 1 1 0 1 -6.12606e-07 8.29929e-07 0.00150675 0 0 0 
-1.19948 1.625 4875 -0.0951399 0.12884 200 29.7085 -13 1 1 0 1 -6.11054e-07 8.27826e-07 0.00150163 0 0 0 
-1.20186 1.62822 4880 -0.0951397 0.12884 200 29.7274 -13 1 1 0 1 -6.09516e-07 8.25741e-07 0.00149656 0 0 0 
-1.20424 1.63144 4885 -0.0951395 0.12884 200 29.7462 -13 1 1 0 1 -6.07977e-07 8.23656e-07 0.0014915 0 0 0 
-1.20662 1.63466 4890 -0.0951393 0.12884 200 29.7651 -13 1 1 0 1 -6.06441e-07 8.21574e-07 0.00148645 0 0 0 
-1.209 1.63788 4895 -0.0951391 0.12884 200 29.784 -13 1 1 0 1 -6.04915e-07 8.19507e-07 0.00148144 0 0 0 
-1.21137 1.6411 4900 -0.0951389 0.128841 200 29.8028 -13 1 1 0 1 -6.03389e-07 8.17438e-07 0.00147645 0 0 0 
-1.21375 1.64432 4905 -0.0951387 0.128841 200 29.8217 -13 1 1 0 1 -6.01869e-07 8.15378e-07 0.00147148 0 0 0 
-1.21613 1.64755 4910 -0.0951385 0.128841 200 29.8405 -13 1 1 0 1 -6.00355e-07 8.13327e-07 0.00146653 0 0 0 
-1.21851 1.65077 4915 -0.0951383 0.128841 200 29.8594 -13 1 1 0 1 -5.98841e-07 8.11276e-07 0.00146161 0 0 0 
-1.22089 1.65399 4920 -0.0951381 0.128841 200 29.8783 -13 1 1 0 1 -5.97336e-07 8.09236e-07 0.0014567 0 0 0 
-1.22327 1.65721 4925 -0.0951379 0.128841 200 29.8971 -13 1 1 0 1 -5.95835e-07 8.07202e-07 0.00145182 0 0 0 
-1.22565 1.66043 4930 -0.0951377 0.128841 200 29.916 -13 1 1 0 1 -5.94334e-07 8.05167e-07 0.00144696 0 0 0 
-1.22802 1.66365 4935 -0.0951375 0.128842 200 29.9349 -13 1 1 0 1 -5.92844e-07 8.03148e-07 0.00144212 0 0 0 
-1.2304 1.66687 4940 -0.0951373 0.128842 200 29.9537 -13 1 1 0 1 -5.91355e-07 8.0113e-07 0.00143731 0 0 0 
-1.23278 1.67009 4945 -0.0951372 0.128842 200 29.9726 -13 1 1 0 1 -5.89867e-07 7.99115e-07 0.00143251 0 0 0 
-1.23516 1.67331 4950 -0.095137 0.128842 200 29.9914 -13 1 1 0 1 -5.88391e-07 7.97114e-07 0.00142774 0 0 0 
-1.23754 1.67653 4955 -0.0951368 0.128842 200 30.0103 -13 1 1 0 1 -5.86914e-07 7.95113e-07 0.00142298 0 0 0 
-1.23992 1.67976 4960 -0.0951366 0.128842 200 30.0292 -13 1 1 0 1 -5.85441e-07 7.93117e-07 0.00141825 0 0 0 
-1.24229 1.68298 4965 -0.0951364 0.128842 200 30.048 -13 1 1 0 1 -5.83977e-07 7.91133e-07 0.00141354 0 0 0 
-1.24467 1.6862 4970 -0.0951363 0.128842 200 30.0669 -13 1 1 0 1 -5.82512e-07 7.89148e-07 0.00140885 0 0 0 
-1.24705 1.68942 4975 -0.0951361 0.128843 200 30.0858 -13 1 1 0 1 -5.81055e-07 7.87173e-07 0.00140418 0 0 0 
-1.24943 1.69264 4980 -0.0951359 0.128843 200 30.1046 -13 1 1 0 1 -5.79602e-07 7.85205e-07 0.00139953 0 0 0 
-1.25181 1.69586 4985 -0.0951357 0.128843 200 30.1235 -13 1 1 0 1 -5.7815e-07 7.83237e-07 0.0013949 0 0 0 
-1.25419 1.69908 4990 -0.0951356 0.128843 200 30.1423 -13 1 1 0 1 -5.76707e-07 7.81281e-07 0.00139029 0 0 0 
-1.25656 1.7023 4995 -0.0951354 0.128843 200 30.1612 -13 1 1 0 1 -5.75266e-07 7.79329e-07 0.00138571 0 0 0 
-1.25894 1.70552 5000 -0.0951352 0.128843 200 30.1801 -13 1 1 0 1 -5.73825e-07 7.77377e-07 0.00138113 0 0 0 
-1.26132 1.70875 5005 -0.095135 0.128843 200 30.1989 -13 1 1 0 1 -5.72397e-07 7.75441e-07 0.00137659 0 0 0 
-1.2637 1.71197 5010 -0.0951349 0.128843 200 30.2178 -13 1 1 0 1 -5.70968e-07 7.73505e-07 0.00137206 0 0 0 
-1.26608 1.71519 5015 -0.0951347 0.128844 200 30.2367 -13 1 1 0 1 -5.69542e-07 7.71573e-07 0.00136755 0 0 0 
-1.26846 1.71841 5020 -0.0951346 0.128844 200 30.2555 -13 1 1 0 1 -5.68125e-07 7.69653e-07 0.00136307 0 0 0 
-1.27083 1.72163 5025 -0.0951344 0.128844 200 30.2744 -13 1 1 0 1 -5.66708e-07 7.67733e-07 0.00135859 0 0 0 
-1.27321 1.72485 5030 -0.0951342 0.128844 200 30.2932 -13 1 1 0 1 -5.65297e-07 7.6582e-07 0.00135414 0 0 0 
-1.27559 1.72807 5035 -0.0951341 0.128844 200 30.3121 -13 1 1 0 1 -5.63891e-07 7.63916e-07 0.00134972 0 0 0 
-1.27797 1.73129 5040 -0.0951339 0.128844 200 30.331 -13 1 1 0 1 -5.62486e-07 7.62012e-07 0.0013453 0 0 0 
-1.28035 1.73451 5045 -0.0951338 0.128844 200 30.3498 -13 1 1 0 1 -5.61089e-07 7.60118e-07 0.00134091 0 0 0 
-1.28273 1.73774 5050 -0.0951336 0.128844 200 30.3687 -13 1 1 0 1 -5.59695e-07 7.5823e-07 0.00133654 0 0 0 
-1.2851 1.74096 5055 -0.0951335 0.128845 200 30.3876 -13 1 1 0 1 -5.58301e-07 7.56341e-07 0.00133218 0 0 0 
-1.28748 1.74418 5060 -0.0951333 0.128845 200 30.4064 -13 1 1 0 1 -5.56918e-07 7.54467e-07 0.00132785 0 0 0 
-1.28986 1.7474 5065 -0.0951331 0.128845 200 30.4253 -13 1 1 0 1 -5.55535e-07 7.52594e-07 0.00132354 0 0 0 
-1.29224 1.75062 5070 -0.095133 0.128845 200 30.4441 -13 1 1 0 1 -5.54154e-07 7.50723e-07 0.00131923 0 0 0 
-1.29462 1.75384 5075 -0.0951329 0.128845 200 30.463 -13 1 1 0 1 -5.52784e-07 7.48865e-07 0.00131496 0 0 0 
-1.297 1.75706 5080 -0.0951327 0.128845 200 30.4819 -13 1 1 0 1 -5.51413e-07 7.47008e-07 0.0013107 0 0 0 
-1.29937 1.76028 5085 -0.0951326 0.128845 200 30.5007 -13 1 1 0 1 -5.50046e-07 7.45156e-07 0.00130645 0 0 0 
-1.30175 1.7635 5090 -0.0951324 0.128845 200 30.5196 -13 1 1 0 1 -5.48686e-07 7.43313e-07 0.00130223 0 0 0 
-1.30413 1.76673 5095 -0.0951323 0.128845 200 30.5385 -13 1 1 0 1 -5.47327e-07 7.41471e-07 0.00129802 0 0 0 
-1.30651 1.76995 5100 -0.0951321 0.128846 200 30.5573 -13 1 1 0 1 -5.45973e-07 7.39638e-07 0.00129384 0 0 0 
-1.30889 1.77317 5105 -0.095132 0.128846 200 30.5762 -13 1 1 0 1 -5.44625e-07 7.37811e-07 0.00128967 0 0 0 
-1.31127 1.77639 5110 -0.0951319 0.128846 200 30.595 -13 1 1 0 1 -5.43277e-07 7.35984e-07 0.00128551 0 0 0 
-1.31364 1.77961 5115 -0.0951317 0.128846 200 30.6139 -13 1 1 0 1 -5.41937e-07 7.34168e-07 0.00128138 0 0 0 
-1.31602 1.78283 5120 -0.0951316 0.128846 200 30.6328 -13 1 1 0 1 -5.406e-07 7.32357e-07 0.00127726 0 0 0 
-1.3184 1.78605 5125 -0.0951314 0.128846 200 30.6516 -13 1 1 0 1 -5.39263e-07 7.30545e-07 0.00127316 0 0 0 
-1.32078 1.78927 5130 -0.0951313 0.128846 200 30.6705 -13 1 1 0 1 -5.37936e-07 7.28748e-07 0.00126908 0 0 0 
-1.32316 1.79249 5135 -0.0951312 0.128846 200 30.6894 -13 1 1 0 1 -5.3661e-07 7.26951e-07 0.00126502 0 0 0 
-1.32554 1.79572 5140 -0.095131 0.128846 200 30.7082 -13 1 1 0 1 -5.35286e-07 7.25157e-07 0.00126097 0 0 0 
-1.32791 1.79894 5145 -0.0951309 0.128846 200 30.7271 -13 1 1 0 1 -5.33971e-07 7.23375e-07 0.00125694 0 0 0 
-1.33029 1.80216 5150 -0.0951308 0.128847 200 30.7459 -13 1 1 0 1 -5.32656e-07 7.21593e-07 0.00125293 0 0 0 
-1.33267 1.80538 5155 -0.0951307 0.128847 200 30.7648 -13 1 1 0 1 -5.31345e-07 7.19817e-07 0.00124893 0 0 0 
-1.33505 1.8086 5160 -0.0951305 0.128847 200 30.7837 -13 1 1 0 1 -5.30041e-07 7.1805e-07 0.00124496 0 0 0 
-1.33743 1.81182 5165 -0.0951304 0.128847 200 30.8025 -13 1 1 0 1 -5.28736e-07 7.16283e-07 0.00124099 0 0 0 
-1.33981 1.81504 5170 -0.0951303 0.128847 200 30.8214 -13 1 1 0 1 -5.27439e-07 7.14525e-07 0.00123705 0 0 0 
-1.34218 1.81826 5175 -0.0951302 0.128847 200 30.8403 -13 1 1 0 1 -5.26145e-07 7.12772e-07 0.00123312 0 0 0 
-1.34456 1.82149 5180 -0.09513 0.128847 200 30.8591 -13 1 1 0 1 -5.24852e-07 7.11019e-07 0.00122921 0 0 0 
-1.34694 1.82471 5185 -0.0951299 0.128847 200 30.878 -13 1 1 0 1 -5.23567e-07 7.09279e-07 0.00122531 0 0 0 
-1.34932 1.82793 5190 -0.0951298 0.128847 200 30.8968 -13 1 1 0 1 -5.22284e-07 7.0754e-07 0.00122143 0 0 0 
-1.3517 1.83115 5195 -0.0951297 0.128847 200 30.9157 -13 1 1 0 1 -5.21002e-07 7.05804e-07 0.00121757 0 0 0 
-1.35408 1.83437 5200 -0.0951296 0.128847 200 30.9346 -13 1 1 0 1 -5.1973e-07 7.04079e-07 0.00121373 0 0 0 
-1.35645 1.83759 5205 -0.0951294 0.128848 200 30.9534 -13 1 1 0 1 -5.18457e-07 7.02355e-07 0.0012099 0 0 0 
-1.35883 1.84081 5210 -0.0951293 0.128848 200 30.9723 -13 1 1 0 1 -5.17188e-07 7.00636e-07 0.00120608 0 0 0 
-1.36121 1.84403 5215 -0.0951292 0.128848 200 30.9912 -13 1 1 0 1 -5.15926e-07 6.98926e-07 0.00120228 0 0 0 
-1.36359 1.84725 5220 -0.0951291 0.128848 200 31.01 -13 1 1 0 1 -5.14664e-07 6.97216e-07 0.0011985 0 0 0 
-1.36597 1.85048 5225 -0.095129 0.128848 200 31.0289 -13 1 1 0 1 -5.13408e-07 6.95514e-07 0.00119473 0 0 0 
-1.36834 1.8537 5230 -0.0951289 0.128848 200 31.0477 -13 1 1 0 1 -5.12156e-07 6.93818e-07 0.00119098 0 0 0 
-1.37072 1.85692 5235 -0.0951288 0.128848 200 31.0666 -13 1 1 0 1 -5.10905e-07 6.92123e-07 0.00118725 0 0 0 
-1.3731 1.86014 5240 -0.0951287 0.128848 200 31.0855 -13 1 1 0 1 -5.09661e-07 6.90438e-07 0.00118353 0 0 0 
-1.37548 1.86336 5245 -0.0951286 0.128848 200 31.1043 -13 1 1 0 1 -5.08419e-07 6.88756e-07 0.00117983 0 0 0 
-1.37786 1.86658 5250 -0.0951284 0.128848 200 31.1232 -13 1 1 0 1 -5.07178e-07 6.87074e-07 0.00117613 0 0 0 
-1.38024 1.8698 5255 -0.0951283 0.128848 200 31.1421 -13 1 1 0 1 -5.05947e-07 6.85406e-07 0.00117246 0 0 0 
-1.38261 1.87302 5260 -0.0951282 0.128848 200 31.1609 -13 1 1 0 1 -5.04716e-07 6.83738e-07 0.00116881 0 0 0 
-1.38499 1.87625 5265 -0.0951281 0.128848 200 31.1798 -13 1 1 0 1 -5.03487e-07 6.82073e-07 0.00116516 0 0 0 
-1.38737 1.87947 5270 -0.095128 0.128849 200 31.1986 -13 1 1 0 1 -5.02266e-07 6.80418e-07 0.00116154 0 0 0 
-1.38975 1.88269 5275 -0.0951279 0.128849 200 31.2175 -13 1 1 0 1 -5.01045e-07 6.78764e-07 0.00115792 0 0 0 
-1.39213 1.88591 5280 -0.0951278 0.128849 200 31.2364 -13 1 1 0 1 -4.99828e-07 6.77116e-07 0.00115432 0 0 0 
-1.3945 1.88913 5285 -0.0951277 0.128849 200 31.2552 -13 1 1 0 1 -4.98617e-07 6.75475e-07 0.00115074 0 0 0 
-1.39688 1.89235 5290 -0.0951276 0.128849 200 31.2741 -13 1 1 0 1 -4.97406e-07 6.73834e-07 0.00114717 0 0 0 
-1.39926 1.89557 5295 -0.0951275 0.128849 200 31.293 -13 1 1 0 1 -4.96202e-07 6.72202e-07 0.00114362 0 0 0 
-1.40164 1.89879 5300 -0.0951274 0.128849 200 31.3118 -13 1 1 0 1 -4.95001e-07 6.70575e-07 0.00114008 0 0 0 
-1.40402 1.90202 5305 -0.0951273 0.128849 200 31.3307 -13 1 1 0 1 -4.938e-07 6.68948e-07 0.00113655 0 0 0 
-1.4064 1.90524 5310 -0.0951273 0.128849 200 31.3495 -13 1 1 0 1 -4.92607e-07 6.67333e-07 0.00113305 0 0 0 
-1.40877 1.90846 5315 -0.0951272 0.128849 200 31.3684 -13 1 1 0 1 -4.91416e-07 6.65719e-07 0.00112955 0 0 0 
-1.41115 1.91168 5320 -0.0951271 0.128849 200 31.3873 -13 1 1 0 1 -4.90226e-07 6.64107e-07 0.00112607 0 0 0 
-1.41353 1.9149 5325 -0.095127 0.128849 200 31.4061 -13 1 1 0 1 -4.89045e-07 6.62506e-07 0.0011226 0 0 0 
-1.41591 1.91812 5330 -0.0951269 0.128849 200 31.425 -13 1 1 0 1 -4.87863e-07 6.60905e-07 0.00111915 0 0 0 
-1.41829 1.92134 5335 -0.0951268 0.128849 200 31.4439 -13 1 1 0 1 -4.86685e-07 6.59309e-07 0.00111571 0 0 0 
-1.42066 1.92456 5340 -0.0951267 0.12885 200 31.4627 -13 1 1 0 1 -4.85513e-07 6.57721e-07 0.00111229 0 0 0 
-1.42304 1.92779 5345 -0.0951266 0.12885 200 31.4816 -13 1 1 0 1 -4.84342e-07 6.56134e-07 0.00110888 0 0 0 
-1.42542 1.93101 5350 -0.0951265 0.12885 200 31.5004 -13 1 1 0 1 -4.83175e-07 6.54554e-07 0.00110548 0 0 0 
-1.4278 1.93423 5355 -0.0951264 0.12885 200 31.5193 -13 1 1 0 1 -4.82013e-07 6.52979e-07 0.0011021 0 0 0 
-1.43018 1.93745 5360 -0.0951264 0.12885 200 31.5382 -13 1 1 0 1 -4.80851e-07 6.51405e-07 0.00109873 0 0 0 
-1.43256 1.94067 5365 -0.0951263 0.12885 200 31.557 -13 1 1 0 1 -4.79696e-07 6.4984e-07 0.00109537 0 0 0 
-1.43493 1.94389 5370 -0.0951262 0.12885 200 31.5759 -13 1 1 0 1 -4.78544e-07 6.48279e-07 0.00109203 0 0 0 
-1.43731 1.94711 5375 -0.0951261 0.12885 200 31.5948 -13 1 1 0 1 -4.77391e-07 6.46717e-07 0.0010887 0 0 0 
-1.43969 1.95033 5380 -0.095126 0.12885 200 31.6136 -13 1 1 0 1 -4.76248e-07 6.45168e-07 0.00108539 0 0 0 
-1.44207 1.95356 5385 -0.0951259 0.12885 200 31.6325 -13 1 1 0 1 -4.75105e-07 6.4362e-07 0.00108209 0 0 0 
-1.44445 1.95678 5390 -0.0951259 0.12885 200 31.6513 -13 1 1 0 1 -4.73964e-07 6.42074e-07 0.0010788 0 0 0 
-1.44682 1.96 5395 -0.0951258 0.12885 200 31.6702 -13 1 1 0 1 -4.7283e-07 6.40537e-07 0.00107552 0 0 0 
-1.4492 1.96322 5400 -0.0951257 0.12885 200 31.6891 -13 1 1 0 1 -4.71696e-07 6.39001e-07 0.00107226 0 0 0 
-1.45158 1.96644 5405 -0.0951256 0.12885 200 31.7079 -13 1 1 0 1 -4.70566e-07 6.37471e-07 0.00106901 0 0 0 
-1.45396 1.96966 5410 -0.0951256 0.12885 200 31.7268 -13 1 1 0 1 -4.69442e-07 6.35947e-07 0.00106578 0 0 0 
-1.45634 1.97288 5415 -0.0951255 0.12885 200 31.7457 -13 1 1 0 1 -4.68317e-07 6.34424e-07 0.00106256 0 0 0 
-1.45872 1.9761 5420 -0.0951254 0.128851 200 31.7645 -13 1 1 0 1 -4.67199e-07 6.32909e-07 0.00105935 0 0 0 
-1.46109 1.97933 5425 -0.0951253 0.128851 200 31.7834 -13 1 1 0 1 -4.66083e-07 6.31397e-07 0.00105615 0 0 0 
-1.46347 1.98255 5430 -0.0951253 0.128851 200 31.8022 -13 1 1 0 1 -4.64968e-07 6.29887e-07 0.00105296 0 0 0 
-1.46585 1.98577 5435 -0.0951252 0.128851 200 31.8211 -13 1 1 0 1 -4.63861e-07 6.28386e-07 0.0010498 0 0 0 
-1.46823 1.98899 5440 -0.0951251 0.128851 200 31.84 -13 1 1 0 1 -4.62755e-07 6.26888e-07 0.00104664 0 0 0 
-1.47061 1.99221 5445 -0.095125 0.128851 200 31.8588 -13 1 1 0 1 -4.6165e-07 6.25391e-07 0.00104349 0 0 0 
-1.47298 1.99543 5450 -0.095125 0.128851 200 31.8777 -13 1 1 0 1 -4.60552e-07 6.23904e-07 0.00104036 0 0 0 
-1.47536 1.99865 5455 -0.0951249 0.128851 200 31.8966 -13 1 1 0 1 -4.59455e-07 6.22417e-07 0.00103724 0 0 0 
-1.47774 2.00187 5460 -0.0951248 0.128851 200 31.9154 -13 1 1 0 1 -4.58361e-07 6.20935e-07 0.00103413 0 0 0 
-1.48012 2.0051 5465 -0.0951248 0.128851 200 31.9343 -13 1 1 0 1 -4.57272e-07 6.19461e-07 0.00103104 0 0 0 
-1.4825 2.00832 5470 -0.0951247 0.128851 200 31.9531 -13 1 1 0 1 -4.56184e-07 6.17986e-07 0.00102795 0 0 0 
-1.48487 2.01154 5475 -0.0951246 0.128851 200 31.972 -13 1 1 0 1 -4.55101e-07 6.16519e-07 0.00102488 0 0 0 
-1.48725 2.01476 5480 -0.0951246 0.128851 200 31.9909 -13 1 1 0 1 -4.54021e-07 6.15056e-07 0.00102182 0 0 0 
-1.48963 2.01798 5485 -0.0951245 0.128851 200 32.0097 -13 1 1 0 1 -4.52942e-07 6.13594e-07 0.00101877 0 0 0 
-1.49201 2.0212 5490 -0.0951244 0.128851 200 32.0286 -13 1 1 0 1 -4.5187e-07 6.12141e-07 0.00101574 0 0 0 
-1.49439 2.02442 5495 -0.0951244 0.128851 200 32.0475 -13 1 1 0 1 -4.50799e-07 6.1069e-07 0.00101272 0 0 0 
-1.49677 2.02764 5500 -0.0951243 0.128851 200 32.0663 -13 1 1 0 1 -4.49729e-07 6.0924e-07 0.00100971 0 0 0 
-1.49914 2.03087 5505 -0.0951243 0.128851 200 32.0852 -13 1 1 0 1 -4.48666e-07 6.07801e-07 0.00100671 0 0 0 
-1.50152 2.03409 5510 -0.0951242 0.128851 200 32.1041 -13 1 1 0 1 -4.47605e-07 6.06363e-07 0.00100372 0 0 0 
-1.5039 2.03731 5515 -0.0951241 0.128851 200 32.1229 -13 1 1 0 1 -4.46545e-07 6.04927e-07 0.00100075 0 0 0 
-1.50628 2.04053 5520 -0.0951241 0.128851 200 32.1418 -13 1 1 0 1 -4.45491e-07 6.035e-07 0.000997785 0 0 0 
-1.50866 2.04375 5525 -0.095124 0.128852 200 32.1606 -13 1 1 0 1 -4.44438e-07 6.02073e-07 0.000994832 0 0 0 
-1.51103 2.04697 5530 -0.095124 0.128852 200 32.1795 -13 1 1 0 1 -4.43389e-07 6.00651e-07 0.000991891 0 0 0 
-1.51341 2.05019 5535 -0.0951239 0.128852 200 32.1984 -13 1 1 0 1 -4.42344e-07 5.99236e-07 0.000988964 0 0 0 
-1.51579 2.05341 5540 -0.0951238 0.128852 200 32.2172 -13 1 1 0 1 -4.41299e-07 5.97821e-07 0.000986045 0 0 0 
-1.51817 2.05664 5545 -0.0951238 0.128852 200 32.2361 -13 1 1 0 1 -4.4026e-07 5.96413e-07 0.00098314 0 0 0 
-1.52055 2.05986 5550 -0.0951237 0.128852 200 32.255 -13 1 1 0 1 -4.39224e-07 5.95009e-07 0.000980247 0 0 0 
-1.52292 2.06308 5555 -0.0951237 0.128852 200 32.2738 -13 1 1 0 1 -4.38188e-07 5.93606e-07 0.000977361 0 0 0 
-1.5253 2.0663 5560 -0.0951236 0.128852 200 32.2927 -13 1 1 0 1 -4.37159e-07 5.92212e-07 0.000974492 0 0 0 
-1.52768 2.06952 5565 -0.0951236 0.128852 200 32.3115 -13 1 1 0 1 -4.36131e-07 5.90819e-07 0.000971632 0 0 0 
-1.53006 2.07274 5570 -0.0951235 0.128852 200 32.3304 -13 1 1 0 1 -4.35105e-07 5.89428e-07 0.00096878 0 0 0 
-1.53244 2.07596 5575 -0.0951235 0.128852 200 32.3493 -13 1 1 0 1 -4.34085e-07 5.88047e-07 0.000965944 0 0 0 
-1.53481 2.07919 5580 -0.0951234 0.128852 200 32.3681 -13 1 1 0 1 -4.33066e-07 5.86666e-07 0.000963117 0 0 0 
-1.53719 2.08241 5585 -0.0951234 0.128852 200 32.387 -13 1 1 0 1 -4.32049e-07 5.85289e-07 0.000960299 0 0 0 
-1.53957 2.08563 5590 -0.0951233 0.128852 200 32.4059 -13 1 1 0 1 -4.31038e-07 5.83918e-07 0.000957496 0 0 0 
-1.54195 2.08885 5595 -0.0951233 0.128852 200 32.4247 -13 1 1 0 1 -4.30026e-07 5.82549e-07 0.0009547 0 0 0 
-1.54433 2.09207 5600 -0.0951232 0.128852 200 32.4436 -13 1 1 0 1 -4.2902e-07 5.81185e-07 0.000951917 0 0 0 
-1.54671 2.09529 5605 -0.0951232 0.128852 200 32.4624 -13 1 1 0 1 -4.28017e-07 5.79826e-07 0.000949146 0 0 0 
-1.54908 2.09851 5610 -0.0951231 0.128852 200 32.4813 -13 1 1 0 1 -4.27014e-07 5.78467e-07 0.000946381 0 0 0 
-1.55146 2.10173 5615 -0.0951231 0.128852 200 32.5002 -13 1 1 0 1 -4.26017e-07 5.77117e-07 0.000943632 0 0 0 
-1.55384 2.10496 5620 -0.095123 0.128852 200 32.519 -13 1 1 0 1 -4.25022e-07 5.75769e-07 0.000940892 0 0 0 
-1.55622 2.10818 5625 -0.095123 0.128852 200 32.5379 -13 1 1 0 1 -4.24027e-07 5.74421e-07 0.000938159 0 0 0 
-1.5586 2.1114 5630 -0.0951229 0.128852 200 32.5568 -13 1 1 0 1 -4.2304e-07 5.73084e-07 0.000935442 0 0 0 
-1.56097 2.11462 5635 -0.0951229 0.128852 200 32.5756 -13 1 1 0 1 -4.22053e-07 5.71747e-07 0.000932733 0 0 0 
-1.56335 2.11784 5640 -0.0951229 0.128852 200 32.5945 -13 1 1 0 1 -4.21068e-07 5.70413e-07 0.000930033 0 0 0 
-1.56573 2.12106 5645 -0.0951228 0.128852 200 32.6133 -13 1 1 0 1 -4.20089e-07 5.69086e-07 0.000927346 0 0 0 
-1.56811 2.12428 5650 -0.0951228 0.128852 200 32.6322 -13 1 1 0 1 -4.1911e-07 5.6776e-07 0.000924668 0 0 0 
-1.57049 2.1275 5655 -0.0951227 0.128852 200 32.6511 -13 1 1 0 1 -4.18135e-07 5.66439e-07 0.000922 0 0 0 
-1.57286 2.13073 5660 -0.0951227 0.128853 200 32.6699 -13 1 1 0 1 -4.17164e-07 5.65123e-07 0.000919344 0 0 0 
-1.57524 2.13395 5665 -0.0951227 0.128853 200 32.6888 -13 1 1 0 1 -4.16193e-07 5.63808e-07 0.000916695 0 0 0 
-1.57762 2.13717 5670 -0.0951226 0.128853 200 32.7077 -13 1 1 0 1 -4.15227e-07 5.62499e-07 0.000914059 0 0 0 
-1.58 2.14039 5675 -0.0951226 0.128853 200 32.7265 -13 1 1 0 1 -4.14264e-07 5.61194e-07 0.000911432 0 0 0 
-1.58238 2.14361 5680 -0.0951225 0.128853 200 32.7454 -13 1 1 0 1 -4.13301e-07 5.5989e-07 0.000908813 0 0 0 
-1.58475 2.14683 5685 -0.0951225 0.128853 200 32.7642 -13 1 1 0 1 -4.12344e-07 5.58594e-07 0.000906208 0 0 0 
-1.58713 2.15005 5690 -0.0951225 0.128853 200 32.7831 -13 1 1 0 1 -4.11389e-07 5.573e-07 0.000903611 0 0 0 
-1.58951 2.15328 5695 -0.0951224 0.128853 200 32.802 -13 1 1 0 1 -4.10435e-07 5.56007e-07 0.000901022 0 0 0 
-1.59189 2.1565 5700 -0.0951224 0.128853 200 32.8208 -13 1 1 0 1 -4.09487e-07 5.54722e-07 0.000898447 0 0 0 
-1.59427 2.15972 5705 -0.0951223 0.128853 200 32.8397 -13 1 1 0 1 -4.08539e-07 5.53439e-07 0.000895879 0 0 0 
-1.59664 2.16294 5710 -0.0951223 0.128853 200 32.8586 -13 1 1 0 1 -4.07594e-07 5.52158e-07 0.000893321 0 0 0 
-1.59902 2.16616 5715 -0.0951223 0.128853 200 32.8774 -13 1 1 0 1 -4.06653e-07 5.50884e-07 0.000890774 0 0 0 
-1.6014 2.16938 5720 -0.0951222 0.128853 200 32.8963 -13 1 1 0 1 -4.05713e-07 5.49611e-07 0.000888235 0 0 0 
-1.60378 2.1726 5725 -0.0951222 0.128853 200 32.9151 -13 1 1 0 1 -4.04777e-07 5.48343e-07 0.000885706 0 0 0 
-1.60616 2.17582 5730 -0.0951222 0.128853 200 32.934 -13 1 1 0 1 -4.03845e-07 5.47079e-07 0.000883188 0 0 0 
-1.60853 2.17905 5735 -0.0951221 0.128853 200 32.9529 -13 1 1 0 1 -4.02912e-07 5.45816e-07 0.000880676 0 0 0 
-1.61091 2.18227 5740 -0.0951221 0.128853 200 32.9717 -13 1 1 0 1 -4.01985e-07 5.4456e-07 0.000878178 0 0 0 
-1.61329 2.18549 5745 -0.0951221 0.128853 200 32.9906 -13 1 1 0 1 -4.0106e-07 5.43307e-07 0.000875687 0 0 0 
-1.61567 2.18871 5750 -0.095122 0.128853 200 33.0095 -13 1 1 0 1 -4.00135e-07 5.42054e-07 0.000873203 0 0 0 
-1.61805 2.19193 5755 -0.095122 0.128853 200 33.0283 -13 1 1 0 1 -3.99217e-07 5.4081e-07 0.000870734 0 0 0 
-1.62043 2.19515 5760 -0.095122 0.128853 200 33.0472 -13 1 1 0 1 -3.983e-07 5.39567e-07 0.000868271 0 0 0 
-1.6228 2.19837 5765 -0.095122 0.128853 200 33.066 -13 1 1 0 1 -3.97384e-07 5.38326e-07 0.000865816 0 0 0 
-1.62518 2.20159 5770 -0.0951219 0.128853 200 33.0849 -13 1 1 0 1 -3.96473e-07 5.37093e-07 0.000863374 0 0 0 
-1.62756 2.20482 5775 -0.0951219 0.128853 200 33.1038 -13 1 1 0 1 -3.95563e-07 5.3586e-07 0.000860938 0 0 0 
-1.62994 2.20804 5780 -0.0951219 0.128853 200 33.1226 -13 1 1 0 1 -3.94656e-07 5.34631e-07 0.000858512 0 0 0 
-1.63232 2.21126 5785 -0.0951218 0.128853 200 33.1415 -13 1 1 0 1 -3.93752e-07 5.33407e-07 0.000856097 0 0 0 
-1.63469 2.21448 5790 -0.0951218 0.128853 200 33.1604 -13 1 1 0 1 -3.92849e-07 5.32184e-07 0.000853687 0 0 0 
-1.63707 2.2177 5795 -0.0951218 0.128853 200 33.1792 -13 1 1 0 1 -3.91951e-07 5.30967e-07 0.000851289 0 0 0 
-1.63945 2.22092 5800 -0.0951218 0.128853 200 33.1981 -13 1 1 0 1 -3.91055e-07 5.29753e-07 0.0008489 0 0 0 
-1.64183 2.22414 5805 -0.0951217 0.128853 200 33.2169 -13 1 1 0 1 -3.90159e-07 5.2854e-07 0.000846517 0 0 0 
-1.64421 2.22737 5810 -0.0951217 0.128853 200 33.2358 -13 1 1 0 1 -3.8927e-07 5.27334e-07 0.000844147 0 0 0 
-1.64658 2.23059 5815 -0.0951217 0.128853 200 33.2547 -13 1 1 0 1 -3.88381e-07 5.2613e-07 0.000841784 0 0 0 
-1.64896 2.23381 5820 -0.0951217 0.128853 200 33.2735 -13 1 1 0 1 -3.87493e-07 5.24928e-07 0.000839428 0 0 0 
-1.65134 2.23703 5825 -0.0951216 0.128853 200 33.2924 -13 1 1 0 1 -3.86611e-07 5.23733e-07 0.000837085 0 0 0 
-1.65372 2.24025 5830 -0.0951216 0.128853 200 33.3113 -13 1 1 0 1 -3.8573e-07 5.22538e-07 0.000834747 0 0 0 
-1.6561 2.24347 5835 -0.0951216 0.128853 200 33.3301 -13 1 1 0 1 -3.8485e-07 5.21347e-07 0.000832418 0 0 0 
-1.65847 2.24669 5840 -0.0951216 0.128853 200 33.349 -13 1 1 0 1 -3.83975e-07 5.20162e-07 0.0008301 0 0 0 
-1.66085 2.24991 5845 -0.0951216 0.128853 200 33.3678 -13 1 1 0 1 -3.83101e-07 5.18977e-07 0.000827788 0 0 0 
-1.66323 2.25314 5850 -0.0951215 0.128853 200 33.3867 -13 1 1 0 1 -3.8223e-07 5.17798e-07 0.000825486 0 0 0 
-1.66561 2.25636 5855 -0.0951215 0.128853 200 33.4056 -13 1 1 0 1 -3.81362e-07 5.16622e-07 0.000823193 0 0 0 
-1.66799 2.25958 5860 -0.0951215 0.128853 200 33.4244 -13 1 1 0 1 -3.80495e-07 5.15447e-07 0.000820906 0 0 0 
-1.67036 2.2628 5865 -0.0951215 0.128853 200 33.4433 -13 1 1 0 1 -3.79632e-07 5.14278e-07 0.00081863 0 0 0 
-1.67274 2.26602 5870 -0.0951215 0.128853 200 33.4622 -13 1 1 0 1 -3.78771e-07 5.13112e-07 0.000816362 0 0 0 
-1.67512 2.26924 5875 -0.0951214 0.128853 200 33.481 -13 1 1 0 1 -3.77911e-07 5.11946e-07 0.000814099 0 0 0 
-1.6775 2.27246 5880 -0.0951214 0.128853 200 33.4999 -13 1 1 0 1 -3.77057e-07 5.10789e-07 0.00081185 0 0 0 
-1.67988 2.27569 5885 -0.0951214 0.128853 200 33.5187 -13 1 1 0 1 -3.76203e-07 5.09632e-07 0.000809606 0 0 0 
-1.68225 2.27891 5890 -0.0951214 0.128853 200 33.5376 -13 1 1 0 1 -3.7535e-07 5.08477e-07 0.000807369 0 0 0 
-1.68463 2.28213 5895 -0.0951214 0.128853 200 33.5565 -13 1 1 0 1 -3.74503e-07 5.07329e-07 0.000805144 0 0 0 
-1.68701 2.28535 5900 -0.0951213 0.128854 200 33.5753 -13 1 1 0 1 -3.73656e-07 5.06182e-07 0.000802924 0 0 0 
-1.68939 2.28857 5905 -0.0951213 0.128854 200 33.5942 -13 1 1 0 1 -3.72811e-07 5.05038e-07 0.000800713 0 0 0 
-1.69177 2.29179 5910 -0.0951213 0.128854 200 33.6131 -13 1 1 0 1 -3.71971e-07 5.03899e-07 0.000798511 0 0 0 
-1.69414 2.29501 5915 -0.0951213 0.128854 200 33.6319 -13 1 1 0 1 -3.7113e-07 5.02761e-07 0.000796315 0 0 0 
-1.69652 2.29823 5920 -0.0951213 0.128854 200 33.6508 -13 1 1 0 1 -3.70294e-07 5.01628e-07 0.000794129 0 0 0 
-1.6989 2.30146 5925 -0.0951213 0.128854 200 33.6696 -13 1 1 0 1 -3.6946e-07 5.00498e-07 0.000791951 0 0 0 
-1.70128 2.30468 5930 -0.0951213 0.128854 200 33.6885 -13 1 1 0 1 -3.68627e-07 4.99369e-07 0.000789778 0 0 0 
-1.70366 2.3079 5935 -0.0951212 0.128854 200 33.7074 -13 1 1 0 1 -3.67798e-07 4.98247e-07 0.000787617 0 0 0 
-1.70603 2.31112 5940 -0.0951212 0.128854 200 33.7262 -13 1 1 0 1 -3.66971e-07 4.97126e-07 0.000785462 0 0 0 
-1.70841 2.31434 5945 -0.0951212 0.128854 200 33.7451 -13 1 1 0 1 -3.66145e-07 4.96007e-07 0.000783313 0 0 0 
-1.71079 2.31756 5950 -0.0951212 0.128854 200 33.764 -13 1 1 0 1 -3.65324e-07 4.94894e-07 0.000781176 0 0 0 
-1.71317 2.32078 5955 -0.0951212 0.128854 200 33.7828 -13 1 1 0 1 -3.64503e-07 4.93782e-07 0.000779044 0 0 0 
-1.71555 2.32401 5960 -0.0951212 0.128854 200 33.8017 -13 1 1 0 1 -3.63684e-07 4.92674e-07 0.000776919 0 0 0 
-1.71792 2.32723 5965 -0.0951212 0.128854 200 33.8205 -13 1 1 0 1 -3.6287e-07 4.9157e-07 0.000774805 0 0 0 
-1.7203 2.33045 5970 -0.0951212 0.128854 200 33.8394 -13 1 1 0 1 -3.62056e-07 4.90467e-07 0.000772695 0 0 0 
-1.72268 2.33367 5975 -0.0951211 0.128854 200 33.8583 -13 1 1 0 1 -3.61245e-07 4.89369e-07 0.000770595 0 0 0 
-1.72506 2.33689 5980 -0.0951211 0.128854 200 33.8771 -13 1 1 0 1 -3.60437e-07 4.88274e-07 0.000768502 0 0 0 
-1.72744 2.34011 5985 -0.0951211 0.128854 200 33.896 -13 1 1 0 1 -3.59629e-07 4.8718e-07 0.000766415 0 0 0 
-1.72981 2.34333 5990 -0.0951211 0.128854 200 33.9149 -13 1 1 0 1 -3.58826e-07 4.86092e-07 0.000764338 0 0 0 
-1.73219 2.34656 5995 -0.0951211 0.128854 200 33.9337 -13 1 1 0 1 -3.58024e-07 4.85006e-07 0.000762268 0 0 0 
-1.73457 2.34978 6000 -0.0951211 0.128854 200 33.9526 -13 1 1 0 1 -3.57223e-07 4.83921e-07 0.000760202 0 0 0 
-1.73695 2.353 6005 -0.0951211 0.128854 200 33.9714 -13 1 1 0 1 -3.56428e-07 4.82843e-07 0.000758149 0 0 0 
-1.73933 2.35622 6010 -0.0951211 0.128854 200 33.9903 -13 1 1 0 1 -3.55632e-07 4.81766e-07 0.0007561 0 0 0 
-1.7417 2.35944 6015 -0.0951211 0.128854 200 34.0092 -13 1 1 0 1 -3.54839e-07 4.8069e-07 0.000754058 0 0 0 
-1.74408 2.36266 6020 -0.0951211 0.128854 200 34.028 -13 1 1 0 1 -3.54049e-07 4.79621e-07 0.000752026 0 0 0 
-1.74646 2.36588 6025 -0.0951211 0.128854 200 34.0469 -13 1 1 0 1 -3.5326e-07 4.78552e-07 0.000749999 0 0 0 
-1.74884 2.3691 6030 -0.095121 0.128854 200 34.0658 -13 1 1 0 1 -3.52474e-07 4.77487e-07 0.000747979 0 0 0 
-1.75122 2.37233 6035 -0.095121 0.128854 200 34.0846 -13 1 1 0 1 -3.51691e-07 4.76426e-07 0.000745969 0 0 0 
-1.7536 2.37555 6040 -0.095121 0.128854 200 34.1035 -13 1 1 0 1 -3.50909e-07 4.75366e-07 0.000743963 0 0 0 
-1.75597 2.37877 6045 -0.095121 0.128854 200 34.1223 -13 1 1 0 1 -3.5013e-07 4.74311e-07 0.000741966 0 0 0 
-1.75835 2.38199 6050 -0.095121 0.128854 200 34.1412 -13 1 1 0 1 -3.49353e-07 4.73259e-07 0.000739976 0 0 0 
-1.76073 2.38521 6055 -0.095121 0.128854 200 34.1601 -13 1 1 0 1 -3.48576e-07 4.72207e-07 0.000737991 0 0 0 
-1.76311 2.38843 6060 -0.095121 0.128854 200 34.1789 -13 1 1 0 1 -3.47805e-07 4.71161e-07 0.000736016 0 0 0 
-1.76549 2.39165 6065 -0.095121 0.128854 200 34.1978 -13 1 1 0 1 -3.47034e-07 4.70117e-07 0.000734047 0 0 0 
-1.76786 2.39488 6070 -0.095121 0.128854 200 34.2167 -13 1 1 0 1 -3.46264e-07 4.69075e-07 0.000732083 0 0 0 
-1.77024 2.3981 6075 -0.095121 0.128854 200 34.2355 -13 1 1 0 1 -3.45499e-07 4.68038e-07 0.00073013 0 0 0 
-1.77262 2.40132 6080 -0.095121 0.128854 200 34.2544 -13 1 1 0 1 -3.44735e-07 4.67003e-07 0.000728181 0 0 0 
-1.775 2.40454 6085 -0.095121 0.128854 200 34.2732 -13 1 1 0 1 -3.43972e-07 4.6597e-07 0.000726239 0 0 0 
-1.77738 2.40776 6090 -0.095121 0.128854 200 34.2921 -13 1 1 0 1 -3.43213e-07 4.64941e-07 0.000724306 0 0 0 
-1.77975 2.41098 6095 -0.095121 0.128854 200 34.311 -13 1 1 0 1 -3.42455e-07 4.63914e-07 0.000722377 0 0 0 
-1.78213 2.4142 6100 -0.095121 0.128854 200 34.3298 -13 1 1 0 1 -3.41699e-07 4.6289e-07 0.000720457 0 0 0 
-1.78451 2.41742 6105 -0.095121 0.128854 200 34.3487 -13 1 1 0 1 -3.40946e-07 4.6187e-07 0.000718544 0 0 0 
-1.78689 2.42065 6110 -0.095121 0.128854 200 34.3676 -13 1 1 0 1 -3.40194e-07 4.60851e-07 0.000716635 0 0 0 
-1.78721 2.42108 6110.68 -0.095121 0.128854 200 34.3701 -13 1 1 0 1 -3.40092e-07 4.60713e-07 0.000716377 0 0 0 

# End of Event 1

